fight_link,date,location,win_loss_1,name_1,stage_name_1,win_loss_2,name_2,stage_name_2,division,method,round,time,time_format,referee,details,kd_1,kd_2,sig_str_1,sig_str_2,sig_str_perc_1,sig_str_perc_2,total_str_1,total_str_2,td_1,td_2,td_pct_1,td_pct_2,sub_att_1,sub_att_2,rev_1,rev_2,ctrl_1,ctrl_2,r1_kd_1,r1_kd_2,r1_sig_str_1,r1_sig_str_2,r1_sig_str_perc_1,r1_sig_str_perc_2,r1_total_str_1,r1_total_str_2,r1_td_1,r1_td_2,r1_td_pct_1,r1_td_pct_2,r1_sub_att_1,r1_sub_att_2,r1_rev_1,r1_rev_2,r1_ctrl_1,r1_ctrl_2,r2_kd_1,r2_kd_2,r2_sig_str_1,r2_sig_str_2,r2_sig_str_perc_1,r2_sig_str_perc_2,r2_total_str_1,r2_total_str_2,r2_td_1,r2_td_2,r2_td_pct_1,r2_td_pct_2,r2_sub_att_1,r2_sub_att_2,r2_rev_1,r2_rev_2,r2_ctrl_1,r2_ctrl_2,r3_kd_1,r3_kd_2,r3_sig_str_1,r3_sig_str_2,r3_sig_str_perc_1,r3_sig_str_perc_2,r3_total_str_1,r3_total_str_2,r3_td_1,r3_td_2,r3_td_pct_1,r3_td_pct_2,r3_sub_att_1,r3_sub_att_2,r3_rev_1,r3_rev_2,r3_ctrl_1,r3_ctrl_2,r4_kd_1,r4_kd_2,r4_sig_str_1,r4_sig_str_2,r4_sig_str_perc_1,r4_sig_str_perc_2,r4_total_str_1,r4_total_str_2,r4_td_1,r4_td_2,r4_td_pct_1,r4_td_pct_2,r4_sub_att_1,r4_sub_att_2,r4_rev_1,r4_rev_2,r4_ctrl_1,r4_ctrl_2,round_1_kd_1,round_1_kd_2,round_1_sig_str_1,round_1_sig_str_2,round_1_sig_str_pct_1,round_1_sig_str_pct_2,round_1_total_str_1,round_1_total_str_2,round_1_td_1,round_1_td_2,round_1_td_pct_1,round_1_td_pct_2,round_1_sub_att_1,round_1_sub_att_2,round_1_rev_1,round_1_rev_2,round_1_ctrl_1,round_1_ctrl_2,round_2_kd_1,round_2_kd_2,round_2_sig_str_1,round_2_sig_str_2,round_2_sig_str_pct_1,round_2_sig_str_pct_2,round_2_total_str_1,round_2_total_str_2,round_2_td_1,round_2_td_2,round_2_td_pct_1,round_2_td_pct_2,round_2_sub_att_1,round_2_sub_att_2,round_2_rev_1,round_2_rev_2,round_2_ctrl_1,round_2_ctrl_2,round_3_kd_1,round_3_kd_2,round_3_sig_str_1,round_3_sig_str_2,round_3_sig_str_pct_1,round_3_sig_str_pct_2,round_3_total_str_1,round_3_total_str_2,round_3_td_1,round_3_td_2,round_3_td_pct_1,round_3_td_pct_2,round_3_sub_att_1,round_3_sub_att_2,round_3_rev_1,round_3_rev_2,round_3_ctrl_1,round_3_ctrl_2,round_4_kd_1,round_4_kd_2,round_4_sig_str_1,round_4_sig_str_2,round_4_sig_str_pct_1,round_4_sig_str_pct_2,round_4_total_str_1,round_4_total_str_2,round_4_td_1,round_4_td_2,round_4_td_pct_1,round_4_td_pct_2,round_4_sub_att_1,round_4_sub_att_2,round_4_rev_1,round_4_rev_2,round_4_ctrl_1,round_4_ctrl_2,round_5_kd_1,round_5_kd_2,round_5_sig_str_1,round_5_sig_str_2,round_5_sig_str_pct_1,round_5_sig_str_pct_2,round_5_total_str_1,round_5_total_str_2,round_5_td_1,round_5_td_2,round_5_td_pct_1,round_5_td_pct_2,round_5_sub_att_1,round_5_sub_att_2,round_5_rev_1,round_5_rev_2,round_5_ctrl_1,round_5_ctrl_2,sig_str_head_1,sig_str_head_2,sig_str_body_1,sig_str_body_2,sig_str_leg_1,sig_str_leg_2,sig_str_dist_1,sig_str_dist_2,sig_str_clinch_1,sig_str_clinch_2,sig_str_ground_1,sig_str_ground_2,round_1,round_2,round_3,round_4,round_5,r5_kd_1,r5_kd_2,r5_sig_str_1,r5_sig_str_2,r5_sig_str_perc_1,r5_sig_str_perc_2,r5_total_str_1,r5_total_str_2,r5_td_1,r5_td_2,r5_td_pct_1,r5_td_pct_2,r5_sub_att_1,r5_sub_att_2,r5_rev_1,r5_rev_2,r5_ctrl_1,r5_ctrl_2
http://ufcstats.com/fight-details/ed5b6681ab4e83e5,"October 05, 2024","Salt Lake City, Utah, USA",W,Cesar Almeida,"""Cesinha""",L,Ihor Potieria,"""Duelist""",Middleweight Bout,Decision - Unanimous,,,,,Steve Faragher 27 - 30. Chris Lee 27 - 30. Dan Furse 27 - 30.,,,,,0,0,57 of 113,44 of 89,50%,49%,78 of 137,57 of 102,0 of 2,3 of 8,0%,37%,1,0,,,,,,,,,,,,,,,,,,,,,,,0,0,23 of 41,16 of 32,56%,50%,24 of 42,17 of 33,0 of 1,1 of 4,0%,25%,0,0,,,,,0,0,22 of 36,10 of 17,61%,58%,37 of 54,13 of 20,0 of 0,2 of 3,---,66%,1,0,,,,,0,0,12 of 36,18 of 40,33%,45%,17 of 41,27 of 49,0 of 1,0 of 1,0%,0%,0,0,,,,,,,,,,,,,,,,,,,,,,,,,,,,,,,,,,,,,,,,,,,,,,,,,,,,,,,,,,,,,,,,,,,,,,,,,,,,,,,,,,,,,,,,,,,0,0,57 of 113,44 of 89,50%,49%,78 of 137,57 of 102,0 of 2,3 of 8,0%,37%,"{'round_1_sig_str_head_1': '', 'round_1_sig_str_head_2': '', 'round_1_sig_str_body_1': '', 'round_1_sig_str_body_2': '', 'round_1_sig_str_leg_1': '23 of 41', 'round_1_sig_str_leg_2': '16 of 32', 'round_1_sig_str_dist_1': '56%', 'round_1_sig_str_dist_2': '50%', 'round_1_sig_str_clinch_1': '6 of 16', 'round_1_sig_str_clinch_2': '6 of 21', 'round_1_sig_str_ground_1': '7 of 14', 'round_1_sig_str_ground_2': '5 of 6'}","{'round_2_sig_str_head_1': '', 'round_2_sig_str_head_2': '', 'round_2_sig_str_body_1': '', 'round_2_sig_str_body_2': '', 'round_2_sig_str_leg_1': '23 of 41', 'round_2_sig_str_leg_2': '16 of 32', 'round_2_sig_str_dist_1': '56%', 'round_2_sig_str_dist_2': '50%', 'round_2_sig_str_clinch_1': '6 of 16', 'round_2_sig_str_clinch_2': '6 of 21', 'round_2_sig_str_ground_1': '7 of 14', 'round_2_sig_str_ground_2': '5 of 6'}","{'round_3_sig_str_head_1': '', 'round_3_sig_str_head_2': '', 'round_3_sig_str_body_1': '', 'round_3_sig_str_body_2': '', 'round_3_sig_str_leg_1': '23 of 41', 'round_3_sig_str_leg_2': '16 of 32', 'round_3_sig_str_dist_1': '56%', 'round_3_sig_str_dist_2': '50%', 'round_3_sig_str_clinch_1': '6 of 16', 'round_3_sig_str_clinch_2': '6 of 21', 'round_3_sig_str_ground_1': '7 of 14', 'round_3_sig_str_ground_2': '5 of 6'}","{'round_4_sig_str_head_1': '', 'round_4_sig_str_head_2': '', 'round_4_sig_str_body_1': '', 'round_4_sig_str_body_2': '', 'round_4_sig_str_leg_1': '23 of 41', 'round_4_sig_str_leg_2': '16 of 32', 'round_4_sig_str_dist_1': '56%', 'round_4_sig_str_dist_2': '50%', 'round_4_sig_str_clinch_1': '6 of 16', 'round_4_sig_str_clinch_2': '6 of 21', 'round_4_sig_str_ground_1': '7 of 14', 'round_4_sig_str_ground_2': '5 of 6'}","{'round_5_sig_str_head_1': '', 'round_5_sig_str_head_2': '', 'round_5_sig_str_body_1': '', 'round_5_sig_str_body_2': '', 'round_5_sig_str_leg_1': '23 of 41', 'round_5_sig_str_leg_2': '16 of 32', 'round_5_sig_str_dist_1': '56%', 'round_5_sig_str_dist_2': '50%', 'round_5_sig_str_clinch_1': '6 of 16', 'round_5_sig_str_clinch_2': '6 of 21', 'round_5_sig_str_ground_1': '7 of 14', 'round_5_sig_str_ground_2': '5 of 6'}",,,,,,,,,,,,,,,,,,
http://ufcstats.com/fight-details/58e5fc1914c4e641,"October 05, 2024","Salt Lake City, Utah, USA",L,Carla Esparza,"""Cookie Monster""",W,Tecia Pennington,"""Tiny Tornado""",Women's Strawweight Bout,Decision - Unanimous,,,,,Sal D'amato 28 - 29. Steve Faragher 28 - 29. Dan Furse 27 - 30.,,,,,0,0,39 of 123,80 of 150,31%,53%,116 of 215,94 of 166,4 of 7,0 of 0,57%,---,0,0,,,,,,,,,,,,,,,,,,,,,,,0,0,6 of 26,13 of 38,23%,34%,77 of 105,19 of 44,1 of 3,0 of 0,33%,---,0,0,,,,,0,0,12 of 43,31 of 55,27%,56%,17 of 51,32 of 56,2 of 3,0 of 0,66%,---,0,0,,,,,0,0,21 of 54,36 of 57,38%,63%,22 of 59,43 of 66,1 of 1,0 of 0,100%,---,0,0,,,,,,,,,,,,,,,,,,,,,,,,,,,,,,,,,,,,,,,,,,,,,,,,,,,,,,,,,,,,,,,,,,,,,,,,,,,,,,,,,,,,,,,,,,,0,0,39 of 123,80 of 150,31%,53%,116 of 215,94 of 166,4 of 7,0 of 0,57%,---,"{'round_1_sig_str_head_1': '', 'round_1_sig_str_head_2': '', 'round_1_sig_str_body_1': '', 'round_1_sig_str_body_2': '', 'round_1_sig_str_leg_1': '6 of 26', 'round_1_sig_str_leg_2': '13 of 38', 'round_1_sig_str_dist_1': '23%', 'round_1_sig_str_dist_2': '34%', 'round_1_sig_str_clinch_1': '4 of 24', 'round_1_sig_str_clinch_2': '8 of 32', 'round_1_sig_str_ground_1': '2 of 2', 'round_1_sig_str_ground_2': '3 of 3'}","{'round_2_sig_str_head_1': '', 'round_2_sig_str_head_2': '', 'round_2_sig_str_body_1': '', 'round_2_sig_str_body_2': '', 'round_2_sig_str_leg_1': '6 of 26', 'round_2_sig_str_leg_2': '13 of 38', 'round_2_sig_str_dist_1': '23%', 'round_2_sig_str_dist_2': '34%', 'round_2_sig_str_clinch_1': '4 of 24', 'round_2_sig_str_clinch_2': '8 of 32', 'round_2_sig_str_ground_1': '2 of 2', 'round_2_sig_str_ground_2': '3 of 3'}","{'round_3_sig_str_head_1': '', 'round_3_sig_str_head_2': '', 'round_3_sig_str_body_1': '', 'round_3_sig_str_body_2': '', 'round_3_sig_str_leg_1': '6 of 26', 'round_3_sig_str_leg_2': '13 of 38', 'round_3_sig_str_dist_1': '23%', 'round_3_sig_str_dist_2': '34%', 'round_3_sig_str_clinch_1': '4 of 24', 'round_3_sig_str_clinch_2': '8 of 32', 'round_3_sig_str_ground_1': '2 of 2', 'round_3_sig_str_ground_2': '3 of 3'}","{'round_4_sig_str_head_1': '', 'round_4_sig_str_head_2': '', 'round_4_sig_str_body_1': '', 'round_4_sig_str_body_2': '', 'round_4_sig_str_leg_1': '6 of 26', 'round_4_sig_str_leg_2': '13 of 38', 'round_4_sig_str_dist_1': '23%', 'round_4_sig_str_dist_2': '34%', 'round_4_sig_str_clinch_1': '4 of 24', 'round_4_sig_str_clinch_2': '8 of 32', 'round_4_sig_str_ground_1': '2 of 2', 'round_4_sig_str_ground_2': '3 of 3'}","{'round_5_sig_str_head_1': '', 'round_5_sig_str_head_2': '', 'round_5_sig_str_body_1': '', 'round_5_sig_str_body_2': '', 'round_5_sig_str_leg_1': '6 of 26', 'round_5_sig_str_leg_2': '13 of 38', 'round_5_sig_str_dist_1': '23%', 'round_5_sig_str_dist_2': '34%', 'round_5_sig_str_clinch_1': '4 of 24', 'round_5_sig_str_clinch_2': '8 of 32', 'round_5_sig_str_ground_1': '2 of 2', 'round_5_sig_str_ground_2': '3 of 3'}",,,,,,,,,,,,,,,,,,
http://ufcstats.com/fight-details/84b3577229880760,"October 05, 2024","Salt Lake City, Utah, USA",W,Court McGee,"""The Crusher""",L,Tim Means,"""The Dirty Bird""",Welterweight Bout,Submission,,,,,Rear Naked Choke,,,,,0,0,14 of 24,5 of 13,58%,38%,19 of 35,12 of 20,1 of 1,0 of 0,100%,---,1,0,,,,,,,,,,,,,,,,,,,,,,,0,0,14 of 24,5 of 13,58%,38%,19 of 35,12 of 20,1 of 1,0 of 0,100%,---,1,0,,,,,,,,,,,,,,,,,,,,,,,,,,,,,,,,,,,,,,,,,,,,,,,,,,,,,,,,,,,,,,,,,,,,,,,,,,,,,,,,,,,,,,,,,,,,,,,,,,,,,,,,,,,,,,,,,,,,,,,,,,,,,,,0,0,14 of 24,5 of 13,58%,38%,19 of 35,12 of 20,1 of 1,0 of 0,100%,---,"{'round_1_sig_str_head_1': '', 'round_1_sig_str_head_2': '', 'round_1_sig_str_body_1': '', 'round_1_sig_str_body_2': '', 'round_1_sig_str_leg_1': '14 of 24', 'round_1_sig_str_leg_2': '5 of 13', 'round_1_sig_str_dist_1': '58%', 'round_1_sig_str_dist_2': '38%', 'round_1_sig_str_clinch_1': '9 of 18', 'round_1_sig_str_clinch_2': '2 of 9', 'round_1_sig_str_ground_1': '3 of 4', 'round_1_sig_str_ground_2': '2 of 3'}","{'round_2_sig_str_head_1': '', 'round_2_sig_str_head_2': '', 'round_2_sig_str_body_1': '', 'round_2_sig_str_body_2': '', 'round_2_sig_str_leg_1': '14 of 24', 'round_2_sig_str_leg_2': '5 of 13', 'round_2_sig_str_dist_1': '58%', 'round_2_sig_str_dist_2': '38%', 'round_2_sig_str_clinch_1': '9 of 18', 'round_2_sig_str_clinch_2': '2 of 9', 'round_2_sig_str_ground_1': '3 of 4', 'round_2_sig_str_ground_2': '2 of 3'}","{'round_3_sig_str_head_1': '', 'round_3_sig_str_head_2': '', 'round_3_sig_str_body_1': '', 'round_3_sig_str_body_2': '', 'round_3_sig_str_leg_1': '14 of 24', 'round_3_sig_str_leg_2': '5 of 13', 'round_3_sig_str_dist_1': '58%', 'round_3_sig_str_dist_2': '38%', 'round_3_sig_str_clinch_1': '9 of 18', 'round_3_sig_str_clinch_2': '2 of 9', 'round_3_sig_str_ground_1': '3 of 4', 'round_3_sig_str_ground_2': '2 of 3'}","{'round_4_sig_str_head_1': '', 'round_4_sig_str_head_2': '', 'round_4_sig_str_body_1': '', 'round_4_sig_str_body_2': '', 'round_4_sig_str_leg_1': '14 of 24', 'round_4_sig_str_leg_2': '5 of 13', 'round_4_sig_str_dist_1': '58%', 'round_4_sig_str_dist_2': '38%', 'round_4_sig_str_clinch_1': '9 of 18', 'round_4_sig_str_clinch_2': '2 of 9', 'round_4_sig_str_ground_1': '3 of 4', 'round_4_sig_str_ground_2': '2 of 3'}","{'round_5_sig_str_head_1': '', 'round_5_sig_str_head_2': '', 'round_5_sig_str_body_1': '', 'round_5_sig_str_body_2': '', 'round_5_sig_str_leg_1': '14 of 24', 'round_5_sig_str_leg_2': '5 of 13', 'round_5_sig_str_dist_1': '58%', 'round_5_sig_str_dist_2': '38%', 'round_5_sig_str_clinch_1': '9 of 18', 'round_5_sig_str_clinch_2': '2 of 9', 'round_5_sig_str_ground_1': '3 of 4', 'round_5_sig_str_ground_2': '2 of 3'}",,,,,,,,,,,,,,,,,,
http://ufcstats.com/fight-details/b23554da35a84fbc,"October 12, 2024","Las Vegas, Nevada, USA",L,Dan Argueta,"""The Determined""",W,Cody Haddon,,Bantamweight Bout,Decision - Unanimous,,,,,Mike Bell 27 - 30. Chris Lee 27 - 30. Tony Weeks 27 - 30.,,,,,0,0,54 of 140,140 of 280,38%,50%,65 of 151,148 of 288,4 of 24,2 of 4,16%,50%,1,0,,,,,,,,,,,,,,,,,,,,,,,0,0,16 of 43,45 of 95,37%,47%,18 of 45,46 of 96,1 of 9,0 of 0,11%,---,1,0,,,,,0,0,11 of 33,31 of 64,33%,48%,20 of 42,37 of 70,2 of 7,1 of 3,28%,33%,0,0,,,,,0,0,27 of 64,64 of 121,42%,52%,27 of 64,65 of 122,1 of 8,1 of 1,12%,100%,0,0,,,,,,,,,,,,,,,,,,,,,,,,,,,,,,,,,,,,,,,,,,,,,,,,,,,,,,,,,,,,,,,,,,,,,,,,,,,,,,,,,,,,,,,,,,,0,0,54 of 140,140 of 280,38%,50%,65 of 151,148 of 288,4 of 24,2 of 4,16%,50%,"{'round_1_sig_str_head_1': '', 'round_1_sig_str_head_2': '', 'round_1_sig_str_body_1': '', 'round_1_sig_str_body_2': '', 'round_1_sig_str_leg_1': '16 of 43', 'round_1_sig_str_leg_2': '45 of 95', 'round_1_sig_str_dist_1': '37%', 'round_1_sig_str_dist_2': '47%', 'round_1_sig_str_clinch_1': '10 of 35', 'round_1_sig_str_clinch_2': '35 of 82', 'round_1_sig_str_ground_1': '5 of 7', 'round_1_sig_str_ground_2': '9 of 12'}","{'round_2_sig_str_head_1': '', 'round_2_sig_str_head_2': '', 'round_2_sig_str_body_1': '', 'round_2_sig_str_body_2': '', 'round_2_sig_str_leg_1': '16 of 43', 'round_2_sig_str_leg_2': '45 of 95', 'round_2_sig_str_dist_1': '37%', 'round_2_sig_str_dist_2': '47%', 'round_2_sig_str_clinch_1': '10 of 35', 'round_2_sig_str_clinch_2': '35 of 82', 'round_2_sig_str_ground_1': '5 of 7', 'round_2_sig_str_ground_2': '9 of 12'}","{'round_3_sig_str_head_1': '', 'round_3_sig_str_head_2': '', 'round_3_sig_str_body_1': '', 'round_3_sig_str_body_2': '', 'round_3_sig_str_leg_1': '16 of 43', 'round_3_sig_str_leg_2': '45 of 95', 'round_3_sig_str_dist_1': '37%', 'round_3_sig_str_dist_2': '47%', 'round_3_sig_str_clinch_1': '10 of 35', 'round_3_sig_str_clinch_2': '35 of 82', 'round_3_sig_str_ground_1': '5 of 7', 'round_3_sig_str_ground_2': '9 of 12'}","{'round_4_sig_str_head_1': '', 'round_4_sig_str_head_2': '', 'round_4_sig_str_body_1': '', 'round_4_sig_str_body_2': '', 'round_4_sig_str_leg_1': '16 of 43', 'round_4_sig_str_leg_2': '45 of 95', 'round_4_sig_str_dist_1': '37%', 'round_4_sig_str_dist_2': '47%', 'round_4_sig_str_clinch_1': '10 of 35', 'round_4_sig_str_clinch_2': '35 of 82', 'round_4_sig_str_ground_1': '5 of 7', 'round_4_sig_str_ground_2': '9 of 12'}","{'round_5_sig_str_head_1': '', 'round_5_sig_str_head_2': '', 'round_5_sig_str_body_1': '', 'round_5_sig_str_body_2': '', 'round_5_sig_str_leg_1': '16 of 43', 'round_5_sig_str_leg_2': '45 of 95', 'round_5_sig_str_dist_1': '37%', 'round_5_sig_str_dist_2': '47%', 'round_5_sig_str_clinch_1': '10 of 35', 'round_5_sig_str_clinch_2': '35 of 82', 'round_5_sig_str_ground_1': '5 of 7', 'round_5_sig_str_ground_2': '9 of 12'}",,,,,,,,,,,,,,,,,,
http://ufcstats.com/fight-details/eedc7fccf7037949,"September 28, 2024","Paris, Ile-de-France, France",L,Bolaji Oki,"""The Zulu Warrior""",W,Chris Duncan,"""The Problem""",,Submission,,,,,Guillotine Choke From Guard,,,,,0,0,28 of 50,10 of 25,56%,40%,29 of 51,12 of 29,2 of 3,0 of 1,66%,0%,0,1,,,,,,,,,,,,,,,,,,,,,,,0,0,28 of 50,10 of 25,56%,40%,29 of 51,12 of 29,2 of 3,0 of 1,66%,0%,0,1,,,,,,,,,,,,,,,,,,,,,,,,,,,,,,,,,,,,,,,,,,,,,,,,,,,,,,,,,,,,,,,,,,,,,,,,,,,,,,,,,,,,,,,,,,,,,,,,,,,,,,,,,,,,,,,,,,,,,,,,,,,,,,,0,0,28 of 50,10 of 25,56%,40%,29 of 51,12 of 29,2 of 3,0 of 1,66%,0%,"{'round_1_sig_str_head_1': '', 'round_1_sig_str_head_2': '', 'round_1_sig_str_body_1': '', 'round_1_sig_str_body_2': '', 'round_1_sig_str_leg_1': '28 of 50', 'round_1_sig_str_leg_2': '10 of 25', 'round_1_sig_str_dist_1': '56%', 'round_1_sig_str_dist_2': '40%', 'round_1_sig_str_clinch_1': '25 of 47', 'round_1_sig_str_clinch_2': '7 of 18', 'round_1_sig_str_ground_1': '3 of 3', 'round_1_sig_str_ground_2': '1 of 1'}","{'round_2_sig_str_head_1': '', 'round_2_sig_str_head_2': '', 'round_2_sig_str_body_1': '', 'round_2_sig_str_body_2': '', 'round_2_sig_str_leg_1': '28 of 50', 'round_2_sig_str_leg_2': '10 of 25', 'round_2_sig_str_dist_1': '56%', 'round_2_sig_str_dist_2': '40%', 'round_2_sig_str_clinch_1': '25 of 47', 'round_2_sig_str_clinch_2': '7 of 18', 'round_2_sig_str_ground_1': '3 of 3', 'round_2_sig_str_ground_2': '1 of 1'}","{'round_3_sig_str_head_1': '', 'round_3_sig_str_head_2': '', 'round_3_sig_str_body_1': '', 'round_3_sig_str_body_2': '', 'round_3_sig_str_leg_1': '28 of 50', 'round_3_sig_str_leg_2': '10 of 25', 'round_3_sig_str_dist_1': '56%', 'round_3_sig_str_dist_2': '40%', 'round_3_sig_str_clinch_1': '25 of 47', 'round_3_sig_str_clinch_2': '7 of 18', 'round_3_sig_str_ground_1': '3 of 3', 'round_3_sig_str_ground_2': '1 of 1'}","{'round_4_sig_str_head_1': '', 'round_4_sig_str_head_2': '', 'round_4_sig_str_body_1': '', 'round_4_sig_str_body_2': '', 'round_4_sig_str_leg_1': '28 of 50', 'round_4_sig_str_leg_2': '10 of 25', 'round_4_sig_str_dist_1': '56%', 'round_4_sig_str_dist_2': '40%', 'round_4_sig_str_clinch_1': '25 of 47', 'round_4_sig_str_clinch_2': '7 of 18', 'round_4_sig_str_ground_1': '3 of 3', 'round_4_sig_str_ground_2': '1 of 1'}","{'round_5_sig_str_head_1': '', 'round_5_sig_str_head_2': '', 'round_5_sig_str_body_1': '', 'round_5_sig_str_body_2': '', 'round_5_sig_str_leg_1': '28 of 50', 'round_5_sig_str_leg_2': '10 of 25', 'round_5_sig_str_dist_1': '56%', 'round_5_sig_str_dist_2': '40%', 'round_5_sig_str_clinch_1': '25 of 47', 'round_5_sig_str_clinch_2': '7 of 18', 'round_5_sig_str_ground_1': '3 of 3', 'round_5_sig_str_ground_2': '1 of 1'}",,,,,,,,,,,,,,,,,,
http://ufcstats.com/fight-details/3cdc6fea724be133,"September 14, 2024","Las Vegas, Nevada, USA",W,Raul Rosas Jr.,"""El Nino Problema""",L,Aoriqileng,"""The Mongolian Murderer""",Bantamweight Bout,Decision - Unanimous,,,,,Junichiro Kamijo 28 - 29. Ron McCarthy 28 - 29. Tony Weeks 28 - 29.,,,,,0,0,41 of 94,22 of 54,43%,40%,98 of 158,80 of 118,3 of 7,0 of 0,42%,---,0,0,,,,,,,,,,,,,,,,,,,,,,,0,0,11 of 22,4 of 10,50%,40%,41 of 55,18 of 25,1 of 2,0 of 0,50%,---,0,0,,,,,0,0,17 of 49,17 of 42,34%,40%,17 of 49,17 of 42,0 of 3,0 of 0,0%,---,0,0,,,,,0,0,13 of 23,1 of 2,56%,50%,40 of 54,45 of 51,2 of 2,0 of 0,100%,---,0,0,,,,,,,,,,,,,,,,,,,,,,,,,,,,,,,,,,,,,,,,,,,,,,,,,,,,,,,,,,,,,,,,,,,,,,,,,,,,,,,,,,,,,,,,,,,0,0,41 of 94,22 of 54,43%,40%,98 of 158,80 of 118,3 of 7,0 of 0,42%,---,"{'round_1_sig_str_head_1': '', 'round_1_sig_str_head_2': '', 'round_1_sig_str_body_1': '', 'round_1_sig_str_body_2': '', 'round_1_sig_str_leg_1': '11 of 22', 'round_1_sig_str_leg_2': '4 of 10', 'round_1_sig_str_dist_1': '50%', 'round_1_sig_str_dist_2': '40%', 'round_1_sig_str_clinch_1': '5 of 10', 'round_1_sig_str_clinch_2': '1 of 6', 'round_1_sig_str_ground_1': '1 of 7', 'round_1_sig_str_ground_2': '3 of 4'}","{'round_2_sig_str_head_1': '', 'round_2_sig_str_head_2': '', 'round_2_sig_str_body_1': '', 'round_2_sig_str_body_2': '', 'round_2_sig_str_leg_1': '11 of 22', 'round_2_sig_str_leg_2': '4 of 10', 'round_2_sig_str_dist_1': '50%', 'round_2_sig_str_dist_2': '40%', 'round_2_sig_str_clinch_1': '5 of 10', 'round_2_sig_str_clinch_2': '1 of 6', 'round_2_sig_str_ground_1': '1 of 7', 'round_2_sig_str_ground_2': '3 of 4'}","{'round_3_sig_str_head_1': '', 'round_3_sig_str_head_2': '', 'round_3_sig_str_body_1': '', 'round_3_sig_str_body_2': '', 'round_3_sig_str_leg_1': '11 of 22', 'round_3_sig_str_leg_2': '4 of 10', 'round_3_sig_str_dist_1': '50%', 'round_3_sig_str_dist_2': '40%', 'round_3_sig_str_clinch_1': '5 of 10', 'round_3_sig_str_clinch_2': '1 of 6', 'round_3_sig_str_ground_1': '1 of 7', 'round_3_sig_str_ground_2': '3 of 4'}","{'round_4_sig_str_head_1': '', 'round_4_sig_str_head_2': '', 'round_4_sig_str_body_1': '', 'round_4_sig_str_body_2': '', 'round_4_sig_str_leg_1': '11 of 22', 'round_4_sig_str_leg_2': '4 of 10', 'round_4_sig_str_dist_1': '50%', 'round_4_sig_str_dist_2': '40%', 'round_4_sig_str_clinch_1': '5 of 10', 'round_4_sig_str_clinch_2': '1 of 6', 'round_4_sig_str_ground_1': '1 of 7', 'round_4_sig_str_ground_2': '3 of 4'}","{'round_5_sig_str_head_1': '', 'round_5_sig_str_head_2': '', 'round_5_sig_str_body_1': '', 'round_5_sig_str_body_2': '', 'round_5_sig_str_leg_1': '11 of 22', 'round_5_sig_str_leg_2': '4 of 10', 'round_5_sig_str_dist_1': '50%', 'round_5_sig_str_dist_2': '40%', 'round_5_sig_str_clinch_1': '5 of 10', 'round_5_sig_str_clinch_2': '1 of 6', 'round_5_sig_str_ground_1': '1 of 7', 'round_5_sig_str_ground_2': '3 of 4'}",,,,,,,,,,,,,,,,,,
http://ufcstats.com/fight-details/58dec0a39cdefa3f,"October 05, 2024","Salt Lake City, Utah, USA",W,Ryan Spann,"""Superman""",L,Ovince Saint Preux,,,Submission,,,,,Guillotine Choke Standing,,,,,0,0,9 of 20,7 of 10,45%,70%,9 of 20,7 of 10,0 of 0,0 of 1,---,0%,1,0,,,,,,,,,,,,,,,,,,,,,,,0,0,9 of 20,7 of 10,45%,70%,9 of 20,7 of 10,0 of 0,0 of 1,---,0%,1,0,,,,,,,,,,,,,,,,,,,,,,,,,,,,,,,,,,,,,,,,,,,,,,,,,,,,,,,,,,,,,,,,,,,,,,,,,,,,,,,,,,,,,,,,,,,,,,,,,,,,,,,,,,,,,,,,,,,,,,,,,,,,,,,0,0,9 of 20,7 of 10,45%,70%,9 of 20,7 of 10,0 of 0,0 of 1,---,0%,"{'round_1_sig_str_head_1': '', 'round_1_sig_str_head_2': '', 'round_1_sig_str_body_1': '', 'round_1_sig_str_body_2': '', 'round_1_sig_str_leg_1': '9 of 20', 'round_1_sig_str_leg_2': '7 of 10', 'round_1_sig_str_dist_1': '45%', 'round_1_sig_str_dist_2': '70%', 'round_1_sig_str_clinch_1': '5 of 13', 'round_1_sig_str_clinch_2': '2 of 3', 'round_1_sig_str_ground_1': '2 of 5', 'round_1_sig_str_ground_2': '0 of 2'}","{'round_2_sig_str_head_1': '', 'round_2_sig_str_head_2': '', 'round_2_sig_str_body_1': '', 'round_2_sig_str_body_2': '', 'round_2_sig_str_leg_1': '9 of 20', 'round_2_sig_str_leg_2': '7 of 10', 'round_2_sig_str_dist_1': '45%', 'round_2_sig_str_dist_2': '70%', 'round_2_sig_str_clinch_1': '5 of 13', 'round_2_sig_str_clinch_2': '2 of 3', 'round_2_sig_str_ground_1': '2 of 5', 'round_2_sig_str_ground_2': '0 of 2'}","{'round_3_sig_str_head_1': '', 'round_3_sig_str_head_2': '', 'round_3_sig_str_body_1': '', 'round_3_sig_str_body_2': '', 'round_3_sig_str_leg_1': '9 of 20', 'round_3_sig_str_leg_2': '7 of 10', 'round_3_sig_str_dist_1': '45%', 'round_3_sig_str_dist_2': '70%', 'round_3_sig_str_clinch_1': '5 of 13', 'round_3_sig_str_clinch_2': '2 of 3', 'round_3_sig_str_ground_1': '2 of 5', 'round_3_sig_str_ground_2': '0 of 2'}","{'round_4_sig_str_head_1': '', 'round_4_sig_str_head_2': '', 'round_4_sig_str_body_1': '', 'round_4_sig_str_body_2': '', 'round_4_sig_str_leg_1': '9 of 20', 'round_4_sig_str_leg_2': '7 of 10', 'round_4_sig_str_dist_1': '45%', 'round_4_sig_str_dist_2': '70%', 'round_4_sig_str_clinch_1': '5 of 13', 'round_4_sig_str_clinch_2': '2 of 3', 'round_4_sig_str_ground_1': '2 of 5', 'round_4_sig_str_ground_2': '0 of 2'}","{'round_5_sig_str_head_1': '', 'round_5_sig_str_head_2': '', 'round_5_sig_str_body_1': '', 'round_5_sig_str_body_2': '', 'round_5_sig_str_leg_1': '9 of 20', 'round_5_sig_str_leg_2': '7 of 10', 'round_5_sig_str_dist_1': '45%', 'round_5_sig_str_dist_2': '70%', 'round_5_sig_str_clinch_1': '5 of 13', 'round_5_sig_str_clinch_2': '2 of 3', 'round_5_sig_str_ground_1': '2 of 5', 'round_5_sig_str_ground_2': '0 of 2'}",,,,,,,,,,,,,,,,,,
http://ufcstats.com/fight-details/a187670c5ee1ec5f,"September 28, 2024","Paris, Ile-de-France, France",L,Nora Cornolle,,W,Jacqueline Cavalcanti,,Women's Bantamweight Bout,Decision - Split,,,,,Mongi Zitouni 29 - 28. Sal D'amato 28 - 29. Anders Ohlsson 28 - 29.,,,,,0,0,54 of 114,54 of 154,47%,35%,80 of 156,87 of 194,1 of 9,0 of 0,11%,---,0,0,,,,,,,,,,,,,,,,,,,,,,,0,0,16 of 27,11 of 43,59%,25%,29 of 48,25 of 60,1 of 1,0 of 0,100%,---,0,0,,,,,0,0,17 of 32,13 of 41,53%,31%,29 of 50,24 of 54,0 of 5,0 of 0,0%,---,0,0,,,,,0,0,21 of 55,30 of 70,38%,42%,22 of 58,38 of 80,0 of 3,0 of 0,0%,---,0,0,,,,,,,,,,,,,,,,,,,,,,,,,,,,,,,,,,,,,,,,,,,,,,,,,,,,,,,,,,,,,,,,,,,,,,,,,,,,,,,,,,,,,,,,,,,0,0,54 of 114,54 of 154,47%,35%,80 of 156,87 of 194,1 of 9,0 of 0,11%,---,"{'round_1_sig_str_head_1': '', 'round_1_sig_str_head_2': '', 'round_1_sig_str_body_1': '', 'round_1_sig_str_body_2': '', 'round_1_sig_str_leg_1': '16 of 27', 'round_1_sig_str_leg_2': '11 of 43', 'round_1_sig_str_dist_1': '59%', 'round_1_sig_str_dist_2': '25%', 'round_1_sig_str_clinch_1': '7 of 17', 'round_1_sig_str_clinch_2': '1 of 28', 'round_1_sig_str_ground_1': '2 of 3', 'round_1_sig_str_ground_2': '4 of 4'}","{'round_2_sig_str_head_1': '', 'round_2_sig_str_head_2': '', 'round_2_sig_str_body_1': '', 'round_2_sig_str_body_2': '', 'round_2_sig_str_leg_1': '16 of 27', 'round_2_sig_str_leg_2': '11 of 43', 'round_2_sig_str_dist_1': '59%', 'round_2_sig_str_dist_2': '25%', 'round_2_sig_str_clinch_1': '7 of 17', 'round_2_sig_str_clinch_2': '1 of 28', 'round_2_sig_str_ground_1': '2 of 3', 'round_2_sig_str_ground_2': '4 of 4'}","{'round_3_sig_str_head_1': '', 'round_3_sig_str_head_2': '', 'round_3_sig_str_body_1': '', 'round_3_sig_str_body_2': '', 'round_3_sig_str_leg_1': '16 of 27', 'round_3_sig_str_leg_2': '11 of 43', 'round_3_sig_str_dist_1': '59%', 'round_3_sig_str_dist_2': '25%', 'round_3_sig_str_clinch_1': '7 of 17', 'round_3_sig_str_clinch_2': '1 of 28', 'round_3_sig_str_ground_1': '2 of 3', 'round_3_sig_str_ground_2': '4 of 4'}","{'round_4_sig_str_head_1': '', 'round_4_sig_str_head_2': '', 'round_4_sig_str_body_1': '', 'round_4_sig_str_body_2': '', 'round_4_sig_str_leg_1': '16 of 27', 'round_4_sig_str_leg_2': '11 of 43', 'round_4_sig_str_dist_1': '59%', 'round_4_sig_str_dist_2': '25%', 'round_4_sig_str_clinch_1': '7 of 17', 'round_4_sig_str_clinch_2': '1 of 28', 'round_4_sig_str_ground_1': '2 of 3', 'round_4_sig_str_ground_2': '4 of 4'}","{'round_5_sig_str_head_1': '', 'round_5_sig_str_head_2': '', 'round_5_sig_str_body_1': '', 'round_5_sig_str_body_2': '', 'round_5_sig_str_leg_1': '16 of 27', 'round_5_sig_str_leg_2': '11 of 43', 'round_5_sig_str_dist_1': '59%', 'round_5_sig_str_dist_2': '25%', 'round_5_sig_str_clinch_1': '7 of 17', 'round_5_sig_str_clinch_2': '1 of 28', 'round_5_sig_str_ground_1': '2 of 3', 'round_5_sig_str_ground_2': '4 of 4'}",,,,,,,,,,,,,,,,,,
http://ufcstats.com/fight-details/de484433eef22e1d,"October 12, 2024","Las Vegas, Nevada, USA",W,Clayton Carpenter,,L,Lucas Rocha,"""Fenomeno""",,Submission,,,,,Rear Naked Choke,,,,,0,0,34 of 60,17 of 41,56%,41%,36 of 62,21 of 45,2 of 3,0 of 0,66%,---,1,0,,,,,,,,,,,,,,,,,,,,,,,0,0,23 of 40,9 of 24,57%,37%,25 of 42,12 of 27,1 of 1,0 of 0,100%,---,0,0,,,,,0,0,11 of 20,8 of 17,55%,47%,11 of 20,9 of 18,1 of 2,0 of 0,50%,---,1,0,,,,,,,,,,,,,,,,,,,,,,,,,,,,,,,,,,,,,,,,,,,,,,,,,,,,,,,,,,,,,,,,,,,,,,,,,,,,,,,,,,,,,,,,,,,,,,,,,,,,,,,,,,,,,0,0,34 of 60,17 of 41,56%,41%,36 of 62,21 of 45,2 of 3,0 of 0,66%,---,"{'round_1_sig_str_head_1': '', 'round_1_sig_str_head_2': '', 'round_1_sig_str_body_1': '', 'round_1_sig_str_body_2': '', 'round_1_sig_str_leg_1': '23 of 40', 'round_1_sig_str_leg_2': '9 of 24', 'round_1_sig_str_dist_1': '57%', 'round_1_sig_str_dist_2': '37%', 'round_1_sig_str_clinch_1': '19 of 33', 'round_1_sig_str_clinch_2': '5 of 19', 'round_1_sig_str_ground_1': '2 of 3', 'round_1_sig_str_ground_2': '4 of 5'}","{'round_2_sig_str_head_1': '', 'round_2_sig_str_head_2': '', 'round_2_sig_str_body_1': '', 'round_2_sig_str_body_2': '', 'round_2_sig_str_leg_1': '23 of 40', 'round_2_sig_str_leg_2': '9 of 24', 'round_2_sig_str_dist_1': '57%', 'round_2_sig_str_dist_2': '37%', 'round_2_sig_str_clinch_1': '19 of 33', 'round_2_sig_str_clinch_2': '5 of 19', 'round_2_sig_str_ground_1': '2 of 3', 'round_2_sig_str_ground_2': '4 of 5'}","{'round_3_sig_str_head_1': '', 'round_3_sig_str_head_2': '', 'round_3_sig_str_body_1': '', 'round_3_sig_str_body_2': '', 'round_3_sig_str_leg_1': '23 of 40', 'round_3_sig_str_leg_2': '9 of 24', 'round_3_sig_str_dist_1': '57%', 'round_3_sig_str_dist_2': '37%', 'round_3_sig_str_clinch_1': '19 of 33', 'round_3_sig_str_clinch_2': '5 of 19', 'round_3_sig_str_ground_1': '2 of 3', 'round_3_sig_str_ground_2': '4 of 5'}","{'round_4_sig_str_head_1': '', 'round_4_sig_str_head_2': '', 'round_4_sig_str_body_1': '', 'round_4_sig_str_body_2': '', 'round_4_sig_str_leg_1': '23 of 40', 'round_4_sig_str_leg_2': '9 of 24', 'round_4_sig_str_dist_1': '57%', 'round_4_sig_str_dist_2': '37%', 'round_4_sig_str_clinch_1': '19 of 33', 'round_4_sig_str_clinch_2': '5 of 19', 'round_4_sig_str_ground_1': '2 of 3', 'round_4_sig_str_ground_2': '4 of 5'}","{'round_5_sig_str_head_1': '', 'round_5_sig_str_head_2': '', 'round_5_sig_str_body_1': '', 'round_5_sig_str_body_2': '', 'round_5_sig_str_leg_1': '23 of 40', 'round_5_sig_str_leg_2': '9 of 24', 'round_5_sig_str_dist_1': '57%', 'round_5_sig_str_dist_2': '37%', 'round_5_sig_str_clinch_1': '19 of 33', 'round_5_sig_str_clinch_2': '5 of 19', 'round_5_sig_str_ground_1': '2 of 3', 'round_5_sig_str_ground_2': '4 of 5'}",,,,,,,,,,,,,,,,,,
http://ufcstats.com/fight-details/dae8ad2e03aa4a9a,"September 14, 2024","Las Vegas, Nevada, USA",L,Edgar Chairez,"""Puro Chicali""",W,Joshua Van,"""The Fearless""",Flyweight Bout,Decision - Unanimous,,,,,Adalaide Byrd 28 - 29. Ben Cartlidge 28 - 29. Chris Lee 28 - 29.,,,,,0,0,79 of 189,118 of 200,41%,59%,87 of 197,183 of 276,0 of 2,3 of 3,0%,100%,1,0,,,,,,,,,,,,,,,,,,,,,,,0,0,40 of 81,23 of 48,49%,47%,40 of 81,23 of 48,0 of 0,0 of 0,---,---,0,0,,,,,0,0,28 of 73,71 of 108,38%,65%,33 of 78,101 of 144,0 of 1,2 of 2,0%,100%,1,0,,,,,0,0,11 of 35,24 of 44,31%,54%,14 of 38,59 of 84,0 of 1,1 of 1,0%,100%,0,0,,,,,,,,,,,,,,,,,,,,,,,,,,,,,,,,,,,,,,,,,,,,,,,,,,,,,,,,,,,,,,,,,,,,,,,,,,,,,,,,,,,,,,,,,,,0,0,79 of 189,118 of 200,41%,59%,87 of 197,183 of 276,0 of 2,3 of 3,0%,100%,"{'round_1_sig_str_head_1': '', 'round_1_sig_str_head_2': '', 'round_1_sig_str_body_1': '', 'round_1_sig_str_body_2': '', 'round_1_sig_str_leg_1': '40 of 81', 'round_1_sig_str_leg_2': '23 of 48', 'round_1_sig_str_dist_1': '49%', 'round_1_sig_str_dist_2': '47%', 'round_1_sig_str_clinch_1': '15 of 52', 'round_1_sig_str_clinch_2': '12 of 37', 'round_1_sig_str_ground_1': '6 of 8', 'round_1_sig_str_ground_2': '4 of 4'}","{'round_2_sig_str_head_1': '', 'round_2_sig_str_head_2': '', 'round_2_sig_str_body_1': '', 'round_2_sig_str_body_2': '', 'round_2_sig_str_leg_1': '40 of 81', 'round_2_sig_str_leg_2': '23 of 48', 'round_2_sig_str_dist_1': '49%', 'round_2_sig_str_dist_2': '47%', 'round_2_sig_str_clinch_1': '15 of 52', 'round_2_sig_str_clinch_2': '12 of 37', 'round_2_sig_str_ground_1': '6 of 8', 'round_2_sig_str_ground_2': '4 of 4'}","{'round_3_sig_str_head_1': '', 'round_3_sig_str_head_2': '', 'round_3_sig_str_body_1': '', 'round_3_sig_str_body_2': '', 'round_3_sig_str_leg_1': '40 of 81', 'round_3_sig_str_leg_2': '23 of 48', 'round_3_sig_str_dist_1': '49%', 'round_3_sig_str_dist_2': '47%', 'round_3_sig_str_clinch_1': '15 of 52', 'round_3_sig_str_clinch_2': '12 of 37', 'round_3_sig_str_ground_1': '6 of 8', 'round_3_sig_str_ground_2': '4 of 4'}","{'round_4_sig_str_head_1': '', 'round_4_sig_str_head_2': '', 'round_4_sig_str_body_1': '', 'round_4_sig_str_body_2': '', 'round_4_sig_str_leg_1': '40 of 81', 'round_4_sig_str_leg_2': '23 of 48', 'round_4_sig_str_dist_1': '49%', 'round_4_sig_str_dist_2': '47%', 'round_4_sig_str_clinch_1': '15 of 52', 'round_4_sig_str_clinch_2': '12 of 37', 'round_4_sig_str_ground_1': '6 of 8', 'round_4_sig_str_ground_2': '4 of 4'}","{'round_5_sig_str_head_1': '', 'round_5_sig_str_head_2': '', 'round_5_sig_str_body_1': '', 'round_5_sig_str_body_2': '', 'round_5_sig_str_leg_1': '40 of 81', 'round_5_sig_str_leg_2': '23 of 48', 'round_5_sig_str_dist_1': '49%', 'round_5_sig_str_dist_2': '47%', 'round_5_sig_str_clinch_1': '15 of 52', 'round_5_sig_str_clinch_2': '12 of 37', 'round_5_sig_str_ground_1': '6 of 8', 'round_5_sig_str_ground_2': '4 of 4'}",,,,,,,,,,,,,,,,,,
http://ufcstats.com/fight-details/47d978a984a163aa,"September 28, 2024","Paris, Ile-de-France, France",W,Daniel Barez,,L,Victor Altamirano,"""El Magnifico""",Flyweight Bout,Decision - Unanimous,,,,,Ludovic Dandine 28 - 29. David Lethaby 28 - 29. Clemens Werner 28 - 29.,,,,,1,0,67 of 130,71 of 177,51%,40%,78 of 142,76 of 184,0 of 0,0 of 1,---,0%,0,0,,,,,,,,,,,,,,,,,,,,,,,1,0,22 of 34,15 of 43,64%,34%,33 of 46,20 of 50,0 of 0,0 of 0,---,---,0,0,,,,,0,0,24 of 50,21 of 55,48%,38%,24 of 50,21 of 55,0 of 0,0 of 1,---,0%,0,0,,,,,0,0,21 of 46,35 of 79,45%,44%,21 of 46,35 of 79,0 of 0,0 of 0,---,---,0,0,,,,,,,,,,,,,,,,,,,,,,,,,,,,,,,,,,,,,,,,,,,,,,,,,,,,,,,,,,,,,,,,,,,,,,,,,,,,,,,,,,,,,,,,,,,1,0,67 of 130,71 of 177,51%,40%,78 of 142,76 of 184,0 of 0,0 of 1,---,0%,"{'round_1_sig_str_head_1': '', 'round_1_sig_str_head_2': '', 'round_1_sig_str_body_1': '', 'round_1_sig_str_body_2': '', 'round_1_sig_str_leg_1': '22 of 34', 'round_1_sig_str_leg_2': '15 of 43', 'round_1_sig_str_dist_1': '64%', 'round_1_sig_str_dist_2': '34%', 'round_1_sig_str_clinch_1': '12 of 22', 'round_1_sig_str_clinch_2': '3 of 23', 'round_1_sig_str_ground_1': '5 of 6', 'round_1_sig_str_ground_2': '6 of 13'}","{'round_2_sig_str_head_1': '', 'round_2_sig_str_head_2': '', 'round_2_sig_str_body_1': '', 'round_2_sig_str_body_2': '', 'round_2_sig_str_leg_1': '22 of 34', 'round_2_sig_str_leg_2': '15 of 43', 'round_2_sig_str_dist_1': '64%', 'round_2_sig_str_dist_2': '34%', 'round_2_sig_str_clinch_1': '12 of 22', 'round_2_sig_str_clinch_2': '3 of 23', 'round_2_sig_str_ground_1': '5 of 6', 'round_2_sig_str_ground_2': '6 of 13'}","{'round_3_sig_str_head_1': '', 'round_3_sig_str_head_2': '', 'round_3_sig_str_body_1': '', 'round_3_sig_str_body_2': '', 'round_3_sig_str_leg_1': '22 of 34', 'round_3_sig_str_leg_2': '15 of 43', 'round_3_sig_str_dist_1': '64%', 'round_3_sig_str_dist_2': '34%', 'round_3_sig_str_clinch_1': '12 of 22', 'round_3_sig_str_clinch_2': '3 of 23', 'round_3_sig_str_ground_1': '5 of 6', 'round_3_sig_str_ground_2': '6 of 13'}","{'round_4_sig_str_head_1': '', 'round_4_sig_str_head_2': '', 'round_4_sig_str_body_1': '', 'round_4_sig_str_body_2': '', 'round_4_sig_str_leg_1': '22 of 34', 'round_4_sig_str_leg_2': '15 of 43', 'round_4_sig_str_dist_1': '64%', 'round_4_sig_str_dist_2': '34%', 'round_4_sig_str_clinch_1': '12 of 22', 'round_4_sig_str_clinch_2': '3 of 23', 'round_4_sig_str_ground_1': '5 of 6', 'round_4_sig_str_ground_2': '6 of 13'}","{'round_5_sig_str_head_1': '', 'round_5_sig_str_head_2': '', 'round_5_sig_str_body_1': '', 'round_5_sig_str_body_2': '', 'round_5_sig_str_leg_1': '22 of 34', 'round_5_sig_str_leg_2': '15 of 43', 'round_5_sig_str_dist_1': '64%', 'round_5_sig_str_dist_2': '34%', 'round_5_sig_str_clinch_1': '12 of 22', 'round_5_sig_str_clinch_2': '3 of 23', 'round_5_sig_str_ground_1': '5 of 6', 'round_5_sig_str_ground_2': '6 of 13'}",,,,,,,,,,,,,,,,,,
http://ufcstats.com/fight-details/9676a4e9362e4bfd,"November 16, 2024","New York City, New York, USA",L,Bassil Hafez,"""The Habibi""",W,Oban Elliott,"""The Welsh Gangster""",,KO/TKO,,,,,Punch to Head At Distance,,,,,0,1,24 of 70,65 of 117,34%,55%,24 of 70,66 of 118,0 of 0,0 of 0,---,---,0,0,,,,,,,,,,,,,,,,,,,,,,,0,0,10 of 27,25 of 49,37%,51%,10 of 27,26 of 50,0 of 0,0 of 0,---,---,0,0,,,,,0,0,12 of 37,29 of 53,32%,54%,12 of 37,29 of 53,0 of 0,0 of 0,---,---,0,0,,,,,0,1,2 of 6,11 of 15,33%,73%,2 of 6,11 of 15,0 of 0,0 of 0,---,---,0,0,,,,,,,,,,,,,,,,,,,,,,,,,,,,,,,,,,,,,,,,,,,,,,,,,,,,,,,,,,,,,,,,,,,,,,,,,,,,,,,,,,,,,,,,,,,0,1,24 of 70,65 of 117,34%,55%,24 of 70,66 of 118,0 of 0,0 of 0,---,---,"{'round_1_sig_str_head_1': '', 'round_1_sig_str_head_2': '', 'round_1_sig_str_body_1': '', 'round_1_sig_str_body_2': '', 'round_1_sig_str_leg_1': '10 of 27', 'round_1_sig_str_leg_2': '25 of 49', 'round_1_sig_str_dist_1': '37%', 'round_1_sig_str_dist_2': '51%', 'round_1_sig_str_clinch_1': '7 of 21', 'round_1_sig_str_clinch_2': '6 of 21', 'round_1_sig_str_ground_1': '1 of 4', 'round_1_sig_str_ground_2': '5 of 9'}","{'round_2_sig_str_head_1': '', 'round_2_sig_str_head_2': '', 'round_2_sig_str_body_1': '', 'round_2_sig_str_body_2': '', 'round_2_sig_str_leg_1': '10 of 27', 'round_2_sig_str_leg_2': '25 of 49', 'round_2_sig_str_dist_1': '37%', 'round_2_sig_str_dist_2': '51%', 'round_2_sig_str_clinch_1': '7 of 21', 'round_2_sig_str_clinch_2': '6 of 21', 'round_2_sig_str_ground_1': '1 of 4', 'round_2_sig_str_ground_2': '5 of 9'}","{'round_3_sig_str_head_1': '', 'round_3_sig_str_head_2': '', 'round_3_sig_str_body_1': '', 'round_3_sig_str_body_2': '', 'round_3_sig_str_leg_1': '10 of 27', 'round_3_sig_str_leg_2': '25 of 49', 'round_3_sig_str_dist_1': '37%', 'round_3_sig_str_dist_2': '51%', 'round_3_sig_str_clinch_1': '7 of 21', 'round_3_sig_str_clinch_2': '6 of 21', 'round_3_sig_str_ground_1': '1 of 4', 'round_3_sig_str_ground_2': '5 of 9'}","{'round_4_sig_str_head_1': '', 'round_4_sig_str_head_2': '', 'round_4_sig_str_body_1': '', 'round_4_sig_str_body_2': '', 'round_4_sig_str_leg_1': '10 of 27', 'round_4_sig_str_leg_2': '25 of 49', 'round_4_sig_str_dist_1': '37%', 'round_4_sig_str_dist_2': '51%', 'round_4_sig_str_clinch_1': '7 of 21', 'round_4_sig_str_clinch_2': '6 of 21', 'round_4_sig_str_ground_1': '1 of 4', 'round_4_sig_str_ground_2': '5 of 9'}","{'round_5_sig_str_head_1': '', 'round_5_sig_str_head_2': '', 'round_5_sig_str_body_1': '', 'round_5_sig_str_body_2': '', 'round_5_sig_str_leg_1': '10 of 27', 'round_5_sig_str_leg_2': '25 of 49', 'round_5_sig_str_dist_1': '37%', 'round_5_sig_str_dist_2': '51%', 'round_5_sig_str_clinch_1': '7 of 21', 'round_5_sig_str_clinch_2': '6 of 21', 'round_5_sig_str_ground_1': '1 of 4', 'round_5_sig_str_ground_2': '5 of 9'}",,,,,,,,,,,,,,,,,,
http://ufcstats.com/fight-details/e294a1e5723011db,"January 18, 2025","Inglewood, California, USA",W,Tagir Ulanbekov,,L,Clayton Carpenter,,Flyweight Bout,Decision - Unanimous,,,,,Brian Tyler 27 - 30. Jonathan Romero 27 - 30. Raphael  Davis 28 - 29.,,,,,0,0,42 of 75,42 of 69,56%,60%,100 of 138,86 of 117,3 of 6,1 of 4,50%,25%,0,0,,,,,,,,,,,,,,,,,,,,,,,0,0,19 of 32,18 of 29,59%,62%,26 of 42,30 of 43,1 of 2,0 of 1,50%,0%,0,0,,,,,0,0,10 of 19,15 of 20,52%,75%,30 of 41,24 of 30,1 of 3,1 of 1,33%,100%,0,0,,,,,0,0,13 of 24,9 of 20,54%,45%,44 of 55,32 of 44,1 of 1,0 of 2,100%,0%,0,0,,,,,,,,,,,,,,,,,,,,,,,,,,,,,,,,,,,,,,,,,,,,,,,,,,,,,,,,,,,,,,,,,,,,,,,,,,,,,,,,,,,,,,,,,,,0,0,42 of 75,42 of 69,56%,60%,100 of 138,86 of 117,3 of 6,1 of 4,50%,25%,"{'round_1_sig_str_head_1': '', 'round_1_sig_str_head_2': '', 'round_1_sig_str_body_1': '', 'round_1_sig_str_body_2': '', 'round_1_sig_str_leg_1': '19 of 32', 'round_1_sig_str_leg_2': '18 of 29', 'round_1_sig_str_dist_1': '59%', 'round_1_sig_str_dist_2': '62%', 'round_1_sig_str_clinch_1': '15 of 28', 'round_1_sig_str_clinch_2': '8 of 17', 'round_1_sig_str_ground_1': '2 of 2', 'round_1_sig_str_ground_2': '3 of 5'}","{'round_2_sig_str_head_1': '', 'round_2_sig_str_head_2': '', 'round_2_sig_str_body_1': '', 'round_2_sig_str_body_2': '', 'round_2_sig_str_leg_1': '19 of 32', 'round_2_sig_str_leg_2': '18 of 29', 'round_2_sig_str_dist_1': '59%', 'round_2_sig_str_dist_2': '62%', 'round_2_sig_str_clinch_1': '15 of 28', 'round_2_sig_str_clinch_2': '8 of 17', 'round_2_sig_str_ground_1': '2 of 2', 'round_2_sig_str_ground_2': '3 of 5'}","{'round_3_sig_str_head_1': '', 'round_3_sig_str_head_2': '', 'round_3_sig_str_body_1': '', 'round_3_sig_str_body_2': '', 'round_3_sig_str_leg_1': '19 of 32', 'round_3_sig_str_leg_2': '18 of 29', 'round_3_sig_str_dist_1': '59%', 'round_3_sig_str_dist_2': '62%', 'round_3_sig_str_clinch_1': '15 of 28', 'round_3_sig_str_clinch_2': '8 of 17', 'round_3_sig_str_ground_1': '2 of 2', 'round_3_sig_str_ground_2': '3 of 5'}","{'round_4_sig_str_head_1': '', 'round_4_sig_str_head_2': '', 'round_4_sig_str_body_1': '', 'round_4_sig_str_body_2': '', 'round_4_sig_str_leg_1': '19 of 32', 'round_4_sig_str_leg_2': '18 of 29', 'round_4_sig_str_dist_1': '59%', 'round_4_sig_str_dist_2': '62%', 'round_4_sig_str_clinch_1': '15 of 28', 'round_4_sig_str_clinch_2': '8 of 17', 'round_4_sig_str_ground_1': '2 of 2', 'round_4_sig_str_ground_2': '3 of 5'}","{'round_5_sig_str_head_1': '', 'round_5_sig_str_head_2': '', 'round_5_sig_str_body_1': '', 'round_5_sig_str_body_2': '', 'round_5_sig_str_leg_1': '19 of 32', 'round_5_sig_str_leg_2': '18 of 29', 'round_5_sig_str_dist_1': '59%', 'round_5_sig_str_dist_2': '62%', 'round_5_sig_str_clinch_1': '15 of 28', 'round_5_sig_str_clinch_2': '8 of 17', 'round_5_sig_str_ground_1': '2 of 2', 'round_5_sig_str_ground_2': '3 of 5'}",,,,,,,,,,,,,,,,,,
http://ufcstats.com/fight-details/40e2a7b65794ac05,"November 16, 2024","New York City, New York, USA",L,Veronica Hardy,,W,Eduarda Moura,"""Ronda""",Women's Flyweight Bout,Decision - Unanimous,,,,,Junichiro Kamijo 27 - 30. Chris Bolinski 28 - 29. Bryan Miner 28 - 29.,,,,,0,0,46 of 103,26 of 76,44%,34%,61 of 119,41 of 96,0 of 0,3 of 4,---,75%,0,0,,,,,,,,,,,,,,,,,,,,,,,0,0,13 of 39,10 of 35,33%,28%,13 of 39,11 of 37,0 of 0,1 of 1,---,100%,0,0,,,,,0,0,12 of 18,7 of 13,66%,53%,27 of 34,21 of 31,0 of 0,2 of 3,---,66%,0,0,,,,,0,0,21 of 46,9 of 28,45%,32%,21 of 46,9 of 28,0 of 0,0 of 0,---,---,0,0,,,,,,,,,,,,,,,,,,,,,,,,,,,,,,,,,,,,,,,,,,,,,,,,,,,,,,,,,,,,,,,,,,,,,,,,,,,,,,,,,,,,,,,,,,,0,0,46 of 103,26 of 76,44%,34%,61 of 119,41 of 96,0 of 0,3 of 4,---,75%,"{'round_1_sig_str_head_1': '', 'round_1_sig_str_head_2': '', 'round_1_sig_str_body_1': '', 'round_1_sig_str_body_2': '', 'round_1_sig_str_leg_1': '13 of 39', 'round_1_sig_str_leg_2': '10 of 35', 'round_1_sig_str_dist_1': '33%', 'round_1_sig_str_dist_2': '28%', 'round_1_sig_str_clinch_1': '5 of 28', 'round_1_sig_str_clinch_2': '8 of 33', 'round_1_sig_str_ground_1': '6 of 8', 'round_1_sig_str_ground_2': '2 of 2'}","{'round_2_sig_str_head_1': '', 'round_2_sig_str_head_2': '', 'round_2_sig_str_body_1': '', 'round_2_sig_str_body_2': '', 'round_2_sig_str_leg_1': '13 of 39', 'round_2_sig_str_leg_2': '10 of 35', 'round_2_sig_str_dist_1': '33%', 'round_2_sig_str_dist_2': '28%', 'round_2_sig_str_clinch_1': '5 of 28', 'round_2_sig_str_clinch_2': '8 of 33', 'round_2_sig_str_ground_1': '6 of 8', 'round_2_sig_str_ground_2': '2 of 2'}","{'round_3_sig_str_head_1': '', 'round_3_sig_str_head_2': '', 'round_3_sig_str_body_1': '', 'round_3_sig_str_body_2': '', 'round_3_sig_str_leg_1': '13 of 39', 'round_3_sig_str_leg_2': '10 of 35', 'round_3_sig_str_dist_1': '33%', 'round_3_sig_str_dist_2': '28%', 'round_3_sig_str_clinch_1': '5 of 28', 'round_3_sig_str_clinch_2': '8 of 33', 'round_3_sig_str_ground_1': '6 of 8', 'round_3_sig_str_ground_2': '2 of 2'}","{'round_4_sig_str_head_1': '', 'round_4_sig_str_head_2': '', 'round_4_sig_str_body_1': '', 'round_4_sig_str_body_2': '', 'round_4_sig_str_leg_1': '13 of 39', 'round_4_sig_str_leg_2': '10 of 35', 'round_4_sig_str_dist_1': '33%', 'round_4_sig_str_dist_2': '28%', 'round_4_sig_str_clinch_1': '5 of 28', 'round_4_sig_str_clinch_2': '8 of 33', 'round_4_sig_str_ground_1': '6 of 8', 'round_4_sig_str_ground_2': '2 of 2'}","{'round_5_sig_str_head_1': '', 'round_5_sig_str_head_2': '', 'round_5_sig_str_body_1': '', 'round_5_sig_str_body_2': '', 'round_5_sig_str_leg_1': '13 of 39', 'round_5_sig_str_leg_2': '10 of 35', 'round_5_sig_str_dist_1': '33%', 'round_5_sig_str_dist_2': '28%', 'round_5_sig_str_clinch_1': '5 of 28', 'round_5_sig_str_clinch_2': '8 of 33', 'round_5_sig_str_ground_1': '6 of 8', 'round_5_sig_str_ground_2': '2 of 2'}",,,,,,,,,,,,,,,,,,
http://ufcstats.com/fight-details/192619174bd1ad77,"January 11, 2025","Las Vegas, Nevada, USA",W,Nurullo Aliev,"""Tajik Eagle""",L,Joe Solecki,,Lightweight Bout,Decision - Unanimous,,,,,David Lethaby 27 - 30. Mike Bell 28 - 29. Sal D'amato 28 - 29.,,,,,0,0,35 of 88,28 of 68,39%,41%,81 of 150,52 of 98,2 of 2,1 of 1,100%,100%,0,1,,,,,,,,,,,,,,,,,,,,,,,0,0,2 of 5,2 of 4,40%,50%,17 of 28,8 of 10,1 of 1,0 of 0,100%,---,0,0,,,,,0,0,9 of 29,5 of 13,31%,38%,35 of 60,14 of 22,1 of 1,0 of 0,100%,---,0,1,,,,,0,0,24 of 54,21 of 51,44%,41%,29 of 62,30 of 66,0 of 0,1 of 1,---,100%,0,0,,,,,,,,,,,,,,,,,,,,,,,,,,,,,,,,,,,,,,,,,,,,,,,,,,,,,,,,,,,,,,,,,,,,,,,,,,,,,,,,,,,,,,,,,,,0,0,35 of 88,28 of 68,39%,41%,81 of 150,52 of 98,2 of 2,1 of 1,100%,100%,"{'round_1_sig_str_head_1': '', 'round_1_sig_str_head_2': '', 'round_1_sig_str_body_1': '', 'round_1_sig_str_body_2': '', 'round_1_sig_str_leg_1': '2 of 5', 'round_1_sig_str_leg_2': '2 of 4', 'round_1_sig_str_dist_1': '40%', 'round_1_sig_str_dist_2': '50%', 'round_1_sig_str_clinch_1': '2 of 5', 'round_1_sig_str_clinch_2': '1 of 3', 'round_1_sig_str_ground_1': '0 of 0', 'round_1_sig_str_ground_2': '1 of 1'}","{'round_2_sig_str_head_1': '', 'round_2_sig_str_head_2': '', 'round_2_sig_str_body_1': '', 'round_2_sig_str_body_2': '', 'round_2_sig_str_leg_1': '2 of 5', 'round_2_sig_str_leg_2': '2 of 4', 'round_2_sig_str_dist_1': '40%', 'round_2_sig_str_dist_2': '50%', 'round_2_sig_str_clinch_1': '2 of 5', 'round_2_sig_str_clinch_2': '1 of 3', 'round_2_sig_str_ground_1': '0 of 0', 'round_2_sig_str_ground_2': '1 of 1'}","{'round_3_sig_str_head_1': '', 'round_3_sig_str_head_2': '', 'round_3_sig_str_body_1': '', 'round_3_sig_str_body_2': '', 'round_3_sig_str_leg_1': '2 of 5', 'round_3_sig_str_leg_2': '2 of 4', 'round_3_sig_str_dist_1': '40%', 'round_3_sig_str_dist_2': '50%', 'round_3_sig_str_clinch_1': '2 of 5', 'round_3_sig_str_clinch_2': '1 of 3', 'round_3_sig_str_ground_1': '0 of 0', 'round_3_sig_str_ground_2': '1 of 1'}","{'round_4_sig_str_head_1': '', 'round_4_sig_str_head_2': '', 'round_4_sig_str_body_1': '', 'round_4_sig_str_body_2': '', 'round_4_sig_str_leg_1': '2 of 5', 'round_4_sig_str_leg_2': '2 of 4', 'round_4_sig_str_dist_1': '40%', 'round_4_sig_str_dist_2': '50%', 'round_4_sig_str_clinch_1': '2 of 5', 'round_4_sig_str_clinch_2': '1 of 3', 'round_4_sig_str_ground_1': '0 of 0', 'round_4_sig_str_ground_2': '1 of 1'}","{'round_5_sig_str_head_1': '', 'round_5_sig_str_head_2': '', 'round_5_sig_str_body_1': '', 'round_5_sig_str_body_2': '', 'round_5_sig_str_leg_1': '2 of 5', 'round_5_sig_str_leg_2': '2 of 4', 'round_5_sig_str_dist_1': '40%', 'round_5_sig_str_dist_2': '50%', 'round_5_sig_str_clinch_1': '2 of 5', 'round_5_sig_str_clinch_2': '1 of 3', 'round_5_sig_str_ground_1': '0 of 0', 'round_5_sig_str_ground_2': '1 of 1'}",,,,,,,,,,,,,,,,,,
http://ufcstats.com/fight-details/4218d1d1ce6d322c,"February 08, 2025","Sydney, New South Wales, Australia",W,Quillan Salkilld,,L,Anshul Jubli,"""King of Lions""",,KO/TKO,,,,,Punch to Head At Distance,,,,,1,0,6 of 7,0 of 1,85%,0%,6 of 7,0 of 1,0 of 0,0 of 0,---,---,0,0,,,,,,,,,,,,,,,,,,,,,,,1,0,6 of 7,0 of 1,85%,0%,6 of 7,0 of 1,0 of 0,0 of 0,---,---,0,0,,,,,,,,,,,,,,,,,,,,,,,,,,,,,,,,,,,,,,,,,,,,,,,,,,,,,,,,,,,,,,,,,,,,,,,,,,,,,,,,,,,,,,,,,,,,,,,,,,,,,,,,,,,,,,,,,,,,,,,,,,,,,,,1,0,6 of 7,0 of 1,85%,0%,6 of 7,0 of 1,0 of 0,0 of 0,---,---,"{'round_1_sig_str_head_1': '', 'round_1_sig_str_head_2': '', 'round_1_sig_str_body_1': '', 'round_1_sig_str_body_2': '', 'round_1_sig_str_leg_1': '6 of 7', 'round_1_sig_str_leg_2': '0 of 1', 'round_1_sig_str_dist_1': '85%', 'round_1_sig_str_dist_2': '0%', 'round_1_sig_str_clinch_1': '2 of 3', 'round_1_sig_str_clinch_2': '0 of 1', 'round_1_sig_str_ground_1': '1 of 1', 'round_1_sig_str_ground_2': '0 of 0'}","{'round_2_sig_str_head_1': '', 'round_2_sig_str_head_2': '', 'round_2_sig_str_body_1': '', 'round_2_sig_str_body_2': '', 'round_2_sig_str_leg_1': '6 of 7', 'round_2_sig_str_leg_2': '0 of 1', 'round_2_sig_str_dist_1': '85%', 'round_2_sig_str_dist_2': '0%', 'round_2_sig_str_clinch_1': '2 of 3', 'round_2_sig_str_clinch_2': '0 of 1', 'round_2_sig_str_ground_1': '1 of 1', 'round_2_sig_str_ground_2': '0 of 0'}","{'round_3_sig_str_head_1': '', 'round_3_sig_str_head_2': '', 'round_3_sig_str_body_1': '', 'round_3_sig_str_body_2': '', 'round_3_sig_str_leg_1': '6 of 7', 'round_3_sig_str_leg_2': '0 of 1', 'round_3_sig_str_dist_1': '85%', 'round_3_sig_str_dist_2': '0%', 'round_3_sig_str_clinch_1': '2 of 3', 'round_3_sig_str_clinch_2': '0 of 1', 'round_3_sig_str_ground_1': '1 of 1', 'round_3_sig_str_ground_2': '0 of 0'}","{'round_4_sig_str_head_1': '', 'round_4_sig_str_head_2': '', 'round_4_sig_str_body_1': '', 'round_4_sig_str_body_2': '', 'round_4_sig_str_leg_1': '6 of 7', 'round_4_sig_str_leg_2': '0 of 1', 'round_4_sig_str_dist_1': '85%', 'round_4_sig_str_dist_2': '0%', 'round_4_sig_str_clinch_1': '2 of 3', 'round_4_sig_str_clinch_2': '0 of 1', 'round_4_sig_str_ground_1': '1 of 1', 'round_4_sig_str_ground_2': '0 of 0'}","{'round_5_sig_str_head_1': '', 'round_5_sig_str_head_2': '', 'round_5_sig_str_body_1': '', 'round_5_sig_str_body_2': '', 'round_5_sig_str_leg_1': '6 of 7', 'round_5_sig_str_leg_2': '0 of 1', 'round_5_sig_str_dist_1': '85%', 'round_5_sig_str_dist_2': '0%', 'round_5_sig_str_clinch_1': '2 of 3', 'round_5_sig_str_clinch_2': '0 of 1', 'round_5_sig_str_ground_1': '1 of 1', 'round_5_sig_str_ground_2': '0 of 0'}",,,,,,,,,,,,,,,,,,
http://ufcstats.com/fight-details/750257171ad29a2c,"February 01, 2025","Riyadh, Riyadh, Saudi Arabia",W,Bogdan Grad,"""The Unleashed""",L,Lucas Alexander,"""The Lion""",,KO/TKO,,,,,Punches to Head From Mount,,,,,0,0,46 of 66,34 of 52,69%,65%,59 of 86,47 of 71,3 of 8,0 of 1,37%,0%,0,0,,,,,,,,,,,,,,,,,,,,,,,0,0,5 of 9,15 of 23,55%,65%,13 of 20,28 of 42,2 of 7,0 of 1,28%,0%,0,0,,,,,0,0,41 of 57,19 of 29,71%,65%,46 of 66,19 of 29,1 of 1,0 of 0,100%,---,0,0,,,,,,,,,,,,,,,,,,,,,,,,,,,,,,,,,,,,,,,,,,,,,,,,,,,,,,,,,,,,,,,,,,,,,,,,,,,,,,,,,,,,,,,,,,,,,,,,,,,,,,,,,,,,,0,0,46 of 66,34 of 52,69%,65%,59 of 86,47 of 71,3 of 8,0 of 1,37%,0%,"{'round_1_sig_str_head_1': '', 'round_1_sig_str_head_2': '', 'round_1_sig_str_body_1': '', 'round_1_sig_str_body_2': '', 'round_1_sig_str_leg_1': '5 of 9', 'round_1_sig_str_leg_2': '15 of 23', 'round_1_sig_str_dist_1': '55%', 'round_1_sig_str_dist_2': '65%', 'round_1_sig_str_clinch_1': '5 of 8', 'round_1_sig_str_clinch_2': '10 of 18', 'round_1_sig_str_ground_1': '0 of 0', 'round_1_sig_str_ground_2': '1 of 1'}","{'round_2_sig_str_head_1': '', 'round_2_sig_str_head_2': '', 'round_2_sig_str_body_1': '', 'round_2_sig_str_body_2': '', 'round_2_sig_str_leg_1': '5 of 9', 'round_2_sig_str_leg_2': '15 of 23', 'round_2_sig_str_dist_1': '55%', 'round_2_sig_str_dist_2': '65%', 'round_2_sig_str_clinch_1': '5 of 8', 'round_2_sig_str_clinch_2': '10 of 18', 'round_2_sig_str_ground_1': '0 of 0', 'round_2_sig_str_ground_2': '1 of 1'}","{'round_3_sig_str_head_1': '', 'round_3_sig_str_head_2': '', 'round_3_sig_str_body_1': '', 'round_3_sig_str_body_2': '', 'round_3_sig_str_leg_1': '5 of 9', 'round_3_sig_str_leg_2': '15 of 23', 'round_3_sig_str_dist_1': '55%', 'round_3_sig_str_dist_2': '65%', 'round_3_sig_str_clinch_1': '5 of 8', 'round_3_sig_str_clinch_2': '10 of 18', 'round_3_sig_str_ground_1': '0 of 0', 'round_3_sig_str_ground_2': '1 of 1'}","{'round_4_sig_str_head_1': '', 'round_4_sig_str_head_2': '', 'round_4_sig_str_body_1': '', 'round_4_sig_str_body_2': '', 'round_4_sig_str_leg_1': '5 of 9', 'round_4_sig_str_leg_2': '15 of 23', 'round_4_sig_str_dist_1': '55%', 'round_4_sig_str_dist_2': '65%', 'round_4_sig_str_clinch_1': '5 of 8', 'round_4_sig_str_clinch_2': '10 of 18', 'round_4_sig_str_ground_1': '0 of 0', 'round_4_sig_str_ground_2': '1 of 1'}","{'round_5_sig_str_head_1': '', 'round_5_sig_str_head_2': '', 'round_5_sig_str_body_1': '', 'round_5_sig_str_body_2': '', 'round_5_sig_str_leg_1': '5 of 9', 'round_5_sig_str_leg_2': '15 of 23', 'round_5_sig_str_dist_1': '55%', 'round_5_sig_str_dist_2': '65%', 'round_5_sig_str_clinch_1': '5 of 8', 'round_5_sig_str_clinch_2': '10 of 18', 'round_5_sig_str_ground_1': '0 of 0', 'round_5_sig_str_ground_2': '1 of 1'}",,,,,,,,,,,,,,,,,,
http://ufcstats.com/fight-details/984ce1062186f3ce,"February 01, 2025","Riyadh, Riyadh, Saudi Arabia",W,Hamdy Abdelwahab,"""The Hammer""",L,Jamal Pogues,,Heavyweight Bout,Decision - Split,,,,,Tony Weeks 30 - 27. Ben Cartlidge 28 - 29. Sal D'amato 28 - 29.,,,,,0,0,44 of 87,69 of 123,50%,56%,52 of 103,69 of 123,1 of 1,0 of 1,100%,0%,0,0,,,,,,,,,,,,,,,,,,,,,,,0,0,11 of 23,22 of 40,47%,55%,19 of 39,22 of 40,1 of 1,0 of 1,100%,0%,0,0,,,,,0,0,12 of 25,22 of 44,48%,50%,12 of 25,22 of 44,0 of 0,0 of 0,---,---,0,0,,,,,0,0,21 of 39,25 of 39,53%,64%,21 of 39,25 of 39,0 of 0,0 of 0,---,---,0,0,,,,,,,,,,,,,,,,,,,,,,,,,,,,,,,,,,,,,,,,,,,,,,,,,,,,,,,,,,,,,,,,,,,,,,,,,,,,,,,,,,,,,,,,,,,0,0,44 of 87,69 of 123,50%,56%,52 of 103,69 of 123,1 of 1,0 of 1,100%,0%,"{'round_1_sig_str_head_1': '', 'round_1_sig_str_head_2': '', 'round_1_sig_str_body_1': '', 'round_1_sig_str_body_2': '', 'round_1_sig_str_leg_1': '11 of 23', 'round_1_sig_str_leg_2': '22 of 40', 'round_1_sig_str_dist_1': '47%', 'round_1_sig_str_dist_2': '55%', 'round_1_sig_str_clinch_1': '8 of 19', 'round_1_sig_str_clinch_2': '14 of 30', 'round_1_sig_str_ground_1': '0 of 0', 'round_1_sig_str_ground_2': '0 of 0'}","{'round_2_sig_str_head_1': '', 'round_2_sig_str_head_2': '', 'round_2_sig_str_body_1': '', 'round_2_sig_str_body_2': '', 'round_2_sig_str_leg_1': '11 of 23', 'round_2_sig_str_leg_2': '22 of 40', 'round_2_sig_str_dist_1': '47%', 'round_2_sig_str_dist_2': '55%', 'round_2_sig_str_clinch_1': '8 of 19', 'round_2_sig_str_clinch_2': '14 of 30', 'round_2_sig_str_ground_1': '0 of 0', 'round_2_sig_str_ground_2': '0 of 0'}","{'round_3_sig_str_head_1': '', 'round_3_sig_str_head_2': '', 'round_3_sig_str_body_1': '', 'round_3_sig_str_body_2': '', 'round_3_sig_str_leg_1': '11 of 23', 'round_3_sig_str_leg_2': '22 of 40', 'round_3_sig_str_dist_1': '47%', 'round_3_sig_str_dist_2': '55%', 'round_3_sig_str_clinch_1': '8 of 19', 'round_3_sig_str_clinch_2': '14 of 30', 'round_3_sig_str_ground_1': '0 of 0', 'round_3_sig_str_ground_2': '0 of 0'}","{'round_4_sig_str_head_1': '', 'round_4_sig_str_head_2': '', 'round_4_sig_str_body_1': '', 'round_4_sig_str_body_2': '', 'round_4_sig_str_leg_1': '11 of 23', 'round_4_sig_str_leg_2': '22 of 40', 'round_4_sig_str_dist_1': '47%', 'round_4_sig_str_dist_2': '55%', 'round_4_sig_str_clinch_1': '8 of 19', 'round_4_sig_str_clinch_2': '14 of 30', 'round_4_sig_str_ground_1': '0 of 0', 'round_4_sig_str_ground_2': '0 of 0'}","{'round_5_sig_str_head_1': '', 'round_5_sig_str_head_2': '', 'round_5_sig_str_body_1': '', 'round_5_sig_str_body_2': '', 'round_5_sig_str_leg_1': '11 of 23', 'round_5_sig_str_leg_2': '22 of 40', 'round_5_sig_str_dist_1': '47%', 'round_5_sig_str_dist_2': '55%', 'round_5_sig_str_clinch_1': '8 of 19', 'round_5_sig_str_clinch_2': '14 of 30', 'round_5_sig_str_ground_1': '0 of 0', 'round_5_sig_str_ground_2': '0 of 0'}",,,,,,,,,,,,,,,,,,
http://ufcstats.com/fight-details/91bf33ada75d6061,"February 01, 2025","Riyadh, Riyadh, Saudi Arabia",W,Jasmine Jasudavicius,,L,Mayra Bueno Silva,"""Sheetara""",Women's Flyweight Bout,Decision - Unanimous,,,,,Sal D'amato 27 - 30. Tony Weeks 27 - 30. Clemens Werner 27 - 30.,,,,,0,0,56 of 105,37 of 72,53%,51%,164 of 229,41 of 76,3 of 5,0 of 0,60%,---,0,1,,,,,,,,,,,,,,,,,,,,,,,0,0,14 of 25,10 of 18,56%,55%,35 of 51,10 of 18,1 of 2,0 of 0,50%,---,0,1,,,,,0,0,30 of 54,21 of 38,55%,55%,62 of 88,24 of 41,1 of 2,0 of 0,50%,---,0,0,,,,,0,0,12 of 26,6 of 16,46%,37%,67 of 90,7 of 17,1 of 1,0 of 0,100%,---,0,0,,,,,,,,,,,,,,,,,,,,,,,,,,,,,,,,,,,,,,,,,,,,,,,,,,,,,,,,,,,,,,,,,,,,,,,,,,,,,,,,,,,,,,,,,,,0,0,56 of 105,37 of 72,53%,51%,164 of 229,41 of 76,3 of 5,0 of 0,60%,---,"{'round_1_sig_str_head_1': '', 'round_1_sig_str_head_2': '', 'round_1_sig_str_body_1': '', 'round_1_sig_str_body_2': '', 'round_1_sig_str_leg_1': '14 of 25', 'round_1_sig_str_leg_2': '10 of 18', 'round_1_sig_str_dist_1': '56%', 'round_1_sig_str_dist_2': '55%', 'round_1_sig_str_clinch_1': '5 of 14', 'round_1_sig_str_clinch_2': '4 of 10', 'round_1_sig_str_ground_1': '5 of 7', 'round_1_sig_str_ground_2': '2 of 3'}","{'round_2_sig_str_head_1': '', 'round_2_sig_str_head_2': '', 'round_2_sig_str_body_1': '', 'round_2_sig_str_body_2': '', 'round_2_sig_str_leg_1': '14 of 25', 'round_2_sig_str_leg_2': '10 of 18', 'round_2_sig_str_dist_1': '56%', 'round_2_sig_str_dist_2': '55%', 'round_2_sig_str_clinch_1': '5 of 14', 'round_2_sig_str_clinch_2': '4 of 10', 'round_2_sig_str_ground_1': '5 of 7', 'round_2_sig_str_ground_2': '2 of 3'}","{'round_3_sig_str_head_1': '', 'round_3_sig_str_head_2': '', 'round_3_sig_str_body_1': '', 'round_3_sig_str_body_2': '', 'round_3_sig_str_leg_1': '14 of 25', 'round_3_sig_str_leg_2': '10 of 18', 'round_3_sig_str_dist_1': '56%', 'round_3_sig_str_dist_2': '55%', 'round_3_sig_str_clinch_1': '5 of 14', 'round_3_sig_str_clinch_2': '4 of 10', 'round_3_sig_str_ground_1': '5 of 7', 'round_3_sig_str_ground_2': '2 of 3'}","{'round_4_sig_str_head_1': '', 'round_4_sig_str_head_2': '', 'round_4_sig_str_body_1': '', 'round_4_sig_str_body_2': '', 'round_4_sig_str_leg_1': '14 of 25', 'round_4_sig_str_leg_2': '10 of 18', 'round_4_sig_str_dist_1': '56%', 'round_4_sig_str_dist_2': '55%', 'round_4_sig_str_clinch_1': '5 of 14', 'round_4_sig_str_clinch_2': '4 of 10', 'round_4_sig_str_ground_1': '5 of 7', 'round_4_sig_str_ground_2': '2 of 3'}","{'round_5_sig_str_head_1': '', 'round_5_sig_str_head_2': '', 'round_5_sig_str_body_1': '', 'round_5_sig_str_body_2': '', 'round_5_sig_str_leg_1': '14 of 25', 'round_5_sig_str_leg_2': '10 of 18', 'round_5_sig_str_dist_1': '56%', 'round_5_sig_str_dist_2': '55%', 'round_5_sig_str_clinch_1': '5 of 14', 'round_5_sig_str_clinch_2': '4 of 10', 'round_5_sig_str_ground_1': '5 of 7', 'round_5_sig_str_ground_2': '2 of 3'}",,,,,,,,,,,,,,,,,,
http://ufcstats.com/fight-details/e97e71a593e4c28d,"February 01, 2025","Riyadh, Riyadh, Saudi Arabia",W,Terrance McKinney,"""T. Wrecks""",L,Damir Hadzovic,"""The Bosnian Bomber""",Lightweight Bout,KO/TKO,,,,,Punches to Head From Back Control,,,,,0,0,54 of 69,4 of 13,78%,30%,69 of 90,4 of 13,0 of 0,1 of 2,---,50%,1,0,,,,,,,,,,,,,,,,,,,,,,,0,0,54 of 69,4 of 13,78%,30%,69 of 90,4 of 13,0 of 0,1 of 2,---,50%,1,0,,,,,,,,,,,,,,,,,,,,,,,,,,,,,,,,,,,,,,,,,,,,,,,,,,,,,,,,,,,,,,,,,,,,,,,,,,,,,,,,,,,,,,,,,,,,,,,,,,,,,,,,,,,,,,,,,,,,,,,,,,,,,,,0,0,54 of 69,4 of 13,78%,30%,69 of 90,4 of 13,0 of 0,1 of 2,---,50%,"{'round_1_sig_str_head_1': '', 'round_1_sig_str_head_2': '', 'round_1_sig_str_body_1': '', 'round_1_sig_str_body_2': '', 'round_1_sig_str_leg_1': '54 of 69', 'round_1_sig_str_leg_2': '4 of 13', 'round_1_sig_str_dist_1': '78%', 'round_1_sig_str_dist_2': '30%', 'round_1_sig_str_clinch_1': '53 of 67', 'round_1_sig_str_clinch_2': '3 of 9', 'round_1_sig_str_ground_1': '1 of 2', 'round_1_sig_str_ground_2': '0 of 3'}","{'round_2_sig_str_head_1': '', 'round_2_sig_str_head_2': '', 'round_2_sig_str_body_1': '', 'round_2_sig_str_body_2': '', 'round_2_sig_str_leg_1': '54 of 69', 'round_2_sig_str_leg_2': '4 of 13', 'round_2_sig_str_dist_1': '78%', 'round_2_sig_str_dist_2': '30%', 'round_2_sig_str_clinch_1': '53 of 67', 'round_2_sig_str_clinch_2': '3 of 9', 'round_2_sig_str_ground_1': '1 of 2', 'round_2_sig_str_ground_2': '0 of 3'}","{'round_3_sig_str_head_1': '', 'round_3_sig_str_head_2': '', 'round_3_sig_str_body_1': '', 'round_3_sig_str_body_2': '', 'round_3_sig_str_leg_1': '54 of 69', 'round_3_sig_str_leg_2': '4 of 13', 'round_3_sig_str_dist_1': '78%', 'round_3_sig_str_dist_2': '30%', 'round_3_sig_str_clinch_1': '53 of 67', 'round_3_sig_str_clinch_2': '3 of 9', 'round_3_sig_str_ground_1': '1 of 2', 'round_3_sig_str_ground_2': '0 of 3'}","{'round_4_sig_str_head_1': '', 'round_4_sig_str_head_2': '', 'round_4_sig_str_body_1': '', 'round_4_sig_str_body_2': '', 'round_4_sig_str_leg_1': '54 of 69', 'round_4_sig_str_leg_2': '4 of 13', 'round_4_sig_str_dist_1': '78%', 'round_4_sig_str_dist_2': '30%', 'round_4_sig_str_clinch_1': '53 of 67', 'round_4_sig_str_clinch_2': '3 of 9', 'round_4_sig_str_ground_1': '1 of 2', 'round_4_sig_str_ground_2': '0 of 3'}","{'round_5_sig_str_head_1': '', 'round_5_sig_str_head_2': '', 'round_5_sig_str_body_1': '', 'round_5_sig_str_body_2': '', 'round_5_sig_str_leg_1': '54 of 69', 'round_5_sig_str_leg_2': '4 of 13', 'round_5_sig_str_dist_1': '78%', 'round_5_sig_str_dist_2': '30%', 'round_5_sig_str_clinch_1': '53 of 67', 'round_5_sig_str_clinch_2': '3 of 9', 'round_5_sig_str_ground_1': '1 of 2', 'round_5_sig_str_ground_2': '0 of 3'}",,,,,,,,,,,,,,,,,,
http://ufcstats.com/fight-details/43bbaf06603b0f0c,"February 01, 2025","Riyadh, Riyadh, Saudi Arabia",W,Shamil Gaziev,,L,Thomas Petersen,"""The Train""",Heavyweight Bout,KO/TKO,,,,,Punch to Head At Distance,,,,,1,0,14 of 32,19 of 34,43%,55%,14 of 32,19 of 35,0 of 0,1 of 1,---,100%,0,0,,,,,,,,,,,,,,,,,,,,,,,1,0,14 of 32,19 of 34,43%,55%,14 of 32,19 of 35,0 of 0,1 of 1,---,100%,0,0,,,,,,,,,,,,,,,,,,,,,,,,,,,,,,,,,,,,,,,,,,,,,,,,,,,,,,,,,,,,,,,,,,,,,,,,,,,,,,,,,,,,,,,,,,,,,,,,,,,,,,,,,,,,,,,,,,,,,,,,,,,,,,,1,0,14 of 32,19 of 34,43%,55%,14 of 32,19 of 35,0 of 0,1 of 1,---,100%,"{'round_1_sig_str_head_1': '', 'round_1_sig_str_head_2': '', 'round_1_sig_str_body_1': '', 'round_1_sig_str_body_2': '', 'round_1_sig_str_leg_1': '14 of 32', 'round_1_sig_str_leg_2': '19 of 34', 'round_1_sig_str_dist_1': '43%', 'round_1_sig_str_dist_2': '55%', 'round_1_sig_str_clinch_1': '9 of 27', 'round_1_sig_str_clinch_2': '4 of 18', 'round_1_sig_str_ground_1': '5 of 5', 'round_1_sig_str_ground_2': '7 of 8'}","{'round_2_sig_str_head_1': '', 'round_2_sig_str_head_2': '', 'round_2_sig_str_body_1': '', 'round_2_sig_str_body_2': '', 'round_2_sig_str_leg_1': '14 of 32', 'round_2_sig_str_leg_2': '19 of 34', 'round_2_sig_str_dist_1': '43%', 'round_2_sig_str_dist_2': '55%', 'round_2_sig_str_clinch_1': '9 of 27', 'round_2_sig_str_clinch_2': '4 of 18', 'round_2_sig_str_ground_1': '5 of 5', 'round_2_sig_str_ground_2': '7 of 8'}","{'round_3_sig_str_head_1': '', 'round_3_sig_str_head_2': '', 'round_3_sig_str_body_1': '', 'round_3_sig_str_body_2': '', 'round_3_sig_str_leg_1': '14 of 32', 'round_3_sig_str_leg_2': '19 of 34', 'round_3_sig_str_dist_1': '43%', 'round_3_sig_str_dist_2': '55%', 'round_3_sig_str_clinch_1': '9 of 27', 'round_3_sig_str_clinch_2': '4 of 18', 'round_3_sig_str_ground_1': '5 of 5', 'round_3_sig_str_ground_2': '7 of 8'}","{'round_4_sig_str_head_1': '', 'round_4_sig_str_head_2': '', 'round_4_sig_str_body_1': '', 'round_4_sig_str_body_2': '', 'round_4_sig_str_leg_1': '14 of 32', 'round_4_sig_str_leg_2': '19 of 34', 'round_4_sig_str_dist_1': '43%', 'round_4_sig_str_dist_2': '55%', 'round_4_sig_str_clinch_1': '9 of 27', 'round_4_sig_str_clinch_2': '4 of 18', 'round_4_sig_str_ground_1': '5 of 5', 'round_4_sig_str_ground_2': '7 of 8'}","{'round_5_sig_str_head_1': '', 'round_5_sig_str_head_2': '', 'round_5_sig_str_body_1': '', 'round_5_sig_str_body_2': '', 'round_5_sig_str_leg_1': '14 of 32', 'round_5_sig_str_leg_2': '19 of 34', 'round_5_sig_str_dist_1': '43%', 'round_5_sig_str_dist_2': '55%', 'round_5_sig_str_clinch_1': '9 of 27', 'round_5_sig_str_clinch_2': '4 of 18', 'round_5_sig_str_ground_1': '5 of 5', 'round_5_sig_str_ground_2': '7 of 8'}",,,,,,,,,,,,,,,,,,
http://ufcstats.com/fight-details/70b8dca3addcf4de,"February 01, 2025","Riyadh, Riyadh, Saudi Arabia",L,Said Nurmagomedov,,W,Vinicius Oliveira,"""LokDog""",,Decision - Unanimous,,,,,Ben Cartlidge 28 - 29. Jacob Montalvo 28 - 29. Tony Weeks 28 - 29.,,,,,0,0,38 of 79,43 of 94,48%,45%,69 of 111,68 of 125,1 of 9,3 of 5,11%,60%,0,1,,,,,,,,,,,,,,,,,,,,,,,0,0,12 of 21,3 of 14,57%,21%,28 of 37,5 of 16,1 of 1,2 of 4,100%,50%,0,0,,,,,0,0,13 of 38,21 of 45,34%,46%,21 of 46,26 of 51,0 of 5,1 of 1,0%,100%,0,0,,,,,0,0,13 of 20,19 of 35,65%,54%,20 of 28,37 of 58,0 of 3,0 of 0,0%,---,0,1,,,,,,,,,,,,,,,,,,,,,,,,,,,,,,,,,,,,,,,,,,,,,,,,,,,,,,,,,,,,,,,,,,,,,,,,,,,,,,,,,,,,,,,,,,,0,0,38 of 79,43 of 94,48%,45%,69 of 111,68 of 125,1 of 9,3 of 5,11%,60%,"{'round_1_sig_str_head_1': '', 'round_1_sig_str_head_2': '', 'round_1_sig_str_body_1': '', 'round_1_sig_str_body_2': '', 'round_1_sig_str_leg_1': '12 of 21', 'round_1_sig_str_leg_2': '3 of 14', 'round_1_sig_str_dist_1': '57%', 'round_1_sig_str_dist_2': '21%', 'round_1_sig_str_clinch_1': '6 of 14', 'round_1_sig_str_clinch_2': '2 of 9', 'round_1_sig_str_ground_1': '2 of 3', 'round_1_sig_str_ground_2': '1 of 2'}","{'round_2_sig_str_head_1': '', 'round_2_sig_str_head_2': '', 'round_2_sig_str_body_1': '', 'round_2_sig_str_body_2': '', 'round_2_sig_str_leg_1': '12 of 21', 'round_2_sig_str_leg_2': '3 of 14', 'round_2_sig_str_dist_1': '57%', 'round_2_sig_str_dist_2': '21%', 'round_2_sig_str_clinch_1': '6 of 14', 'round_2_sig_str_clinch_2': '2 of 9', 'round_2_sig_str_ground_1': '2 of 3', 'round_2_sig_str_ground_2': '1 of 2'}","{'round_3_sig_str_head_1': '', 'round_3_sig_str_head_2': '', 'round_3_sig_str_body_1': '', 'round_3_sig_str_body_2': '', 'round_3_sig_str_leg_1': '12 of 21', 'round_3_sig_str_leg_2': '3 of 14', 'round_3_sig_str_dist_1': '57%', 'round_3_sig_str_dist_2': '21%', 'round_3_sig_str_clinch_1': '6 of 14', 'round_3_sig_str_clinch_2': '2 of 9', 'round_3_sig_str_ground_1': '2 of 3', 'round_3_sig_str_ground_2': '1 of 2'}","{'round_4_sig_str_head_1': '', 'round_4_sig_str_head_2': '', 'round_4_sig_str_body_1': '', 'round_4_sig_str_body_2': '', 'round_4_sig_str_leg_1': '12 of 21', 'round_4_sig_str_leg_2': '3 of 14', 'round_4_sig_str_dist_1': '57%', 'round_4_sig_str_dist_2': '21%', 'round_4_sig_str_clinch_1': '6 of 14', 'round_4_sig_str_clinch_2': '2 of 9', 'round_4_sig_str_ground_1': '2 of 3', 'round_4_sig_str_ground_2': '1 of 2'}","{'round_5_sig_str_head_1': '', 'round_5_sig_str_head_2': '', 'round_5_sig_str_body_1': '', 'round_5_sig_str_body_2': '', 'round_5_sig_str_leg_1': '12 of 21', 'round_5_sig_str_leg_2': '3 of 14', 'round_5_sig_str_dist_1': '57%', 'round_5_sig_str_dist_2': '21%', 'round_5_sig_str_clinch_1': '6 of 14', 'round_5_sig_str_clinch_2': '2 of 9', 'round_5_sig_str_ground_1': '2 of 3', 'round_5_sig_str_ground_2': '1 of 2'}",,,,,,,,,,,,,,,,,,
http://ufcstats.com/fight-details/940f586104bf8bc8,"February 01, 2025","Riyadh, Riyadh, Saudi Arabia",W,Muhammad Naimov,"""Hillman""",L,Kaan Ofli,"""Genghis""",Featherweight Bout,Decision - Unanimous,,,,,Ben Cartlidge 27 - 30. Tony Weeks 27 - 30. Mike Bell 28 - 29.,,,,,0,0,32 of 92,31 of 66,34%,46%,79 of 176,57 of 97,2 of 2,0 of 6,100%,0%,0,0,,,,,,,,,,,,,,,,,,,,,,,0,0,14 of 34,11 of 27,41%,40%,32 of 56,23 of 41,1 of 1,0 of 1,100%,0%,0,0,,,,,0,0,10 of 33,11 of 21,30%,52%,25 of 51,19 of 31,1 of 1,0 of 3,100%,0%,0,0,,,,,0,0,8 of 25,9 of 18,32%,50%,22 of 69,15 of 25,0 of 0,0 of 2,---,0%,0,0,,,,,,,,,,,,,,,,,,,,,,,,,,,,,,,,,,,,,,,,,,,,,,,,,,,,,,,,,,,,,,,,,,,,,,,,,,,,,,,,,,,,,,,,,,,0,0,32 of 92,31 of 66,34%,46%,79 of 176,57 of 97,2 of 2,0 of 6,100%,0%,"{'round_1_sig_str_head_1': '', 'round_1_sig_str_head_2': '', 'round_1_sig_str_body_1': '', 'round_1_sig_str_body_2': '', 'round_1_sig_str_leg_1': '14 of 34', 'round_1_sig_str_leg_2': '11 of 27', 'round_1_sig_str_dist_1': '41%', 'round_1_sig_str_dist_2': '40%', 'round_1_sig_str_clinch_1': '7 of 23', 'round_1_sig_str_clinch_2': '2 of 12', 'round_1_sig_str_ground_1': '6 of 10', 'round_1_sig_str_ground_2': '7 of 9'}","{'round_2_sig_str_head_1': '', 'round_2_sig_str_head_2': '', 'round_2_sig_str_body_1': '', 'round_2_sig_str_body_2': '', 'round_2_sig_str_leg_1': '14 of 34', 'round_2_sig_str_leg_2': '11 of 27', 'round_2_sig_str_dist_1': '41%', 'round_2_sig_str_dist_2': '40%', 'round_2_sig_str_clinch_1': '7 of 23', 'round_2_sig_str_clinch_2': '2 of 12', 'round_2_sig_str_ground_1': '6 of 10', 'round_2_sig_str_ground_2': '7 of 9'}","{'round_3_sig_str_head_1': '', 'round_3_sig_str_head_2': '', 'round_3_sig_str_body_1': '', 'round_3_sig_str_body_2': '', 'round_3_sig_str_leg_1': '14 of 34', 'round_3_sig_str_leg_2': '11 of 27', 'round_3_sig_str_dist_1': '41%', 'round_3_sig_str_dist_2': '40%', 'round_3_sig_str_clinch_1': '7 of 23', 'round_3_sig_str_clinch_2': '2 of 12', 'round_3_sig_str_ground_1': '6 of 10', 'round_3_sig_str_ground_2': '7 of 9'}","{'round_4_sig_str_head_1': '', 'round_4_sig_str_head_2': '', 'round_4_sig_str_body_1': '', 'round_4_sig_str_body_2': '', 'round_4_sig_str_leg_1': '14 of 34', 'round_4_sig_str_leg_2': '11 of 27', 'round_4_sig_str_dist_1': '41%', 'round_4_sig_str_dist_2': '40%', 'round_4_sig_str_clinch_1': '7 of 23', 'round_4_sig_str_clinch_2': '2 of 12', 'round_4_sig_str_ground_1': '6 of 10', 'round_4_sig_str_ground_2': '7 of 9'}","{'round_5_sig_str_head_1': '', 'round_5_sig_str_head_2': '', 'round_5_sig_str_body_1': '', 'round_5_sig_str_body_2': '', 'round_5_sig_str_leg_1': '14 of 34', 'round_5_sig_str_leg_2': '11 of 27', 'round_5_sig_str_dist_1': '41%', 'round_5_sig_str_dist_2': '40%', 'round_5_sig_str_clinch_1': '7 of 23', 'round_5_sig_str_clinch_2': '2 of 12', 'round_5_sig_str_ground_1': '6 of 10', 'round_5_sig_str_ground_2': '7 of 9'}",,,,,,,,,,,,,,,,,,
http://ufcstats.com/fight-details/775788423f5eeb99,"February 01, 2025","Riyadh, Riyadh, Saudi Arabia",W,Fares Ziam,"""Smile Killer""",L,Mike Davis,"""Beast Boy""",Lightweight Bout,Decision - Unanimous,,,,,Sal D'amato 27 - 30. David Lethaby 27 - 30. Clemens Werner 27 - 30.,,,,,0,0,35 of 56,20 of 35,62%,57%,58 of 83,30 of 49,4 of 7,1 of 8,57%,12%,0,1,,,,,,,,,,,,,,,,,,,,,,,0,0,16 of 24,8 of 15,66%,53%,20 of 29,10 of 18,1 of 1,1 of 5,100%,20%,0,0,,,,,0,0,10 of 18,6 of 8,55%,75%,23 of 33,8 of 10,1 of 2,0 of 3,50%,0%,0,1,,,,,0,0,9 of 14,6 of 12,64%,50%,15 of 21,12 of 21,2 of 4,0 of 0,50%,---,0,0,,,,,,,,,,,,,,,,,,,,,,,,,,,,,,,,,,,,,,,,,,,,,,,,,,,,,,,,,,,,,,,,,,,,,,,,,,,,,,,,,,,,,,,,,,,0,0,35 of 56,20 of 35,62%,57%,58 of 83,30 of 49,4 of 7,1 of 8,57%,12%,"{'round_1_sig_str_head_1': '', 'round_1_sig_str_head_2': '', 'round_1_sig_str_body_1': '', 'round_1_sig_str_body_2': '', 'round_1_sig_str_leg_1': '16 of 24', 'round_1_sig_str_leg_2': '8 of 15', 'round_1_sig_str_dist_1': '66%', 'round_1_sig_str_dist_2': '53%', 'round_1_sig_str_clinch_1': '12 of 20', 'round_1_sig_str_clinch_2': '3 of 8', 'round_1_sig_str_ground_1': '3 of 3', 'round_1_sig_str_ground_2': '4 of 5'}","{'round_2_sig_str_head_1': '', 'round_2_sig_str_head_2': '', 'round_2_sig_str_body_1': '', 'round_2_sig_str_body_2': '', 'round_2_sig_str_leg_1': '16 of 24', 'round_2_sig_str_leg_2': '8 of 15', 'round_2_sig_str_dist_1': '66%', 'round_2_sig_str_dist_2': '53%', 'round_2_sig_str_clinch_1': '12 of 20', 'round_2_sig_str_clinch_2': '3 of 8', 'round_2_sig_str_ground_1': '3 of 3', 'round_2_sig_str_ground_2': '4 of 5'}","{'round_3_sig_str_head_1': '', 'round_3_sig_str_head_2': '', 'round_3_sig_str_body_1': '', 'round_3_sig_str_body_2': '', 'round_3_sig_str_leg_1': '16 of 24', 'round_3_sig_str_leg_2': '8 of 15', 'round_3_sig_str_dist_1': '66%', 'round_3_sig_str_dist_2': '53%', 'round_3_sig_str_clinch_1': '12 of 20', 'round_3_sig_str_clinch_2': '3 of 8', 'round_3_sig_str_ground_1': '3 of 3', 'round_3_sig_str_ground_2': '4 of 5'}","{'round_4_sig_str_head_1': '', 'round_4_sig_str_head_2': '', 'round_4_sig_str_body_1': '', 'round_4_sig_str_body_2': '', 'round_4_sig_str_leg_1': '16 of 24', 'round_4_sig_str_leg_2': '8 of 15', 'round_4_sig_str_dist_1': '66%', 'round_4_sig_str_dist_2': '53%', 'round_4_sig_str_clinch_1': '12 of 20', 'round_4_sig_str_clinch_2': '3 of 8', 'round_4_sig_str_ground_1': '3 of 3', 'round_4_sig_str_ground_2': '4 of 5'}","{'round_5_sig_str_head_1': '', 'round_5_sig_str_head_2': '', 'round_5_sig_str_body_1': '', 'round_5_sig_str_body_2': '', 'round_5_sig_str_leg_1': '16 of 24', 'round_5_sig_str_leg_2': '8 of 15', 'round_5_sig_str_dist_1': '66%', 'round_5_sig_str_dist_2': '53%', 'round_5_sig_str_clinch_1': '12 of 20', 'round_5_sig_str_clinch_2': '3 of 8', 'round_5_sig_str_ground_1': '3 of 3', 'round_5_sig_str_ground_2': '4 of 5'}",,,,,,,,,,,,,,,,,,
http://ufcstats.com/fight-details/426e7a3de68117b0,"February 01, 2025","Riyadh, Riyadh, Saudi Arabia",L,Shara Magomedov,"""Bullet""",W,Michael Page,"""Venom""",Middleweight Bout,Decision - Unanimous,,,,,Jacob Montalvo 27 - 30. Clemens Werner 27 - 30. Mike Bell 28 - 29.,,,,,0,0,38 of 87,43 of 75,43%,57%,50 of 102,47 of 81,0 of 0,0 of 1,---,0%,0,0,,,,,,,,,,,,,,,,,,,,,,,0,0,9 of 25,13 of 21,36%,61%,9 of 25,13 of 21,0 of 0,0 of 1,---,0%,0,0,,,,,0,0,7 of 30,14 of 25,23%,56%,9 of 32,15 of 26,0 of 0,0 of 0,---,---,0,0,,,,,0,0,22 of 32,16 of 29,68%,55%,32 of 45,19 of 34,0 of 0,0 of 0,---,---,0,0,,,,,,,,,,,,,,,,,,,,,,,,,,,,,,,,,,,,,,,,,,,,,,,,,,,,,,,,,,,,,,,,,,,,,,,,,,,,,,,,,,,,,,,,,,,0,0,38 of 87,43 of 75,43%,57%,50 of 102,47 of 81,0 of 0,0 of 1,---,0%,"{'round_1_sig_str_head_1': '', 'round_1_sig_str_head_2': '', 'round_1_sig_str_body_1': '', 'round_1_sig_str_body_2': '', 'round_1_sig_str_leg_1': '9 of 25', 'round_1_sig_str_leg_2': '13 of 21', 'round_1_sig_str_dist_1': '36%', 'round_1_sig_str_dist_2': '61%', 'round_1_sig_str_clinch_1': '1 of 10', 'round_1_sig_str_clinch_2': '7 of 14', 'round_1_sig_str_ground_1': '2 of 3', 'round_1_sig_str_ground_2': '1 of 2'}","{'round_2_sig_str_head_1': '', 'round_2_sig_str_head_2': '', 'round_2_sig_str_body_1': '', 'round_2_sig_str_body_2': '', 'round_2_sig_str_leg_1': '9 of 25', 'round_2_sig_str_leg_2': '13 of 21', 'round_2_sig_str_dist_1': '36%', 'round_2_sig_str_dist_2': '61%', 'round_2_sig_str_clinch_1': '1 of 10', 'round_2_sig_str_clinch_2': '7 of 14', 'round_2_sig_str_ground_1': '2 of 3', 'round_2_sig_str_ground_2': '1 of 2'}","{'round_3_sig_str_head_1': '', 'round_3_sig_str_head_2': '', 'round_3_sig_str_body_1': '', 'round_3_sig_str_body_2': '', 'round_3_sig_str_leg_1': '9 of 25', 'round_3_sig_str_leg_2': '13 of 21', 'round_3_sig_str_dist_1': '36%', 'round_3_sig_str_dist_2': '61%', 'round_3_sig_str_clinch_1': '1 of 10', 'round_3_sig_str_clinch_2': '7 of 14', 'round_3_sig_str_ground_1': '2 of 3', 'round_3_sig_str_ground_2': '1 of 2'}","{'round_4_sig_str_head_1': '', 'round_4_sig_str_head_2': '', 'round_4_sig_str_body_1': '', 'round_4_sig_str_body_2': '', 'round_4_sig_str_leg_1': '9 of 25', 'round_4_sig_str_leg_2': '13 of 21', 'round_4_sig_str_dist_1': '36%', 'round_4_sig_str_dist_2': '61%', 'round_4_sig_str_clinch_1': '1 of 10', 'round_4_sig_str_clinch_2': '7 of 14', 'round_4_sig_str_ground_1': '2 of 3', 'round_4_sig_str_ground_2': '1 of 2'}","{'round_5_sig_str_head_1': '', 'round_5_sig_str_head_2': '', 'round_5_sig_str_body_1': '', 'round_5_sig_str_body_2': '', 'round_5_sig_str_leg_1': '9 of 25', 'round_5_sig_str_leg_2': '13 of 21', 'round_5_sig_str_dist_1': '36%', 'round_5_sig_str_dist_2': '61%', 'round_5_sig_str_clinch_1': '1 of 10', 'round_5_sig_str_clinch_2': '7 of 14', 'round_5_sig_str_ground_1': '2 of 3', 'round_5_sig_str_ground_2': '1 of 2'}",,,,,,,,,,,,,,,,,,
http://ufcstats.com/fight-details/3c00f34f20c8a189,"February 01, 2025","Riyadh, Riyadh, Saudi Arabia",W,Sergei Pavlovich,,L,Jairzinho Rozenstruik,"""Bigi Boy""",Heavyweight Bout,Decision - Unanimous,,,,,Sal D'amato 27 - 30. David Lethaby 27 - 30. Clemens Werner 27 - 30.,,,,,0,0,25 of 60,17 of 55,41%,30%,145 of 208,23 of 63,2 of 2,0 of 0,100%,---,0,0,,,,,,,,,,,,,,,,,,,,,,,0,0,11 of 23,7 of 15,47%,46%,32 of 51,9 of 18,0 of 0,0 of 0,---,---,0,0,,,,,0,0,3 of 19,6 of 17,15%,35%,39 of 64,8 of 19,1 of 1,0 of 0,100%,---,0,0,,,,,0,0,11 of 18,4 of 23,61%,17%,74 of 93,6 of 26,1 of 1,0 of 0,100%,---,0,0,,,,,,,,,,,,,,,,,,,,,,,,,,,,,,,,,,,,,,,,,,,,,,,,,,,,,,,,,,,,,,,,,,,,,,,,,,,,,,,,,,,,,,,,,,,0,0,25 of 60,17 of 55,41%,30%,145 of 208,23 of 63,2 of 2,0 of 0,100%,---,"{'round_1_sig_str_head_1': '', 'round_1_sig_str_head_2': '', 'round_1_sig_str_body_1': '', 'round_1_sig_str_body_2': '', 'round_1_sig_str_leg_1': '11 of 23', 'round_1_sig_str_leg_2': '7 of 15', 'round_1_sig_str_dist_1': '47%', 'round_1_sig_str_dist_2': '46%', 'round_1_sig_str_clinch_1': '9 of 21', 'round_1_sig_str_clinch_2': '0 of 8', 'round_1_sig_str_ground_1': '0 of 0', 'round_1_sig_str_ground_2': '2 of 2'}","{'round_2_sig_str_head_1': '', 'round_2_sig_str_head_2': '', 'round_2_sig_str_body_1': '', 'round_2_sig_str_body_2': '', 'round_2_sig_str_leg_1': '11 of 23', 'round_2_sig_str_leg_2': '7 of 15', 'round_2_sig_str_dist_1': '47%', 'round_2_sig_str_dist_2': '46%', 'round_2_sig_str_clinch_1': '9 of 21', 'round_2_sig_str_clinch_2': '0 of 8', 'round_2_sig_str_ground_1': '0 of 0', 'round_2_sig_str_ground_2': '2 of 2'}","{'round_3_sig_str_head_1': '', 'round_3_sig_str_head_2': '', 'round_3_sig_str_body_1': '', 'round_3_sig_str_body_2': '', 'round_3_sig_str_leg_1': '11 of 23', 'round_3_sig_str_leg_2': '7 of 15', 'round_3_sig_str_dist_1': '47%', 'round_3_sig_str_dist_2': '46%', 'round_3_sig_str_clinch_1': '9 of 21', 'round_3_sig_str_clinch_2': '0 of 8', 'round_3_sig_str_ground_1': '0 of 0', 'round_3_sig_str_ground_2': '2 of 2'}","{'round_4_sig_str_head_1': '', 'round_4_sig_str_head_2': '', 'round_4_sig_str_body_1': '', 'round_4_sig_str_body_2': '', 'round_4_sig_str_leg_1': '11 of 23', 'round_4_sig_str_leg_2': '7 of 15', 'round_4_sig_str_dist_1': '47%', 'round_4_sig_str_dist_2': '46%', 'round_4_sig_str_clinch_1': '9 of 21', 'round_4_sig_str_clinch_2': '0 of 8', 'round_4_sig_str_ground_1': '0 of 0', 'round_4_sig_str_ground_2': '2 of 2'}","{'round_5_sig_str_head_1': '', 'round_5_sig_str_head_2': '', 'round_5_sig_str_body_1': '', 'round_5_sig_str_body_2': '', 'round_5_sig_str_leg_1': '11 of 23', 'round_5_sig_str_leg_2': '7 of 15', 'round_5_sig_str_dist_1': '47%', 'round_5_sig_str_dist_2': '46%', 'round_5_sig_str_clinch_1': '9 of 21', 'round_5_sig_str_clinch_2': '0 of 8', 'round_5_sig_str_ground_1': '0 of 0', 'round_5_sig_str_ground_2': '2 of 2'}",,,,,,,,,,,,,,,,,,
http://ufcstats.com/fight-details/c7fadbdfdc14c282,"February 08, 2025","Sydney, New South Wales, Australia",L,Colby Thicknesse,"""Slickness""",W,Aleksandre Topuria,"""El Conquistador""",Bantamweight Bout,Decision - Unanimous,,,,,Mike Bell 27 - 30. Ben Cartlidge 27 - 30. Charlie Keech 27 - 30.,,,,,0,0,38 of 127,41 of 79,29%,51%,40 of 131,65 of 110,0 of 8,1 of 2,0%,50%,0,0,,,,,,,,,,,,,,,,,,,,,,,0,0,13 of 46,18 of 32,28%,56%,13 of 47,20 of 34,0 of 3,1 of 1,0%,100%,0,0,,,,,0,0,21 of 70,22 of 43,30%,51%,21 of 71,22 of 43,0 of 3,0 of 0,0%,---,0,0,,,,,0,0,4 of 11,1 of 4,36%,25%,6 of 13,23 of 33,0 of 2,0 of 1,0%,0%,0,0,,,,,,,,,,,,,,,,,,,,,,,,,,,,,,,,,,,,,,,,,,,,,,,,,,,,,,,,,,,,,,,,,,,,,,,,,,,,,,,,,,,,,,,,,,,0,0,38 of 127,41 of 79,29%,51%,40 of 131,65 of 110,0 of 8,1 of 2,0%,50%,"{'round_1_sig_str_head_1': '', 'round_1_sig_str_head_2': '', 'round_1_sig_str_body_1': '', 'round_1_sig_str_body_2': '', 'round_1_sig_str_leg_1': '13 of 46', 'round_1_sig_str_leg_2': '18 of 32', 'round_1_sig_str_dist_1': '28%', 'round_1_sig_str_dist_2': '56%', 'round_1_sig_str_clinch_1': '6 of 32', 'round_1_sig_str_clinch_2': '7 of 20', 'round_1_sig_str_ground_1': '5 of 11', 'round_1_sig_str_ground_2': '11 of 12'}","{'round_2_sig_str_head_1': '', 'round_2_sig_str_head_2': '', 'round_2_sig_str_body_1': '', 'round_2_sig_str_body_2': '', 'round_2_sig_str_leg_1': '13 of 46', 'round_2_sig_str_leg_2': '18 of 32', 'round_2_sig_str_dist_1': '28%', 'round_2_sig_str_dist_2': '56%', 'round_2_sig_str_clinch_1': '6 of 32', 'round_2_sig_str_clinch_2': '7 of 20', 'round_2_sig_str_ground_1': '5 of 11', 'round_2_sig_str_ground_2': '11 of 12'}","{'round_3_sig_str_head_1': '', 'round_3_sig_str_head_2': '', 'round_3_sig_str_body_1': '', 'round_3_sig_str_body_2': '', 'round_3_sig_str_leg_1': '13 of 46', 'round_3_sig_str_leg_2': '18 of 32', 'round_3_sig_str_dist_1': '28%', 'round_3_sig_str_dist_2': '56%', 'round_3_sig_str_clinch_1': '6 of 32', 'round_3_sig_str_clinch_2': '7 of 20', 'round_3_sig_str_ground_1': '5 of 11', 'round_3_sig_str_ground_2': '11 of 12'}","{'round_4_sig_str_head_1': '', 'round_4_sig_str_head_2': '', 'round_4_sig_str_body_1': '', 'round_4_sig_str_body_2': '', 'round_4_sig_str_leg_1': '13 of 46', 'round_4_sig_str_leg_2': '18 of 32', 'round_4_sig_str_dist_1': '28%', 'round_4_sig_str_dist_2': '56%', 'round_4_sig_str_clinch_1': '6 of 32', 'round_4_sig_str_clinch_2': '7 of 20', 'round_4_sig_str_ground_1': '5 of 11', 'round_4_sig_str_ground_2': '11 of 12'}","{'round_5_sig_str_head_1': '', 'round_5_sig_str_head_2': '', 'round_5_sig_str_body_1': '', 'round_5_sig_str_body_2': '', 'round_5_sig_str_leg_1': '13 of 46', 'round_5_sig_str_leg_2': '18 of 32', 'round_5_sig_str_dist_1': '28%', 'round_5_sig_str_dist_2': '56%', 'round_5_sig_str_clinch_1': '6 of 32', 'round_5_sig_str_clinch_2': '7 of 20', 'round_5_sig_str_ground_1': '5 of 11', 'round_5_sig_str_ground_2': '11 of 12'}",,,,,,,,,,,,,,,,,,
http://ufcstats.com/fight-details/85e79748b75eb30e,"February 01, 2025","Riyadh, Riyadh, Saudi Arabia",L,Israel Adesanya,"""The Last Stylebender""",W,Nassourdine Imavov,"""The Sniper""",,KO/TKO,,,,,Punch to Head At Distance,,,,,0,1,26 of 50,15 of 31,52%,48%,32 of 56,18 of 34,0 of 1,0 of 3,0%,0%,0,0,,,,,,,,,,,,,,,,,,,,,,,0,0,20 of 44,8 of 21,45%,38%,26 of 50,10 of 23,0 of 1,0 of 3,0%,0%,0,0,,,,,0,1,6 of 6,7 of 10,100%,70%,6 of 6,8 of 11,0 of 0,0 of 0,---,---,0,0,,,,,,,,,,,,,,,,,,,,,,,,,,,,,,,,,,,,,,,,,,,,,,,,,,,,,,,,,,,,,,,,,,,,,,,,,,,,,,,,,,,,,,,,,,,,,,,,,,,,,,,,,,,,,0,1,26 of 50,15 of 31,52%,48%,32 of 56,18 of 34,0 of 1,0 of 3,0%,0%,"{'round_1_sig_str_head_1': '', 'round_1_sig_str_head_2': '', 'round_1_sig_str_body_1': '', 'round_1_sig_str_body_2': '', 'round_1_sig_str_leg_1': '20 of 44', 'round_1_sig_str_leg_2': '8 of 21', 'round_1_sig_str_dist_1': '45%', 'round_1_sig_str_dist_2': '38%', 'round_1_sig_str_clinch_1': '8 of 27', 'round_1_sig_str_clinch_2': '3 of 13', 'round_1_sig_str_ground_1': '3 of 5', 'round_1_sig_str_ground_2': '0 of 2'}","{'round_2_sig_str_head_1': '', 'round_2_sig_str_head_2': '', 'round_2_sig_str_body_1': '', 'round_2_sig_str_body_2': '', 'round_2_sig_str_leg_1': '20 of 44', 'round_2_sig_str_leg_2': '8 of 21', 'round_2_sig_str_dist_1': '45%', 'round_2_sig_str_dist_2': '38%', 'round_2_sig_str_clinch_1': '8 of 27', 'round_2_sig_str_clinch_2': '3 of 13', 'round_2_sig_str_ground_1': '3 of 5', 'round_2_sig_str_ground_2': '0 of 2'}","{'round_3_sig_str_head_1': '', 'round_3_sig_str_head_2': '', 'round_3_sig_str_body_1': '', 'round_3_sig_str_body_2': '', 'round_3_sig_str_leg_1': '20 of 44', 'round_3_sig_str_leg_2': '8 of 21', 'round_3_sig_str_dist_1': '45%', 'round_3_sig_str_dist_2': '38%', 'round_3_sig_str_clinch_1': '8 of 27', 'round_3_sig_str_clinch_2': '3 of 13', 'round_3_sig_str_ground_1': '3 of 5', 'round_3_sig_str_ground_2': '0 of 2'}","{'round_4_sig_str_head_1': '', 'round_4_sig_str_head_2': '', 'round_4_sig_str_body_1': '', 'round_4_sig_str_body_2': '', 'round_4_sig_str_leg_1': '20 of 44', 'round_4_sig_str_leg_2': '8 of 21', 'round_4_sig_str_dist_1': '45%', 'round_4_sig_str_dist_2': '38%', 'round_4_sig_str_clinch_1': '8 of 27', 'round_4_sig_str_clinch_2': '3 of 13', 'round_4_sig_str_ground_1': '3 of 5', 'round_4_sig_str_ground_2': '0 of 2'}","{'round_5_sig_str_head_1': '', 'round_5_sig_str_head_2': '', 'round_5_sig_str_body_1': '', 'round_5_sig_str_body_2': '', 'round_5_sig_str_leg_1': '20 of 44', 'round_5_sig_str_leg_2': '8 of 21', 'round_5_sig_str_dist_1': '45%', 'round_5_sig_str_dist_2': '38%', 'round_5_sig_str_clinch_1': '8 of 27', 'round_5_sig_str_clinch_2': '3 of 13', 'round_5_sig_str_ground_1': '3 of 5', 'round_5_sig_str_ground_2': '0 of 2'}",,,,,,,,,,,,,,,,,,
http://ufcstats.com/fight-details/1f70a4516a70abf2,"February 08, 2025","Sydney, New South Wales, Australia",W,Rongzhu,,L,Kody Steele,,,Decision - Unanimous,,,,,Sal D'amato 27 - 30. Evan Field 27 - 30. Clemens Werner 27 - 30.,,,,,1,0,125 of 241,59 of 209,51%,28%,126 of 243,59 of 209,0 of 0,1 of 4,---,25%,0,0,,,,,,,,,,,,,,,,,,,,,,,0,0,33 of 75,27 of 86,44%,31%,34 of 76,27 of 86,0 of 0,1 of 3,---,33%,0,0,,,,,1,0,32 of 64,9 of 36,50%,25%,32 of 65,9 of 36,0 of 0,0 of 1,---,0%,0,0,,,,,0,0,60 of 102,23 of 87,58%,26%,60 of 102,23 of 87,0 of 0,0 of 0,---,---,0,0,,,,,,,,,,,,,,,,,,,,,,,,,,,,,,,,,,,,,,,,,,,,,,,,,,,,,,,,,,,,,,,,,,,,,,,,,,,,,,,,,,,,,,,,,,,1,0,125 of 241,59 of 209,51%,28%,126 of 243,59 of 209,0 of 0,1 of 4,---,25%,"{'round_1_sig_str_head_1': '', 'round_1_sig_str_head_2': '', 'round_1_sig_str_body_1': '', 'round_1_sig_str_body_2': '', 'round_1_sig_str_leg_1': '33 of 75', 'round_1_sig_str_leg_2': '27 of 86', 'round_1_sig_str_dist_1': '44%', 'round_1_sig_str_dist_2': '31%', 'round_1_sig_str_clinch_1': '27 of 69', 'round_1_sig_str_clinch_2': '21 of 79', 'round_1_sig_str_ground_1': '2 of 2', 'round_1_sig_str_ground_2': '4 of 4'}","{'round_2_sig_str_head_1': '', 'round_2_sig_str_head_2': '', 'round_2_sig_str_body_1': '', 'round_2_sig_str_body_2': '', 'round_2_sig_str_leg_1': '33 of 75', 'round_2_sig_str_leg_2': '27 of 86', 'round_2_sig_str_dist_1': '44%', 'round_2_sig_str_dist_2': '31%', 'round_2_sig_str_clinch_1': '27 of 69', 'round_2_sig_str_clinch_2': '21 of 79', 'round_2_sig_str_ground_1': '2 of 2', 'round_2_sig_str_ground_2': '4 of 4'}","{'round_3_sig_str_head_1': '', 'round_3_sig_str_head_2': '', 'round_3_sig_str_body_1': '', 'round_3_sig_str_body_2': '', 'round_3_sig_str_leg_1': '33 of 75', 'round_3_sig_str_leg_2': '27 of 86', 'round_3_sig_str_dist_1': '44%', 'round_3_sig_str_dist_2': '31%', 'round_3_sig_str_clinch_1': '27 of 69', 'round_3_sig_str_clinch_2': '21 of 79', 'round_3_sig_str_ground_1': '2 of 2', 'round_3_sig_str_ground_2': '4 of 4'}","{'round_4_sig_str_head_1': '', 'round_4_sig_str_head_2': '', 'round_4_sig_str_body_1': '', 'round_4_sig_str_body_2': '', 'round_4_sig_str_leg_1': '33 of 75', 'round_4_sig_str_leg_2': '27 of 86', 'round_4_sig_str_dist_1': '44%', 'round_4_sig_str_dist_2': '31%', 'round_4_sig_str_clinch_1': '27 of 69', 'round_4_sig_str_clinch_2': '21 of 79', 'round_4_sig_str_ground_1': '2 of 2', 'round_4_sig_str_ground_2': '4 of 4'}","{'round_5_sig_str_head_1': '', 'round_5_sig_str_head_2': '', 'round_5_sig_str_body_1': '', 'round_5_sig_str_body_2': '', 'round_5_sig_str_leg_1': '33 of 75', 'round_5_sig_str_leg_2': '27 of 86', 'round_5_sig_str_dist_1': '44%', 'round_5_sig_str_dist_2': '31%', 'round_5_sig_str_clinch_1': '27 of 69', 'round_5_sig_str_clinch_2': '21 of 79', 'round_5_sig_str_ground_1': '2 of 2', 'round_5_sig_str_ground_2': '4 of 4'}",,,,,,,,,,,,,,,,,,
http://ufcstats.com/fight-details/946cae1beed2baec,"February 08, 2025","Sydney, New South Wales, Australia",W,Wang Cong,"""The Joker""",L,Bruna Brasil,,Women's Flyweight Bout,Decision - Unanimous,,,,,Mark Collett 27 - 30. Sal D'amato 27 - 30. Clemens Werner 27 - 30.,,,,,0,0,103 of 181,31 of 64,56%,48%,104 of 182,31 of 64,2 of 2,0 of 1,100%,0%,0,0,,,,,,,,,,,,,,,,,,,,,,,0,0,30 of 49,10 of 20,61%,50%,30 of 49,10 of 20,1 of 1,0 of 0,100%,---,0,0,,,,,0,0,35 of 60,7 of 17,58%,41%,35 of 60,7 of 17,0 of 0,0 of 0,---,---,0,0,,,,,0,0,38 of 72,14 of 27,52%,51%,39 of 73,14 of 27,1 of 1,0 of 1,100%,0%,0,0,,,,,,,,,,,,,,,,,,,,,,,,,,,,,,,,,,,,,,,,,,,,,,,,,,,,,,,,,,,,,,,,,,,,,,,,,,,,,,,,,,,,,,,,,,,0,0,103 of 181,31 of 64,56%,48%,104 of 182,31 of 64,2 of 2,0 of 1,100%,0%,"{'round_1_sig_str_head_1': '', 'round_1_sig_str_head_2': '', 'round_1_sig_str_body_1': '', 'round_1_sig_str_body_2': '', 'round_1_sig_str_leg_1': '30 of 49', 'round_1_sig_str_leg_2': '10 of 20', 'round_1_sig_str_dist_1': '61%', 'round_1_sig_str_dist_2': '50%', 'round_1_sig_str_clinch_1': '11 of 28', 'round_1_sig_str_clinch_2': '3 of 10', 'round_1_sig_str_ground_1': '4 of 5', 'round_1_sig_str_ground_2': '2 of 2'}","{'round_2_sig_str_head_1': '', 'round_2_sig_str_head_2': '', 'round_2_sig_str_body_1': '', 'round_2_sig_str_body_2': '', 'round_2_sig_str_leg_1': '30 of 49', 'round_2_sig_str_leg_2': '10 of 20', 'round_2_sig_str_dist_1': '61%', 'round_2_sig_str_dist_2': '50%', 'round_2_sig_str_clinch_1': '11 of 28', 'round_2_sig_str_clinch_2': '3 of 10', 'round_2_sig_str_ground_1': '4 of 5', 'round_2_sig_str_ground_2': '2 of 2'}","{'round_3_sig_str_head_1': '', 'round_3_sig_str_head_2': '', 'round_3_sig_str_body_1': '', 'round_3_sig_str_body_2': '', 'round_3_sig_str_leg_1': '30 of 49', 'round_3_sig_str_leg_2': '10 of 20', 'round_3_sig_str_dist_1': '61%', 'round_3_sig_str_dist_2': '50%', 'round_3_sig_str_clinch_1': '11 of 28', 'round_3_sig_str_clinch_2': '3 of 10', 'round_3_sig_str_ground_1': '4 of 5', 'round_3_sig_str_ground_2': '2 of 2'}","{'round_4_sig_str_head_1': '', 'round_4_sig_str_head_2': '', 'round_4_sig_str_body_1': '', 'round_4_sig_str_body_2': '', 'round_4_sig_str_leg_1': '30 of 49', 'round_4_sig_str_leg_2': '10 of 20', 'round_4_sig_str_dist_1': '61%', 'round_4_sig_str_dist_2': '50%', 'round_4_sig_str_clinch_1': '11 of 28', 'round_4_sig_str_clinch_2': '3 of 10', 'round_4_sig_str_ground_1': '4 of 5', 'round_4_sig_str_ground_2': '2 of 2'}","{'round_5_sig_str_head_1': '', 'round_5_sig_str_head_2': '', 'round_5_sig_str_body_1': '', 'round_5_sig_str_body_2': '', 'round_5_sig_str_leg_1': '30 of 49', 'round_5_sig_str_leg_2': '10 of 20', 'round_5_sig_str_dist_1': '61%', 'round_5_sig_str_dist_2': '50%', 'round_5_sig_str_clinch_1': '11 of 28', 'round_5_sig_str_clinch_2': '3 of 10', 'round_5_sig_str_ground_1': '4 of 5', 'round_5_sig_str_ground_2': '2 of 2'}",,,,,,,,,,,,,,,,,,
http://ufcstats.com/fight-details/8bc8bb0021337de7,"February 08, 2025","Sydney, New South Wales, Australia",W,Jonathan Micallef,"""The Captain""",L,Kevin Jousset,"""Air""",Welterweight Bout,Decision - Unanimous,,,,,Mark Collett 28 - 29. Charlie Keech 28 - 29. David Lethaby 28 - 29.,,,,,1,0,85 of 192,67 of 168,44%,39%,89 of 197,71 of 173,0 of 0,0 of 0,---,---,0,0,,,,,,,,,,,,,,,,,,,,,,,1,0,25 of 49,16 of 39,51%,41%,29 of 54,20 of 44,0 of 0,0 of 0,---,---,0,0,,,,,0,0,30 of 69,25 of 60,43%,41%,30 of 69,25 of 60,0 of 0,0 of 0,---,---,0,0,,,,,0,0,30 of 74,26 of 69,40%,37%,30 of 74,26 of 69,0 of 0,0 of 0,---,---,0,0,,,,,,,,,,,,,,,,,,,,,,,,,,,,,,,,,,,,,,,,,,,,,,,,,,,,,,,,,,,,,,,,,,,,,,,,,,,,,,,,,,,,,,,,,,,1,0,85 of 192,67 of 168,44%,39%,89 of 197,71 of 173,0 of 0,0 of 0,---,---,"{'round_1_sig_str_head_1': '', 'round_1_sig_str_head_2': '', 'round_1_sig_str_body_1': '', 'round_1_sig_str_body_2': '', 'round_1_sig_str_leg_1': '25 of 49', 'round_1_sig_str_leg_2': '16 of 39', 'round_1_sig_str_dist_1': '51%', 'round_1_sig_str_dist_2': '41%', 'round_1_sig_str_clinch_1': '9 of 29', 'round_1_sig_str_clinch_2': '6 of 20', 'round_1_sig_str_ground_1': '13 of 16', 'round_1_sig_str_ground_2': '2 of 9'}","{'round_2_sig_str_head_1': '', 'round_2_sig_str_head_2': '', 'round_2_sig_str_body_1': '', 'round_2_sig_str_body_2': '', 'round_2_sig_str_leg_1': '25 of 49', 'round_2_sig_str_leg_2': '16 of 39', 'round_2_sig_str_dist_1': '51%', 'round_2_sig_str_dist_2': '41%', 'round_2_sig_str_clinch_1': '9 of 29', 'round_2_sig_str_clinch_2': '6 of 20', 'round_2_sig_str_ground_1': '13 of 16', 'round_2_sig_str_ground_2': '2 of 9'}","{'round_3_sig_str_head_1': '', 'round_3_sig_str_head_2': '', 'round_3_sig_str_body_1': '', 'round_3_sig_str_body_2': '', 'round_3_sig_str_leg_1': '25 of 49', 'round_3_sig_str_leg_2': '16 of 39', 'round_3_sig_str_dist_1': '51%', 'round_3_sig_str_dist_2': '41%', 'round_3_sig_str_clinch_1': '9 of 29', 'round_3_sig_str_clinch_2': '6 of 20', 'round_3_sig_str_ground_1': '13 of 16', 'round_3_sig_str_ground_2': '2 of 9'}","{'round_4_sig_str_head_1': '', 'round_4_sig_str_head_2': '', 'round_4_sig_str_body_1': '', 'round_4_sig_str_body_2': '', 'round_4_sig_str_leg_1': '25 of 49', 'round_4_sig_str_leg_2': '16 of 39', 'round_4_sig_str_dist_1': '51%', 'round_4_sig_str_dist_2': '41%', 'round_4_sig_str_clinch_1': '9 of 29', 'round_4_sig_str_clinch_2': '6 of 20', 'round_4_sig_str_ground_1': '13 of 16', 'round_4_sig_str_ground_2': '2 of 9'}","{'round_5_sig_str_head_1': '', 'round_5_sig_str_head_2': '', 'round_5_sig_str_body_1': '', 'round_5_sig_str_body_2': '', 'round_5_sig_str_leg_1': '25 of 49', 'round_5_sig_str_leg_2': '16 of 39', 'round_5_sig_str_dist_1': '51%', 'round_5_sig_str_dist_2': '41%', 'round_5_sig_str_clinch_1': '9 of 29', 'round_5_sig_str_clinch_2': '6 of 20', 'round_5_sig_str_ground_1': '13 of 16', 'round_5_sig_str_ground_2': '2 of 9'}",,,,,,,,,,,,,,,,,,
http://ufcstats.com/fight-details/c35a53be30bfd066,"February 08, 2025","Sydney, New South Wales, Australia",L,Jack Jenkins,"""Phar""",W,Gabriel Santos,"""Mosquitinho""",Featherweight Bout,Submission,,,,,Rear Naked Choke,,,,,1,0,34 of 48,39 of 61,70%,63%,39 of 55,96 of 123,0 of 1,4 of 7,0%,57%,0,2,,,,,,,,,,,,,,,,,,,,,,,1,0,28 of 36,9 of 20,77%,45%,33 of 43,22 of 34,0 of 0,1 of 2,---,50%,0,1,,,,,0,0,5 of 11,24 of 32,45%,75%,5 of 11,58 of 69,0 of 1,1 of 2,0%,50%,0,0,,,,,0,0,1 of 1,6 of 9,100%,66%,1 of 1,16 of 20,0 of 0,2 of 3,---,66%,0,1,,,,,,,,,,,,,,,,,,,,,,,,,,,,,,,,,,,,,,,,,,,,,,,,,,,,,,,,,,,,,,,,,,,,,,,,,,,,,,,,,,,,,,,,,,,1,0,34 of 48,39 of 61,70%,63%,39 of 55,96 of 123,0 of 1,4 of 7,0%,57%,"{'round_1_sig_str_head_1': '', 'round_1_sig_str_head_2': '', 'round_1_sig_str_body_1': '', 'round_1_sig_str_body_2': '', 'round_1_sig_str_leg_1': '28 of 36', 'round_1_sig_str_leg_2': '9 of 20', 'round_1_sig_str_dist_1': '77%', 'round_1_sig_str_dist_2': '45%', 'round_1_sig_str_clinch_1': '19 of 26', 'round_1_sig_str_clinch_2': '3 of 12', 'round_1_sig_str_ground_1': '3 of 4', 'round_1_sig_str_ground_2': '2 of 3'}","{'round_2_sig_str_head_1': '', 'round_2_sig_str_head_2': '', 'round_2_sig_str_body_1': '', 'round_2_sig_str_body_2': '', 'round_2_sig_str_leg_1': '28 of 36', 'round_2_sig_str_leg_2': '9 of 20', 'round_2_sig_str_dist_1': '77%', 'round_2_sig_str_dist_2': '45%', 'round_2_sig_str_clinch_1': '19 of 26', 'round_2_sig_str_clinch_2': '3 of 12', 'round_2_sig_str_ground_1': '3 of 4', 'round_2_sig_str_ground_2': '2 of 3'}","{'round_3_sig_str_head_1': '', 'round_3_sig_str_head_2': '', 'round_3_sig_str_body_1': '', 'round_3_sig_str_body_2': '', 'round_3_sig_str_leg_1': '28 of 36', 'round_3_sig_str_leg_2': '9 of 20', 'round_3_sig_str_dist_1': '77%', 'round_3_sig_str_dist_2': '45%', 'round_3_sig_str_clinch_1': '19 of 26', 'round_3_sig_str_clinch_2': '3 of 12', 'round_3_sig_str_ground_1': '3 of 4', 'round_3_sig_str_ground_2': '2 of 3'}","{'round_4_sig_str_head_1': '', 'round_4_sig_str_head_2': '', 'round_4_sig_str_body_1': '', 'round_4_sig_str_body_2': '', 'round_4_sig_str_leg_1': '28 of 36', 'round_4_sig_str_leg_2': '9 of 20', 'round_4_sig_str_dist_1': '77%', 'round_4_sig_str_dist_2': '45%', 'round_4_sig_str_clinch_1': '19 of 26', 'round_4_sig_str_clinch_2': '3 of 12', 'round_4_sig_str_ground_1': '3 of 4', 'round_4_sig_str_ground_2': '2 of 3'}","{'round_5_sig_str_head_1': '', 'round_5_sig_str_head_2': '', 'round_5_sig_str_body_1': '', 'round_5_sig_str_body_2': '', 'round_5_sig_str_leg_1': '28 of 36', 'round_5_sig_str_leg_2': '9 of 20', 'round_5_sig_str_dist_1': '77%', 'round_5_sig_str_dist_2': '45%', 'round_5_sig_str_clinch_1': '19 of 26', 'round_5_sig_str_clinch_2': '3 of 12', 'round_5_sig_str_ground_1': '3 of 4', 'round_5_sig_str_ground_2': '2 of 3'}",,,,,,,,,,,,,,,,,,
http://ufcstats.com/fight-details/64641156360b1b81,"February 08, 2025","Sydney, New South Wales, Australia",W,Tom Nolan,"""Big Train""",L,Viacheslav Borshchev,"""Slava Claus""",Lightweight Bout,Decision - Unanimous,,,,,Ben Cartlidge 28 - 29. Charlie Keech 28 - 29. David Lethaby 27 - 30.,,,,,0,0,69 of 175,66 of 118,39%,55%,111 of 236,92 of 163,1 of 8,0 of 0,12%,---,3,1,,,,,,,,,,,,,,,,,,,,,,,0,0,27 of 64,19 of 29,42%,65%,29 of 67,19 of 29,0 of 3,0 of 0,0%,---,2,0,,,,,0,0,26 of 67,37 of 62,38%,59%,28 of 70,37 of 63,1 of 2,0 of 0,50%,---,1,0,,,,,0,0,16 of 44,10 of 27,36%,37%,54 of 99,36 of 71,0 of 3,0 of 0,0%,---,0,1,,,,,,,,,,,,,,,,,,,,,,,,,,,,,,,,,,,,,,,,,,,,,,,,,,,,,,,,,,,,,,,,,,,,,,,,,,,,,,,,,,,,,,,,,,,0,0,69 of 175,66 of 118,39%,55%,111 of 236,92 of 163,1 of 8,0 of 0,12%,---,"{'round_1_sig_str_head_1': '', 'round_1_sig_str_head_2': '', 'round_1_sig_str_body_1': '', 'round_1_sig_str_body_2': '', 'round_1_sig_str_leg_1': '27 of 64', 'round_1_sig_str_leg_2': '19 of 29', 'round_1_sig_str_dist_1': '42%', 'round_1_sig_str_dist_2': '65%', 'round_1_sig_str_clinch_1': '13 of 46', 'round_1_sig_str_clinch_2': '7 of 16', 'round_1_sig_str_ground_1': '6 of 10', 'round_1_sig_str_ground_2': '7 of 8'}","{'round_2_sig_str_head_1': '', 'round_2_sig_str_head_2': '', 'round_2_sig_str_body_1': '', 'round_2_sig_str_body_2': '', 'round_2_sig_str_leg_1': '27 of 64', 'round_2_sig_str_leg_2': '19 of 29', 'round_2_sig_str_dist_1': '42%', 'round_2_sig_str_dist_2': '65%', 'round_2_sig_str_clinch_1': '13 of 46', 'round_2_sig_str_clinch_2': '7 of 16', 'round_2_sig_str_ground_1': '6 of 10', 'round_2_sig_str_ground_2': '7 of 8'}","{'round_3_sig_str_head_1': '', 'round_3_sig_str_head_2': '', 'round_3_sig_str_body_1': '', 'round_3_sig_str_body_2': '', 'round_3_sig_str_leg_1': '27 of 64', 'round_3_sig_str_leg_2': '19 of 29', 'round_3_sig_str_dist_1': '42%', 'round_3_sig_str_dist_2': '65%', 'round_3_sig_str_clinch_1': '13 of 46', 'round_3_sig_str_clinch_2': '7 of 16', 'round_3_sig_str_ground_1': '6 of 10', 'round_3_sig_str_ground_2': '7 of 8'}","{'round_4_sig_str_head_1': '', 'round_4_sig_str_head_2': '', 'round_4_sig_str_body_1': '', 'round_4_sig_str_body_2': '', 'round_4_sig_str_leg_1': '27 of 64', 'round_4_sig_str_leg_2': '19 of 29', 'round_4_sig_str_dist_1': '42%', 'round_4_sig_str_dist_2': '65%', 'round_4_sig_str_clinch_1': '13 of 46', 'round_4_sig_str_clinch_2': '7 of 16', 'round_4_sig_str_ground_1': '6 of 10', 'round_4_sig_str_ground_2': '7 of 8'}","{'round_5_sig_str_head_1': '', 'round_5_sig_str_head_2': '', 'round_5_sig_str_body_1': '', 'round_5_sig_str_body_2': '', 'round_5_sig_str_leg_1': '27 of 64', 'round_5_sig_str_leg_2': '19 of 29', 'round_5_sig_str_dist_1': '42%', 'round_5_sig_str_dist_2': '65%', 'round_5_sig_str_clinch_1': '13 of 46', 'round_5_sig_str_clinch_2': '7 of 16', 'round_5_sig_str_ground_1': '6 of 10', 'round_5_sig_str_ground_2': '7 of 8'}",,,,,,,,,,,,,,,,,,
http://ufcstats.com/fight-details/4ce53d8a26693f06,"February 08, 2025","Sydney, New South Wales, Australia",W,Jake Matthews,"""The Celtic Kid""",L,Francisco Prado,,Welterweight Bout,Decision - Unanimous,,,,,Sal D'amato 27 - 30. Charlie Keech 27 - 30. Clemens Werner 27 - 30.,,,,,0,0,68 of 184,59 of 146,36%,40%,95 of 215,64 of 152,0 of 0,1 of 6,---,16%,0,0,,,,,,,,,,,,,,,,,,,,,,,0,0,20 of 58,22 of 57,34%,38%,23 of 62,22 of 57,0 of 0,1 of 2,---,50%,0,0,,,,,0,0,22 of 57,18 of 41,38%,43%,39 of 76,21 of 44,0 of 0,0 of 3,---,0%,0,0,,,,,0,0,26 of 69,19 of 48,37%,39%,33 of 77,21 of 51,0 of 0,0 of 1,---,0%,0,0,,,,,,,,,,,,,,,,,,,,,,,,,,,,,,,,,,,,,,,,,,,,,,,,,,,,,,,,,,,,,,,,,,,,,,,,,,,,,,,,,,,,,,,,,,,0,0,68 of 184,59 of 146,36%,40%,95 of 215,64 of 152,0 of 0,1 of 6,---,16%,"{'round_1_sig_str_head_1': '', 'round_1_sig_str_head_2': '', 'round_1_sig_str_body_1': '', 'round_1_sig_str_body_2': '', 'round_1_sig_str_leg_1': '20 of 58', 'round_1_sig_str_leg_2': '22 of 57', 'round_1_sig_str_dist_1': '34%', 'round_1_sig_str_dist_2': '38%', 'round_1_sig_str_clinch_1': '17 of 51', 'round_1_sig_str_clinch_2': '5 of 34', 'round_1_sig_str_ground_1': '3 of 7', 'round_1_sig_str_ground_2': '9 of 12'}","{'round_2_sig_str_head_1': '', 'round_2_sig_str_head_2': '', 'round_2_sig_str_body_1': '', 'round_2_sig_str_body_2': '', 'round_2_sig_str_leg_1': '20 of 58', 'round_2_sig_str_leg_2': '22 of 57', 'round_2_sig_str_dist_1': '34%', 'round_2_sig_str_dist_2': '38%', 'round_2_sig_str_clinch_1': '17 of 51', 'round_2_sig_str_clinch_2': '5 of 34', 'round_2_sig_str_ground_1': '3 of 7', 'round_2_sig_str_ground_2': '9 of 12'}","{'round_3_sig_str_head_1': '', 'round_3_sig_str_head_2': '', 'round_3_sig_str_body_1': '', 'round_3_sig_str_body_2': '', 'round_3_sig_str_leg_1': '20 of 58', 'round_3_sig_str_leg_2': '22 of 57', 'round_3_sig_str_dist_1': '34%', 'round_3_sig_str_dist_2': '38%', 'round_3_sig_str_clinch_1': '17 of 51', 'round_3_sig_str_clinch_2': '5 of 34', 'round_3_sig_str_ground_1': '3 of 7', 'round_3_sig_str_ground_2': '9 of 12'}","{'round_4_sig_str_head_1': '', 'round_4_sig_str_head_2': '', 'round_4_sig_str_body_1': '', 'round_4_sig_str_body_2': '', 'round_4_sig_str_leg_1': '20 of 58', 'round_4_sig_str_leg_2': '22 of 57', 'round_4_sig_str_dist_1': '34%', 'round_4_sig_str_dist_2': '38%', 'round_4_sig_str_clinch_1': '17 of 51', 'round_4_sig_str_clinch_2': '5 of 34', 'round_4_sig_str_ground_1': '3 of 7', 'round_4_sig_str_ground_2': '9 of 12'}","{'round_5_sig_str_head_1': '', 'round_5_sig_str_head_2': '', 'round_5_sig_str_body_1': '', 'round_5_sig_str_body_2': '', 'round_5_sig_str_leg_1': '20 of 58', 'round_5_sig_str_leg_2': '22 of 57', 'round_5_sig_str_dist_1': '34%', 'round_5_sig_str_dist_2': '38%', 'round_5_sig_str_clinch_1': '17 of 51', 'round_5_sig_str_clinch_2': '5 of 34', 'round_5_sig_str_ground_1': '3 of 7', 'round_5_sig_str_ground_2': '9 of 12'}",,,,,,,,,,,,,,,,,,
http://ufcstats.com/fight-details/de85ef2fd4769070,"February 08, 2025","Sydney, New South Wales, Australia",D,Jimmy Crute,,D,Rodolfo Bellato,"""Trator""",Light Heavyweight Bout,Decision - Majority,,,,,Mike Bell 28 - 28. David Lethaby 28 - 28. Mark Collett 27 - 29.,,,,,1,0,106 of 209,89 of 141,50%,63%,139 of 247,95 of 148,0 of 3,1 of 2,0%,50%,0,0,,,,,,,,,,,,,,,,,,,,,,,1,0,27 of 47,1 of 5,57%,20%,59 of 84,4 of 8,0 of 0,0 of 1,---,0%,0,0,,,,,0,0,46 of 95,48 of 70,48%,68%,46 of 95,48 of 70,0 of 2,0 of 0,0%,---,0,0,,,,,0,0,33 of 67,40 of 66,49%,60%,34 of 68,43 of 70,0 of 1,1 of 1,0%,100%,0,0,,,,,,,,,,,,,,,,,,,,,,,,,,,,,,,,,,,,,,,,,,,,,,,,,,,,,,,,,,,,,,,,,,,,,,,,,,,,,,,,,,,,,,,,,,,1,0,106 of 209,89 of 141,50%,63%,139 of 247,95 of 148,0 of 3,1 of 2,0%,50%,"{'round_1_sig_str_head_1': '', 'round_1_sig_str_head_2': '', 'round_1_sig_str_body_1': '', 'round_1_sig_str_body_2': '', 'round_1_sig_str_leg_1': '27 of 47', 'round_1_sig_str_leg_2': '1 of 5', 'round_1_sig_str_dist_1': '57%', 'round_1_sig_str_dist_2': '20%', 'round_1_sig_str_clinch_1': '23 of 42', 'round_1_sig_str_clinch_2': '0 of 3', 'round_1_sig_str_ground_1': '2 of 2', 'round_1_sig_str_ground_2': '1 of 2'}","{'round_2_sig_str_head_1': '', 'round_2_sig_str_head_2': '', 'round_2_sig_str_body_1': '', 'round_2_sig_str_body_2': '', 'round_2_sig_str_leg_1': '27 of 47', 'round_2_sig_str_leg_2': '1 of 5', 'round_2_sig_str_dist_1': '57%', 'round_2_sig_str_dist_2': '20%', 'round_2_sig_str_clinch_1': '23 of 42', 'round_2_sig_str_clinch_2': '0 of 3', 'round_2_sig_str_ground_1': '2 of 2', 'round_2_sig_str_ground_2': '1 of 2'}","{'round_3_sig_str_head_1': '', 'round_3_sig_str_head_2': '', 'round_3_sig_str_body_1': '', 'round_3_sig_str_body_2': '', 'round_3_sig_str_leg_1': '27 of 47', 'round_3_sig_str_leg_2': '1 of 5', 'round_3_sig_str_dist_1': '57%', 'round_3_sig_str_dist_2': '20%', 'round_3_sig_str_clinch_1': '23 of 42', 'round_3_sig_str_clinch_2': '0 of 3', 'round_3_sig_str_ground_1': '2 of 2', 'round_3_sig_str_ground_2': '1 of 2'}","{'round_4_sig_str_head_1': '', 'round_4_sig_str_head_2': '', 'round_4_sig_str_body_1': '', 'round_4_sig_str_body_2': '', 'round_4_sig_str_leg_1': '27 of 47', 'round_4_sig_str_leg_2': '1 of 5', 'round_4_sig_str_dist_1': '57%', 'round_4_sig_str_dist_2': '20%', 'round_4_sig_str_clinch_1': '23 of 42', 'round_4_sig_str_clinch_2': '0 of 3', 'round_4_sig_str_ground_1': '2 of 2', 'round_4_sig_str_ground_2': '1 of 2'}","{'round_5_sig_str_head_1': '', 'round_5_sig_str_head_2': '', 'round_5_sig_str_body_1': '', 'round_5_sig_str_body_2': '', 'round_5_sig_str_leg_1': '27 of 47', 'round_5_sig_str_leg_2': '1 of 5', 'round_5_sig_str_dist_1': '57%', 'round_5_sig_str_dist_2': '20%', 'round_5_sig_str_clinch_1': '23 of 42', 'round_5_sig_str_clinch_2': '0 of 3', 'round_5_sig_str_ground_1': '2 of 2', 'round_5_sig_str_ground_2': '1 of 2'}",,,,,,,,,,,,,,,,,,
http://ufcstats.com/fight-details/03c2a836d033be8f,"February 08, 2025","Sydney, New South Wales, Australia",W,Zhang Weili,"""Magnum""",L,Tatiana Suarez,,,Decision - Unanimous,,,,,Mike Bell 46 - 49. David Lethaby 46 - 49. Mark Collett 45 - 49.,,,,,0,0,53 of 87,12 of 36,60%,33%,232 of 299,63 of 95,1 of 3,1 of 15,33%,6%,1,0,,,,,,,,,,,,,,,,,,,,,,,0,0,1 of 2,0 of 2,50%,0%,31 of 37,23 of 26,0 of 0,1 of 1,---,100%,0,0,,,,,0,0,10 of 17,0 of 2,58%,0%,52 of 69,3 of 6,0 of 0,0 of 4,---,0%,0,0,,,,,0,0,19 of 42,8 of 21,45%,38%,33 of 58,9 of 22,0 of 0,0 of 5,---,0%,0,0,,,,,,,,,,,,,,,,,,,,,,,,,,,,,,,,,,,,,,,,,,,,,,,,,,,,,,,,,,,,,,,,,,,,,,,,,,,,,,,,,,,,,,,,,,,0,0,53 of 87,12 of 36,60%,33%,232 of 299,63 of 95,1 of 3,1 of 15,33%,6%,"{'round_1_sig_str_head_1': '', 'round_1_sig_str_head_2': '', 'round_1_sig_str_body_1': '', 'round_1_sig_str_body_2': '', 'round_1_sig_str_leg_1': '1 of 2', 'round_1_sig_str_leg_2': '0 of 2', 'round_1_sig_str_dist_1': '50%', 'round_1_sig_str_dist_2': '0%', 'round_1_sig_str_clinch_1': '0 of 1', 'round_1_sig_str_clinch_2': '0 of 0', 'round_1_sig_str_ground_1': '0 of 0', 'round_1_sig_str_ground_2': '0 of 1'}","{'round_2_sig_str_head_1': '', 'round_2_sig_str_head_2': '', 'round_2_sig_str_body_1': '', 'round_2_sig_str_body_2': '', 'round_2_sig_str_leg_1': '1 of 2', 'round_2_sig_str_leg_2': '0 of 2', 'round_2_sig_str_dist_1': '50%', 'round_2_sig_str_dist_2': '0%', 'round_2_sig_str_clinch_1': '0 of 1', 'round_2_sig_str_clinch_2': '0 of 0', 'round_2_sig_str_ground_1': '0 of 0', 'round_2_sig_str_ground_2': '0 of 1'}","{'round_3_sig_str_head_1': '', 'round_3_sig_str_head_2': '', 'round_3_sig_str_body_1': '', 'round_3_sig_str_body_2': '', 'round_3_sig_str_leg_1': '1 of 2', 'round_3_sig_str_leg_2': '0 of 2', 'round_3_sig_str_dist_1': '50%', 'round_3_sig_str_dist_2': '0%', 'round_3_sig_str_clinch_1': '0 of 1', 'round_3_sig_str_clinch_2': '0 of 0', 'round_3_sig_str_ground_1': '0 of 0', 'round_3_sig_str_ground_2': '0 of 1'}","{'round_4_sig_str_head_1': '', 'round_4_sig_str_head_2': '', 'round_4_sig_str_body_1': '', 'round_4_sig_str_body_2': '', 'round_4_sig_str_leg_1': '1 of 2', 'round_4_sig_str_leg_2': '0 of 2', 'round_4_sig_str_dist_1': '50%', 'round_4_sig_str_dist_2': '0%', 'round_4_sig_str_clinch_1': '0 of 1', 'round_4_sig_str_clinch_2': '0 of 0', 'round_4_sig_str_ground_1': '0 of 0', 'round_4_sig_str_ground_2': '0 of 1'}","{'round_5_sig_str_head_1': '', 'round_5_sig_str_head_2': '', 'round_5_sig_str_body_1': '', 'round_5_sig_str_body_2': '', 'round_5_sig_str_leg_1': '1 of 2', 'round_5_sig_str_leg_2': '0 of 2', 'round_5_sig_str_dist_1': '50%', 'round_5_sig_str_dist_2': '0%', 'round_5_sig_str_clinch_1': '0 of 1', 'round_5_sig_str_clinch_2': '0 of 0', 'round_5_sig_str_ground_1': '0 of 0', 'round_5_sig_str_ground_2': '0 of 1'}",,,,,0,0,7 of 7,3 of 5,100%,60%,53 of 60,21 of 27,1 of 1,0 of 0,100%,---,1,0
http://ufcstats.com/fight-details/8435f90fbd50c7a5,"February 08, 2025","Sydney, New South Wales, Australia",L,Justin Tafa,"""Bad Man""",W,Tallison Teixeira,"""Xicao""",,KO/TKO,,,,,Elbow to Head At Distance,,,,,0,1,0 of 1,8 of 9,0%,88%,0 of 1,9 of 10,0 of 0,0 of 1,---,0%,0,0,,,,,,,,,,,,,,,,,,,,,,,0,1,0 of 1,8 of 9,0%,88%,0 of 1,9 of 10,0 of 0,0 of 1,---,0%,0,0,,,,,,,,,,,,,,,,,,,,,,,,,,,,,,,,,,,,,,,,,,,,,,,,,,,,,,,,,,,,,,,,,,,,,,,,,,,,,,,,,,,,,,,,,,,,,,,,,,,,,,,,,,,,,,,,,,,,,,,,,,,,,,,0,1,0 of 1,8 of 9,0%,88%,0 of 1,9 of 10,0 of 0,0 of 1,---,0%,"{'round_1_sig_str_head_1': '', 'round_1_sig_str_head_2': '', 'round_1_sig_str_body_1': '', 'round_1_sig_str_body_2': '', 'round_1_sig_str_leg_1': '0 of 1', 'round_1_sig_str_leg_2': '8 of 9', 'round_1_sig_str_dist_1': '0%', 'round_1_sig_str_dist_2': '88%', 'round_1_sig_str_clinch_1': '0 of 1', 'round_1_sig_str_clinch_2': '5 of 6', 'round_1_sig_str_ground_1': '0 of 0', 'round_1_sig_str_ground_2': '3 of 3'}","{'round_2_sig_str_head_1': '', 'round_2_sig_str_head_2': '', 'round_2_sig_str_body_1': '', 'round_2_sig_str_body_2': '', 'round_2_sig_str_leg_1': '0 of 1', 'round_2_sig_str_leg_2': '8 of 9', 'round_2_sig_str_dist_1': '0%', 'round_2_sig_str_dist_2': '88%', 'round_2_sig_str_clinch_1': '0 of 1', 'round_2_sig_str_clinch_2': '5 of 6', 'round_2_sig_str_ground_1': '0 of 0', 'round_2_sig_str_ground_2': '3 of 3'}","{'round_3_sig_str_head_1': '', 'round_3_sig_str_head_2': '', 'round_3_sig_str_body_1': '', 'round_3_sig_str_body_2': '', 'round_3_sig_str_leg_1': '0 of 1', 'round_3_sig_str_leg_2': '8 of 9', 'round_3_sig_str_dist_1': '0%', 'round_3_sig_str_dist_2': '88%', 'round_3_sig_str_clinch_1': '0 of 1', 'round_3_sig_str_clinch_2': '5 of 6', 'round_3_sig_str_ground_1': '0 of 0', 'round_3_sig_str_ground_2': '3 of 3'}","{'round_4_sig_str_head_1': '', 'round_4_sig_str_head_2': '', 'round_4_sig_str_body_1': '', 'round_4_sig_str_body_2': '', 'round_4_sig_str_leg_1': '0 of 1', 'round_4_sig_str_leg_2': '8 of 9', 'round_4_sig_str_dist_1': '0%', 'round_4_sig_str_dist_2': '88%', 'round_4_sig_str_clinch_1': '0 of 1', 'round_4_sig_str_clinch_2': '5 of 6', 'round_4_sig_str_ground_1': '0 of 0', 'round_4_sig_str_ground_2': '3 of 3'}","{'round_5_sig_str_head_1': '', 'round_5_sig_str_head_2': '', 'round_5_sig_str_body_1': '', 'round_5_sig_str_body_2': '', 'round_5_sig_str_leg_1': '0 of 1', 'round_5_sig_str_leg_2': '8 of 9', 'round_5_sig_str_dist_1': '0%', 'round_5_sig_str_dist_2': '88%', 'round_5_sig_str_clinch_1': '0 of 1', 'round_5_sig_str_clinch_2': '5 of 6', 'round_5_sig_str_ground_1': '0 of 0', 'round_5_sig_str_ground_2': '3 of 3'}",,,,,,,,,,,,,,,,,,
http://ufcstats.com/fight-details/f01851055b8309e0,"January 11, 2025","Las Vegas, Nevada, USA",W,Fatima Kline,"""The Archangel""",L,Viktoriia Dudakova,,Women's Strawweight Bout,KO/TKO,,,,,Elbows to Head From Half Guard,,,,,0,0,15 of 32,1 of 3,46%,33%,42 of 72,4 of 6,2 of 2,2 of 6,100%,33%,0,0,,,,,,,,,,,,,,,,,,,,,,,0,0,11 of 16,1 of 2,68%,50%,25 of 32,1 of 2,0 of 0,2 of 4,---,50%,0,0,,,,,0,0,4 of 16,0 of 1,25%,0%,17 of 40,3 of 4,2 of 2,0 of 2,100%,0%,0,0,,,,,,,,,,,,,,,,,,,,,,,,,,,,,,,,,,,,,,,,,,,,,,,,,,,,,,,,,,,,,,,,,,,,,,,,,,,,,,,,,,,,,,,,,,,,,,,,,,,,,,,,,,,,,0,0,15 of 32,1 of 3,46%,33%,42 of 72,4 of 6,2 of 2,2 of 6,100%,33%,"{'round_1_sig_str_head_1': '', 'round_1_sig_str_head_2': '', 'round_1_sig_str_body_1': '', 'round_1_sig_str_body_2': '', 'round_1_sig_str_leg_1': '11 of 16', 'round_1_sig_str_leg_2': '1 of 2', 'round_1_sig_str_dist_1': '68%', 'round_1_sig_str_dist_2': '50%', 'round_1_sig_str_clinch_1': '9 of 14', 'round_1_sig_str_clinch_2': '0 of 1', 'round_1_sig_str_ground_1': '1 of 1', 'round_1_sig_str_ground_2': '0 of 0'}","{'round_2_sig_str_head_1': '', 'round_2_sig_str_head_2': '', 'round_2_sig_str_body_1': '', 'round_2_sig_str_body_2': '', 'round_2_sig_str_leg_1': '11 of 16', 'round_2_sig_str_leg_2': '1 of 2', 'round_2_sig_str_dist_1': '68%', 'round_2_sig_str_dist_2': '50%', 'round_2_sig_str_clinch_1': '9 of 14', 'round_2_sig_str_clinch_2': '0 of 1', 'round_2_sig_str_ground_1': '1 of 1', 'round_2_sig_str_ground_2': '0 of 0'}","{'round_3_sig_str_head_1': '', 'round_3_sig_str_head_2': '', 'round_3_sig_str_body_1': '', 'round_3_sig_str_body_2': '', 'round_3_sig_str_leg_1': '11 of 16', 'round_3_sig_str_leg_2': '1 of 2', 'round_3_sig_str_dist_1': '68%', 'round_3_sig_str_dist_2': '50%', 'round_3_sig_str_clinch_1': '9 of 14', 'round_3_sig_str_clinch_2': '0 of 1', 'round_3_sig_str_ground_1': '1 of 1', 'round_3_sig_str_ground_2': '0 of 0'}","{'round_4_sig_str_head_1': '', 'round_4_sig_str_head_2': '', 'round_4_sig_str_body_1': '', 'round_4_sig_str_body_2': '', 'round_4_sig_str_leg_1': '11 of 16', 'round_4_sig_str_leg_2': '1 of 2', 'round_4_sig_str_dist_1': '68%', 'round_4_sig_str_dist_2': '50%', 'round_4_sig_str_clinch_1': '9 of 14', 'round_4_sig_str_clinch_2': '0 of 1', 'round_4_sig_str_ground_1': '1 of 1', 'round_4_sig_str_ground_2': '0 of 0'}","{'round_5_sig_str_head_1': '', 'round_5_sig_str_head_2': '', 'round_5_sig_str_body_1': '', 'round_5_sig_str_body_2': '', 'round_5_sig_str_leg_1': '11 of 16', 'round_5_sig_str_leg_2': '1 of 2', 'round_5_sig_str_dist_1': '68%', 'round_5_sig_str_dist_2': '50%', 'round_5_sig_str_clinch_1': '9 of 14', 'round_5_sig_str_clinch_2': '0 of 1', 'round_5_sig_str_ground_1': '1 of 1', 'round_5_sig_str_ground_2': '0 of 0'}",,,,,,,,,,,,,,,,,,
http://ufcstats.com/fight-details/d13849f49f99bf01,"February 08, 2025","Sydney, New South Wales, Australia",W,Dricus Du Plessis,"""Stillknocks""",L,Sean Strickland,,,Decision - Unanimous,,,,,Ben Cartlidge 46 - 49. Sal D'amato 45 - 50. Clemens Werner 45 - 50.,,,,,0,0,147 of 314,128 of 263,46%,48%,149 of 316,128 of 263,1 of 2,0 of 0,50%,---,0,0,,,,,,,,,,,,,,,,,,,,,,,0,0,20 of 45,16 of 49,44%,32%,20 of 45,16 of 49,0 of 0,0 of 0,---,---,0,0,,,,,0,0,31 of 60,29 of 54,51%,53%,31 of 60,29 of 54,0 of 0,0 of 0,---,---,0,0,,,,,0,0,39 of 79,24 of 47,49%,51%,39 of 79,24 of 47,1 of 1,0 of 0,100%,---,0,0,,,,,,,,,,,,,,,,,,,,,,,,,,,,,,,,,,,,,,,,,,,,,,,,,,,,,,,,,,,,,,,,,,,,,,,,,,,,,,,,,,,,,,,,,,,0,0,147 of 314,128 of 263,46%,48%,149 of 316,128 of 263,1 of 2,0 of 0,50%,---,"{'round_1_sig_str_head_1': '', 'round_1_sig_str_head_2': '', 'round_1_sig_str_body_1': '', 'round_1_sig_str_body_2': '', 'round_1_sig_str_leg_1': '20 of 45', 'round_1_sig_str_leg_2': '16 of 49', 'round_1_sig_str_dist_1': '44%', 'round_1_sig_str_dist_2': '32%', 'round_1_sig_str_clinch_1': '5 of 25', 'round_1_sig_str_clinch_2': '10 of 41', 'round_1_sig_str_ground_1': '6 of 10', 'round_1_sig_str_ground_2': '5 of 7'}","{'round_2_sig_str_head_1': '', 'round_2_sig_str_head_2': '', 'round_2_sig_str_body_1': '', 'round_2_sig_str_body_2': '', 'round_2_sig_str_leg_1': '20 of 45', 'round_2_sig_str_leg_2': '16 of 49', 'round_2_sig_str_dist_1': '44%', 'round_2_sig_str_dist_2': '32%', 'round_2_sig_str_clinch_1': '5 of 25', 'round_2_sig_str_clinch_2': '10 of 41', 'round_2_sig_str_ground_1': '6 of 10', 'round_2_sig_str_ground_2': '5 of 7'}","{'round_3_sig_str_head_1': '', 'round_3_sig_str_head_2': '', 'round_3_sig_str_body_1': '', 'round_3_sig_str_body_2': '', 'round_3_sig_str_leg_1': '20 of 45', 'round_3_sig_str_leg_2': '16 of 49', 'round_3_sig_str_dist_1': '44%', 'round_3_sig_str_dist_2': '32%', 'round_3_sig_str_clinch_1': '5 of 25', 'round_3_sig_str_clinch_2': '10 of 41', 'round_3_sig_str_ground_1': '6 of 10', 'round_3_sig_str_ground_2': '5 of 7'}","{'round_4_sig_str_head_1': '', 'round_4_sig_str_head_2': '', 'round_4_sig_str_body_1': '', 'round_4_sig_str_body_2': '', 'round_4_sig_str_leg_1': '20 of 45', 'round_4_sig_str_leg_2': '16 of 49', 'round_4_sig_str_dist_1': '44%', 'round_4_sig_str_dist_2': '32%', 'round_4_sig_str_clinch_1': '5 of 25', 'round_4_sig_str_clinch_2': '10 of 41', 'round_4_sig_str_ground_1': '6 of 10', 'round_4_sig_str_ground_2': '5 of 7'}","{'round_5_sig_str_head_1': '', 'round_5_sig_str_head_2': '', 'round_5_sig_str_body_1': '', 'round_5_sig_str_body_2': '', 'round_5_sig_str_leg_1': '20 of 45', 'round_5_sig_str_leg_2': '16 of 49', 'round_5_sig_str_dist_1': '44%', 'round_5_sig_str_dist_2': '32%', 'round_5_sig_str_clinch_1': '5 of 25', 'round_5_sig_str_clinch_2': '10 of 41', 'round_5_sig_str_ground_1': '6 of 10', 'round_5_sig_str_ground_2': '5 of 7'}",,,,,0,0,21 of 66,28 of 51,31%,54%,23 of 68,28 of 51,0 of 0,0 of 0,---,---,0,0
http://ufcstats.com/fight-details/58eda5a58a89f739,"January 11, 2025","Las Vegas, Nevada, USA",L,Preston Parsons,"""Pressure""",W,Jacobe Smith,"""Cobe""",Welterweight Bout,KO/TKO,,,,,Punch to Head At Distance,,,,,0,1,7 of 14,12 of 23,50%,52%,8 of 15,12 of 23,0 of 0,0 of 0,---,---,0,0,,,,,,,,,,,,,,,,,,,,,,,0,1,7 of 14,12 of 23,50%,52%,8 of 15,12 of 23,0 of 0,0 of 0,---,---,0,0,,,,,,,,,,,,,,,,,,,,,,,,,,,,,,,,,,,,,,,,,,,,,,,,,,,,,,,,,,,,,,,,,,,,,,,,,,,,,,,,,,,,,,,,,,,,,,,,,,,,,,,,,,,,,,,,,,,,,,,,,,,,,,,0,1,7 of 14,12 of 23,50%,52%,8 of 15,12 of 23,0 of 0,0 of 0,---,---,"{'round_1_sig_str_head_1': '', 'round_1_sig_str_head_2': '', 'round_1_sig_str_body_1': '', 'round_1_sig_str_body_2': '', 'round_1_sig_str_leg_1': '7 of 14', 'round_1_sig_str_leg_2': '12 of 23', 'round_1_sig_str_dist_1': '50%', 'round_1_sig_str_dist_2': '52%', 'round_1_sig_str_clinch_1': '6 of 12', 'round_1_sig_str_clinch_2': '8 of 17', 'round_1_sig_str_ground_1': '1 of 1', 'round_1_sig_str_ground_2': '2 of 3'}","{'round_2_sig_str_head_1': '', 'round_2_sig_str_head_2': '', 'round_2_sig_str_body_1': '', 'round_2_sig_str_body_2': '', 'round_2_sig_str_leg_1': '7 of 14', 'round_2_sig_str_leg_2': '12 of 23', 'round_2_sig_str_dist_1': '50%', 'round_2_sig_str_dist_2': '52%', 'round_2_sig_str_clinch_1': '6 of 12', 'round_2_sig_str_clinch_2': '8 of 17', 'round_2_sig_str_ground_1': '1 of 1', 'round_2_sig_str_ground_2': '2 of 3'}","{'round_3_sig_str_head_1': '', 'round_3_sig_str_head_2': '', 'round_3_sig_str_body_1': '', 'round_3_sig_str_body_2': '', 'round_3_sig_str_leg_1': '7 of 14', 'round_3_sig_str_leg_2': '12 of 23', 'round_3_sig_str_dist_1': '50%', 'round_3_sig_str_dist_2': '52%', 'round_3_sig_str_clinch_1': '6 of 12', 'round_3_sig_str_clinch_2': '8 of 17', 'round_3_sig_str_ground_1': '1 of 1', 'round_3_sig_str_ground_2': '2 of 3'}","{'round_4_sig_str_head_1': '', 'round_4_sig_str_head_2': '', 'round_4_sig_str_body_1': '', 'round_4_sig_str_body_2': '', 'round_4_sig_str_leg_1': '7 of 14', 'round_4_sig_str_leg_2': '12 of 23', 'round_4_sig_str_dist_1': '50%', 'round_4_sig_str_dist_2': '52%', 'round_4_sig_str_clinch_1': '6 of 12', 'round_4_sig_str_clinch_2': '8 of 17', 'round_4_sig_str_ground_1': '1 of 1', 'round_4_sig_str_ground_2': '2 of 3'}","{'round_5_sig_str_head_1': '', 'round_5_sig_str_head_2': '', 'round_5_sig_str_body_1': '', 'round_5_sig_str_body_2': '', 'round_5_sig_str_leg_1': '7 of 14', 'round_5_sig_str_leg_2': '12 of 23', 'round_5_sig_str_dist_1': '50%', 'round_5_sig_str_dist_2': '52%', 'round_5_sig_str_clinch_1': '6 of 12', 'round_5_sig_str_clinch_2': '8 of 17', 'round_5_sig_str_ground_1': '1 of 1', 'round_5_sig_str_ground_2': '2 of 3'}",,,,,,,,,,,,,,,,,,
http://ufcstats.com/fight-details/b33e3a6d15700bb1,"January 11, 2025","Las Vegas, Nevada, USA",W,Ernesta Kareckaite,"""Heavy-Handed""",L,Nicolle Caliari,,Women's Flyweight Bout,Decision - Split,,,,,Sal D'amato 28 - 29. Mike Bell 29 - 28. Ron McCarthy 28 - 29.,,,,,0,0,95 of 226,67 of 166,42%,40%,126 of 266,86 of 194,0 of 0,3 of 14,---,21%,0,0,,,,,,,,,,,,,,,,,,,,,,,0,0,27 of 63,21 of 41,42%,51%,35 of 71,25 of 45,0 of 0,2 of 7,---,28%,0,0,,,,,0,0,36 of 86,24 of 66,41%,36%,45 of 98,28 of 72,0 of 0,0 of 3,---,0%,0,0,,,,,0,0,32 of 77,22 of 59,41%,37%,46 of 97,33 of 77,0 of 0,1 of 4,---,25%,0,0,,,,,,,,,,,,,,,,,,,,,,,,,,,,,,,,,,,,,,,,,,,,,,,,,,,,,,,,,,,,,,,,,,,,,,,,,,,,,,,,,,,,,,,,,,,0,0,95 of 226,67 of 166,42%,40%,126 of 266,86 of 194,0 of 0,3 of 14,---,21%,"{'round_1_sig_str_head_1': '', 'round_1_sig_str_head_2': '', 'round_1_sig_str_body_1': '', 'round_1_sig_str_body_2': '', 'round_1_sig_str_leg_1': '27 of 63', 'round_1_sig_str_leg_2': '21 of 41', 'round_1_sig_str_dist_1': '42%', 'round_1_sig_str_dist_2': '51%', 'round_1_sig_str_clinch_1': '19 of 54', 'round_1_sig_str_clinch_2': '13 of 30', 'round_1_sig_str_ground_1': '8 of 9', 'round_1_sig_str_ground_2': '5 of 7'}","{'round_2_sig_str_head_1': '', 'round_2_sig_str_head_2': '', 'round_2_sig_str_body_1': '', 'round_2_sig_str_body_2': '', 'round_2_sig_str_leg_1': '27 of 63', 'round_2_sig_str_leg_2': '21 of 41', 'round_2_sig_str_dist_1': '42%', 'round_2_sig_str_dist_2': '51%', 'round_2_sig_str_clinch_1': '19 of 54', 'round_2_sig_str_clinch_2': '13 of 30', 'round_2_sig_str_ground_1': '8 of 9', 'round_2_sig_str_ground_2': '5 of 7'}","{'round_3_sig_str_head_1': '', 'round_3_sig_str_head_2': '', 'round_3_sig_str_body_1': '', 'round_3_sig_str_body_2': '', 'round_3_sig_str_leg_1': '27 of 63', 'round_3_sig_str_leg_2': '21 of 41', 'round_3_sig_str_dist_1': '42%', 'round_3_sig_str_dist_2': '51%', 'round_3_sig_str_clinch_1': '19 of 54', 'round_3_sig_str_clinch_2': '13 of 30', 'round_3_sig_str_ground_1': '8 of 9', 'round_3_sig_str_ground_2': '5 of 7'}","{'round_4_sig_str_head_1': '', 'round_4_sig_str_head_2': '', 'round_4_sig_str_body_1': '', 'round_4_sig_str_body_2': '', 'round_4_sig_str_leg_1': '27 of 63', 'round_4_sig_str_leg_2': '21 of 41', 'round_4_sig_str_dist_1': '42%', 'round_4_sig_str_dist_2': '51%', 'round_4_sig_str_clinch_1': '19 of 54', 'round_4_sig_str_clinch_2': '13 of 30', 'round_4_sig_str_ground_1': '8 of 9', 'round_4_sig_str_ground_2': '5 of 7'}","{'round_5_sig_str_head_1': '', 'round_5_sig_str_head_2': '', 'round_5_sig_str_body_1': '', 'round_5_sig_str_body_2': '', 'round_5_sig_str_leg_1': '27 of 63', 'round_5_sig_str_leg_2': '21 of 41', 'round_5_sig_str_dist_1': '42%', 'round_5_sig_str_dist_2': '51%', 'round_5_sig_str_clinch_1': '19 of 54', 'round_5_sig_str_clinch_2': '13 of 30', 'round_5_sig_str_ground_1': '8 of 9', 'round_5_sig_str_ground_2': '5 of 7'}",,,,,,,,,,,,,,,,,,
http://ufcstats.com/fight-details/817cd15077a9419e,"January 11, 2025","Las Vegas, Nevada, USA",L,Magomed Gadzhiyasulov,,W,Bruno Lopes,"""Brunao""",Light Heavyweight Bout,Decision - Unanimous,,,,,Junichiro Kamijo 28 - 29. David Lethaby 28 - 29. Bryan Miner 28 - 29.,,,,,0,0,31 of 67,33 of 70,46%,47%,68 of 106,73 of 126,0 of 3,5 of 14,0%,35%,0,0,,,,,,,,,,,,,,,,,,,,,,,0,0,15 of 23,4 of 21,65%,19%,45 of 55,16 of 41,0 of 0,1 of 3,---,33%,0,0,,,,,0,0,9 of 27,17 of 31,33%,54%,15 of 33,27 of 47,0 of 3,1 of 3,0%,33%,0,0,,,,,0,0,7 of 17,12 of 18,41%,66%,8 of 18,30 of 38,0 of 0,3 of 8,---,37%,0,0,,,,,,,,,,,,,,,,,,,,,,,,,,,,,,,,,,,,,,,,,,,,,,,,,,,,,,,,,,,,,,,,,,,,,,,,,,,,,,,,,,,,,,,,,,,0,0,31 of 67,33 of 70,46%,47%,68 of 106,73 of 126,0 of 3,5 of 14,0%,35%,"{'round_1_sig_str_head_1': '', 'round_1_sig_str_head_2': '', 'round_1_sig_str_body_1': '', 'round_1_sig_str_body_2': '', 'round_1_sig_str_leg_1': '15 of 23', 'round_1_sig_str_leg_2': '4 of 21', 'round_1_sig_str_dist_1': '65%', 'round_1_sig_str_dist_2': '19%', 'round_1_sig_str_clinch_1': '2 of 9', 'round_1_sig_str_clinch_2': '2 of 14', 'round_1_sig_str_ground_1': '5 of 6', 'round_1_sig_str_ground_2': '1 of 1'}","{'round_2_sig_str_head_1': '', 'round_2_sig_str_head_2': '', 'round_2_sig_str_body_1': '', 'round_2_sig_str_body_2': '', 'round_2_sig_str_leg_1': '15 of 23', 'round_2_sig_str_leg_2': '4 of 21', 'round_2_sig_str_dist_1': '65%', 'round_2_sig_str_dist_2': '19%', 'round_2_sig_str_clinch_1': '2 of 9', 'round_2_sig_str_clinch_2': '2 of 14', 'round_2_sig_str_ground_1': '5 of 6', 'round_2_sig_str_ground_2': '1 of 1'}","{'round_3_sig_str_head_1': '', 'round_3_sig_str_head_2': '', 'round_3_sig_str_body_1': '', 'round_3_sig_str_body_2': '', 'round_3_sig_str_leg_1': '15 of 23', 'round_3_sig_str_leg_2': '4 of 21', 'round_3_sig_str_dist_1': '65%', 'round_3_sig_str_dist_2': '19%', 'round_3_sig_str_clinch_1': '2 of 9', 'round_3_sig_str_clinch_2': '2 of 14', 'round_3_sig_str_ground_1': '5 of 6', 'round_3_sig_str_ground_2': '1 of 1'}","{'round_4_sig_str_head_1': '', 'round_4_sig_str_head_2': '', 'round_4_sig_str_body_1': '', 'round_4_sig_str_body_2': '', 'round_4_sig_str_leg_1': '15 of 23', 'round_4_sig_str_leg_2': '4 of 21', 'round_4_sig_str_dist_1': '65%', 'round_4_sig_str_dist_2': '19%', 'round_4_sig_str_clinch_1': '2 of 9', 'round_4_sig_str_clinch_2': '2 of 14', 'round_4_sig_str_ground_1': '5 of 6', 'round_4_sig_str_ground_2': '1 of 1'}","{'round_5_sig_str_head_1': '', 'round_5_sig_str_head_2': '', 'round_5_sig_str_body_1': '', 'round_5_sig_str_body_2': '', 'round_5_sig_str_leg_1': '15 of 23', 'round_5_sig_str_leg_2': '4 of 21', 'round_5_sig_str_dist_1': '65%', 'round_5_sig_str_dist_2': '19%', 'round_5_sig_str_clinch_1': '2 of 9', 'round_5_sig_str_clinch_2': '2 of 14', 'round_5_sig_str_ground_1': '5 of 6', 'round_5_sig_str_ground_2': '1 of 1'}",,,,,,,,,,,,,,,,,,
http://ufcstats.com/fight-details/54fa6e32330a8cca,"January 11, 2025","Las Vegas, Nevada, USA",W,Thiago Moises,,L,Trey Ogden,"""Shamurai""",Lightweight Bout,Decision - Unanimous,,,,,Mike Bell 28 - 29. Sal D'amato 28 - 29. Ron McCarthy 28 - 29.,,,,,0,0,55 of 94,59 of 95,58%,62%,75 of 124,117 of 168,0 of 0,1 of 1,---,100%,0,0,,,,,,,,,,,,,,,,,,,,,,,0,0,12 of 28,36 of 58,42%,62%,12 of 28,36 of 58,0 of 0,0 of 0,---,---,0,0,,,,,0,0,32 of 44,19 of 29,72%,65%,42 of 54,51 of 70,0 of 0,0 of 0,---,---,0,0,,,,,0,0,11 of 22,4 of 8,50%,50%,21 of 42,30 of 40,0 of 0,1 of 1,---,100%,0,0,,,,,,,,,,,,,,,,,,,,,,,,,,,,,,,,,,,,,,,,,,,,,,,,,,,,,,,,,,,,,,,,,,,,,,,,,,,,,,,,,,,,,,,,,,,0,0,55 of 94,59 of 95,58%,62%,75 of 124,117 of 168,0 of 0,1 of 1,---,100%,"{'round_1_sig_str_head_1': '', 'round_1_sig_str_head_2': '', 'round_1_sig_str_body_1': '', 'round_1_sig_str_body_2': '', 'round_1_sig_str_leg_1': '12 of 28', 'round_1_sig_str_leg_2': '36 of 58', 'round_1_sig_str_dist_1': '42%', 'round_1_sig_str_dist_2': '62%', 'round_1_sig_str_clinch_1': '2 of 12', 'round_1_sig_str_clinch_2': '14 of 35', 'round_1_sig_str_ground_1': '2 of 4', 'round_1_sig_str_ground_2': '2 of 2'}","{'round_2_sig_str_head_1': '', 'round_2_sig_str_head_2': '', 'round_2_sig_str_body_1': '', 'round_2_sig_str_body_2': '', 'round_2_sig_str_leg_1': '12 of 28', 'round_2_sig_str_leg_2': '36 of 58', 'round_2_sig_str_dist_1': '42%', 'round_2_sig_str_dist_2': '62%', 'round_2_sig_str_clinch_1': '2 of 12', 'round_2_sig_str_clinch_2': '14 of 35', 'round_2_sig_str_ground_1': '2 of 4', 'round_2_sig_str_ground_2': '2 of 2'}","{'round_3_sig_str_head_1': '', 'round_3_sig_str_head_2': '', 'round_3_sig_str_body_1': '', 'round_3_sig_str_body_2': '', 'round_3_sig_str_leg_1': '12 of 28', 'round_3_sig_str_leg_2': '36 of 58', 'round_3_sig_str_dist_1': '42%', 'round_3_sig_str_dist_2': '62%', 'round_3_sig_str_clinch_1': '2 of 12', 'round_3_sig_str_clinch_2': '14 of 35', 'round_3_sig_str_ground_1': '2 of 4', 'round_3_sig_str_ground_2': '2 of 2'}","{'round_4_sig_str_head_1': '', 'round_4_sig_str_head_2': '', 'round_4_sig_str_body_1': '', 'round_4_sig_str_body_2': '', 'round_4_sig_str_leg_1': '12 of 28', 'round_4_sig_str_leg_2': '36 of 58', 'round_4_sig_str_dist_1': '42%', 'round_4_sig_str_dist_2': '62%', 'round_4_sig_str_clinch_1': '2 of 12', 'round_4_sig_str_clinch_2': '14 of 35', 'round_4_sig_str_ground_1': '2 of 4', 'round_4_sig_str_ground_2': '2 of 2'}","{'round_5_sig_str_head_1': '', 'round_5_sig_str_head_2': '', 'round_5_sig_str_body_1': '', 'round_5_sig_str_body_2': '', 'round_5_sig_str_leg_1': '12 of 28', 'round_5_sig_str_leg_2': '36 of 58', 'round_5_sig_str_dist_1': '42%', 'round_5_sig_str_dist_2': '62%', 'round_5_sig_str_clinch_1': '2 of 12', 'round_5_sig_str_clinch_2': '14 of 35', 'round_5_sig_str_ground_1': '2 of 4', 'round_5_sig_str_ground_2': '2 of 2'}",,,,,,,,,,,,,,,,,,
http://ufcstats.com/fight-details/8a3281b0d7c168af,"January 11, 2025","Las Vegas, Nevada, USA",L,Jose Johnson,"""Zhakwarius""",W,Felipe Bunes,"""Felipinho""",Flyweight Bout,Submission,,,,,Armbar On Ground,,,,,0,0,8 of 14,2 of 7,57%,28%,8 of 15,5 of 10,0 of 0,0 of 2,---,0%,0,2,,,,,,,,,,,,,,,,,,,,,,,0,0,8 of 14,2 of 7,57%,28%,8 of 15,5 of 10,0 of 0,0 of 2,---,0%,0,2,,,,,,,,,,,,,,,,,,,,,,,,,,,,,,,,,,,,,,,,,,,,,,,,,,,,,,,,,,,,,,,,,,,,,,,,,,,,,,,,,,,,,,,,,,,,,,,,,,,,,,,,,,,,,,,,,,,,,,,,,,,,,,,0,0,8 of 14,2 of 7,57%,28%,8 of 15,5 of 10,0 of 0,0 of 2,---,0%,"{'round_1_sig_str_head_1': '', 'round_1_sig_str_head_2': '', 'round_1_sig_str_body_1': '', 'round_1_sig_str_body_2': '', 'round_1_sig_str_leg_1': '8 of 14', 'round_1_sig_str_leg_2': '2 of 7', 'round_1_sig_str_dist_1': '57%', 'round_1_sig_str_dist_2': '28%', 'round_1_sig_str_clinch_1': '3 of 8', 'round_1_sig_str_clinch_2': '2 of 7', 'round_1_sig_str_ground_1': '3 of 4', 'round_1_sig_str_ground_2': '0 of 0'}","{'round_2_sig_str_head_1': '', 'round_2_sig_str_head_2': '', 'round_2_sig_str_body_1': '', 'round_2_sig_str_body_2': '', 'round_2_sig_str_leg_1': '8 of 14', 'round_2_sig_str_leg_2': '2 of 7', 'round_2_sig_str_dist_1': '57%', 'round_2_sig_str_dist_2': '28%', 'round_2_sig_str_clinch_1': '3 of 8', 'round_2_sig_str_clinch_2': '2 of 7', 'round_2_sig_str_ground_1': '3 of 4', 'round_2_sig_str_ground_2': '0 of 0'}","{'round_3_sig_str_head_1': '', 'round_3_sig_str_head_2': '', 'round_3_sig_str_body_1': '', 'round_3_sig_str_body_2': '', 'round_3_sig_str_leg_1': '8 of 14', 'round_3_sig_str_leg_2': '2 of 7', 'round_3_sig_str_dist_1': '57%', 'round_3_sig_str_dist_2': '28%', 'round_3_sig_str_clinch_1': '3 of 8', 'round_3_sig_str_clinch_2': '2 of 7', 'round_3_sig_str_ground_1': '3 of 4', 'round_3_sig_str_ground_2': '0 of 0'}","{'round_4_sig_str_head_1': '', 'round_4_sig_str_head_2': '', 'round_4_sig_str_body_1': '', 'round_4_sig_str_body_2': '', 'round_4_sig_str_leg_1': '8 of 14', 'round_4_sig_str_leg_2': '2 of 7', 'round_4_sig_str_dist_1': '57%', 'round_4_sig_str_dist_2': '28%', 'round_4_sig_str_clinch_1': '3 of 8', 'round_4_sig_str_clinch_2': '2 of 7', 'round_4_sig_str_ground_1': '3 of 4', 'round_4_sig_str_ground_2': '0 of 0'}","{'round_5_sig_str_head_1': '', 'round_5_sig_str_head_2': '', 'round_5_sig_str_body_1': '', 'round_5_sig_str_body_2': '', 'round_5_sig_str_leg_1': '8 of 14', 'round_5_sig_str_leg_2': '2 of 7', 'round_5_sig_str_dist_1': '57%', 'round_5_sig_str_dist_2': '28%', 'round_5_sig_str_clinch_1': '3 of 8', 'round_5_sig_str_clinch_2': '2 of 7', 'round_5_sig_str_ground_1': '3 of 4', 'round_5_sig_str_ground_2': '0 of 0'}",,,,,,,,,,,,,,,,,,
http://ufcstats.com/fight-details/8d68863242695224,"January 11, 2025","Las Vegas, Nevada, USA",W,Marco Tulio,"""Matuto""",L,Ihor Potieria,"""Duelist""",Middleweight Bout,KO/TKO,,,,,Punches to Head On Ground,,,,,1,0,29 of 54,6 of 15,53%,40%,34 of 62,6 of 15,0 of 0,0 of 0,---,---,0,0,,,,,,,,,,,,,,,,,,,,,,,1,0,29 of 54,6 of 15,53%,40%,34 of 62,6 of 15,0 of 0,0 of 0,---,---,0,0,,,,,,,,,,,,,,,,,,,,,,,,,,,,,,,,,,,,,,,,,,,,,,,,,,,,,,,,,,,,,,,,,,,,,,,,,,,,,,,,,,,,,,,,,,,,,,,,,,,,,,,,,,,,,,,,,,,,,,,,,,,,,,,1,0,29 of 54,6 of 15,53%,40%,34 of 62,6 of 15,0 of 0,0 of 0,---,---,"{'round_1_sig_str_head_1': '', 'round_1_sig_str_head_2': '', 'round_1_sig_str_body_1': '', 'round_1_sig_str_body_2': '', 'round_1_sig_str_leg_1': '29 of 54', 'round_1_sig_str_leg_2': '6 of 15', 'round_1_sig_str_dist_1': '53%', 'round_1_sig_str_dist_2': '40%', 'round_1_sig_str_clinch_1': '20 of 41', 'round_1_sig_str_clinch_2': '2 of 8', 'round_1_sig_str_ground_1': '5 of 7', 'round_1_sig_str_ground_2': '1 of 2'}","{'round_2_sig_str_head_1': '', 'round_2_sig_str_head_2': '', 'round_2_sig_str_body_1': '', 'round_2_sig_str_body_2': '', 'round_2_sig_str_leg_1': '29 of 54', 'round_2_sig_str_leg_2': '6 of 15', 'round_2_sig_str_dist_1': '53%', 'round_2_sig_str_dist_2': '40%', 'round_2_sig_str_clinch_1': '20 of 41', 'round_2_sig_str_clinch_2': '2 of 8', 'round_2_sig_str_ground_1': '5 of 7', 'round_2_sig_str_ground_2': '1 of 2'}","{'round_3_sig_str_head_1': '', 'round_3_sig_str_head_2': '', 'round_3_sig_str_body_1': '', 'round_3_sig_str_body_2': '', 'round_3_sig_str_leg_1': '29 of 54', 'round_3_sig_str_leg_2': '6 of 15', 'round_3_sig_str_dist_1': '53%', 'round_3_sig_str_dist_2': '40%', 'round_3_sig_str_clinch_1': '20 of 41', 'round_3_sig_str_clinch_2': '2 of 8', 'round_3_sig_str_ground_1': '5 of 7', 'round_3_sig_str_ground_2': '1 of 2'}","{'round_4_sig_str_head_1': '', 'round_4_sig_str_head_2': '', 'round_4_sig_str_body_1': '', 'round_4_sig_str_body_2': '', 'round_4_sig_str_leg_1': '29 of 54', 'round_4_sig_str_leg_2': '6 of 15', 'round_4_sig_str_dist_1': '53%', 'round_4_sig_str_dist_2': '40%', 'round_4_sig_str_clinch_1': '20 of 41', 'round_4_sig_str_clinch_2': '2 of 8', 'round_4_sig_str_ground_1': '5 of 7', 'round_4_sig_str_ground_2': '1 of 2'}","{'round_5_sig_str_head_1': '', 'round_5_sig_str_head_2': '', 'round_5_sig_str_body_1': '', 'round_5_sig_str_body_2': '', 'round_5_sig_str_leg_1': '29 of 54', 'round_5_sig_str_leg_2': '6 of 15', 'round_5_sig_str_dist_1': '53%', 'round_5_sig_str_dist_2': '40%', 'round_5_sig_str_clinch_1': '20 of 41', 'round_5_sig_str_clinch_2': '2 of 8', 'round_5_sig_str_ground_1': '5 of 7', 'round_5_sig_str_ground_2': '1 of 2'}",,,,,,,,,,,,,,,,,,
http://ufcstats.com/fight-details/a2a5809ed8a01b45,"January 11, 2025","Las Vegas, Nevada, USA",W,Cesar Almeida,"""Cesinha""",L,Abdul Razak Alhassan,,,KO/TKO,,,,,Punch to Head At Distance,,,,,1,1,20 of 29,17 of 33,68%,51%,21 of 30,19 of 35,0 of 0,0 of 2,---,0%,0,0,,,,,,,,,,,,,,,,,,,,,,,1,1,20 of 29,17 of 33,68%,51%,21 of 30,19 of 35,0 of 0,0 of 2,---,0%,0,0,,,,,,,,,,,,,,,,,,,,,,,,,,,,,,,,,,,,,,,,,,,,,,,,,,,,,,,,,,,,,,,,,,,,,,,,,,,,,,,,,,,,,,,,,,,,,,,,,,,,,,,,,,,,,,,,,,,,,,,,,,,,,,,1,1,20 of 29,17 of 33,68%,51%,21 of 30,19 of 35,0 of 0,0 of 2,---,0%,"{'round_1_sig_str_head_1': '', 'round_1_sig_str_head_2': '', 'round_1_sig_str_body_1': '', 'round_1_sig_str_body_2': '', 'round_1_sig_str_leg_1': '20 of 29', 'round_1_sig_str_leg_2': '17 of 33', 'round_1_sig_str_dist_1': '68%', 'round_1_sig_str_dist_2': '51%', 'round_1_sig_str_clinch_1': '3 of 9', 'round_1_sig_str_clinch_2': '13 of 29', 'round_1_sig_str_ground_1': '9 of 11', 'round_1_sig_str_ground_2': '4 of 4'}","{'round_2_sig_str_head_1': '', 'round_2_sig_str_head_2': '', 'round_2_sig_str_body_1': '', 'round_2_sig_str_body_2': '', 'round_2_sig_str_leg_1': '20 of 29', 'round_2_sig_str_leg_2': '17 of 33', 'round_2_sig_str_dist_1': '68%', 'round_2_sig_str_dist_2': '51%', 'round_2_sig_str_clinch_1': '3 of 9', 'round_2_sig_str_clinch_2': '13 of 29', 'round_2_sig_str_ground_1': '9 of 11', 'round_2_sig_str_ground_2': '4 of 4'}","{'round_3_sig_str_head_1': '', 'round_3_sig_str_head_2': '', 'round_3_sig_str_body_1': '', 'round_3_sig_str_body_2': '', 'round_3_sig_str_leg_1': '20 of 29', 'round_3_sig_str_leg_2': '17 of 33', 'round_3_sig_str_dist_1': '68%', 'round_3_sig_str_dist_2': '51%', 'round_3_sig_str_clinch_1': '3 of 9', 'round_3_sig_str_clinch_2': '13 of 29', 'round_3_sig_str_ground_1': '9 of 11', 'round_3_sig_str_ground_2': '4 of 4'}","{'round_4_sig_str_head_1': '', 'round_4_sig_str_head_2': '', 'round_4_sig_str_body_1': '', 'round_4_sig_str_body_2': '', 'round_4_sig_str_leg_1': '20 of 29', 'round_4_sig_str_leg_2': '17 of 33', 'round_4_sig_str_dist_1': '68%', 'round_4_sig_str_dist_2': '51%', 'round_4_sig_str_clinch_1': '3 of 9', 'round_4_sig_str_clinch_2': '13 of 29', 'round_4_sig_str_ground_1': '9 of 11', 'round_4_sig_str_ground_2': '4 of 4'}","{'round_5_sig_str_head_1': '', 'round_5_sig_str_head_2': '', 'round_5_sig_str_body_1': '', 'round_5_sig_str_body_2': '', 'round_5_sig_str_leg_1': '20 of 29', 'round_5_sig_str_leg_2': '17 of 33', 'round_5_sig_str_dist_1': '68%', 'round_5_sig_str_dist_2': '51%', 'round_5_sig_str_clinch_1': '3 of 9', 'round_5_sig_str_clinch_2': '13 of 29', 'round_5_sig_str_ground_1': '9 of 11', 'round_5_sig_str_ground_2': '4 of 4'}",,,,,,,,,,,,,,,,,,
http://ufcstats.com/fight-details/ce4fc800a7456d18,"January 11, 2025","Las Vegas, Nevada, USA",W,Santiago Ponzinibbio,"""Argentine Dagger""",L,Carlston Harris,"""Mocambique""",Welterweight Bout,KO/TKO,,,,,Punches to Head At Distance,,,,,1,1,76 of 175,73 of 196,43%,37%,76 of 175,78 of 211,0 of 0,0 of 5,---,0%,0,0,,,,,,,,,,,,,,,,,,,,,,,0,1,22 of 48,37 of 79,45%,46%,22 of 48,37 of 79,0 of 0,0 of 2,---,0%,0,0,,,,,0,0,27 of 70,28 of 86,38%,32%,27 of 70,28 of 86,0 of 0,0 of 1,---,0%,0,0,,,,,1,0,27 of 57,8 of 31,47%,25%,27 of 57,13 of 46,0 of 0,0 of 2,---,0%,0,0,,,,,,,,,,,,,,,,,,,,,,,,,,,,,,,,,,,,,,,,,,,,,,,,,,,,,,,,,,,,,,,,,,,,,,,,,,,,,,,,,,,,,,,,,,,1,1,76 of 175,73 of 196,43%,37%,76 of 175,78 of 211,0 of 0,0 of 5,---,0%,"{'round_1_sig_str_head_1': '', 'round_1_sig_str_head_2': '', 'round_1_sig_str_body_1': '', 'round_1_sig_str_body_2': '', 'round_1_sig_str_leg_1': '22 of 48', 'round_1_sig_str_leg_2': '37 of 79', 'round_1_sig_str_dist_1': '45%', 'round_1_sig_str_dist_2': '46%', 'round_1_sig_str_clinch_1': '13 of 39', 'round_1_sig_str_clinch_2': '20 of 51', 'round_1_sig_str_ground_1': '5 of 5', 'round_1_sig_str_ground_2': '8 of 18'}","{'round_2_sig_str_head_1': '', 'round_2_sig_str_head_2': '', 'round_2_sig_str_body_1': '', 'round_2_sig_str_body_2': '', 'round_2_sig_str_leg_1': '22 of 48', 'round_2_sig_str_leg_2': '37 of 79', 'round_2_sig_str_dist_1': '45%', 'round_2_sig_str_dist_2': '46%', 'round_2_sig_str_clinch_1': '13 of 39', 'round_2_sig_str_clinch_2': '20 of 51', 'round_2_sig_str_ground_1': '5 of 5', 'round_2_sig_str_ground_2': '8 of 18'}","{'round_3_sig_str_head_1': '', 'round_3_sig_str_head_2': '', 'round_3_sig_str_body_1': '', 'round_3_sig_str_body_2': '', 'round_3_sig_str_leg_1': '22 of 48', 'round_3_sig_str_leg_2': '37 of 79', 'round_3_sig_str_dist_1': '45%', 'round_3_sig_str_dist_2': '46%', 'round_3_sig_str_clinch_1': '13 of 39', 'round_3_sig_str_clinch_2': '20 of 51', 'round_3_sig_str_ground_1': '5 of 5', 'round_3_sig_str_ground_2': '8 of 18'}","{'round_4_sig_str_head_1': '', 'round_4_sig_str_head_2': '', 'round_4_sig_str_body_1': '', 'round_4_sig_str_body_2': '', 'round_4_sig_str_leg_1': '22 of 48', 'round_4_sig_str_leg_2': '37 of 79', 'round_4_sig_str_dist_1': '45%', 'round_4_sig_str_dist_2': '46%', 'round_4_sig_str_clinch_1': '13 of 39', 'round_4_sig_str_clinch_2': '20 of 51', 'round_4_sig_str_ground_1': '5 of 5', 'round_4_sig_str_ground_2': '8 of 18'}","{'round_5_sig_str_head_1': '', 'round_5_sig_str_head_2': '', 'round_5_sig_str_body_1': '', 'round_5_sig_str_body_2': '', 'round_5_sig_str_leg_1': '22 of 48', 'round_5_sig_str_leg_2': '37 of 79', 'round_5_sig_str_dist_1': '45%', 'round_5_sig_str_dist_2': '46%', 'round_5_sig_str_clinch_1': '13 of 39', 'round_5_sig_str_clinch_2': '20 of 51', 'round_5_sig_str_ground_1': '5 of 5', 'round_5_sig_str_ground_2': '8 of 18'}",,,,,,,,,,,,,,,,,,
http://ufcstats.com/fight-details/32cc31b76b32ade1,"January 11, 2025","Las Vegas, Nevada, USA",W,Punahele Soriano,"""Puna""",L,Uros Medic,"""The Doctor""",Welterweight Bout,KO/TKO,,,,,Punch to Head At Distance,,,,,1,0,13 of 17,2 of 3,76%,66%,13 of 17,2 of 3,0 of 0,0 of 0,---,---,0,0,,,,,,,,,,,,,,,,,,,,,,,1,0,13 of 17,2 of 3,76%,66%,13 of 17,2 of 3,0 of 0,0 of 0,---,---,0,0,,,,,,,,,,,,,,,,,,,,,,,,,,,,,,,,,,,,,,,,,,,,,,,,,,,,,,,,,,,,,,,,,,,,,,,,,,,,,,,,,,,,,,,,,,,,,,,,,,,,,,,,,,,,,,,,,,,,,,,,,,,,,,,1,0,13 of 17,2 of 3,76%,66%,13 of 17,2 of 3,0 of 0,0 of 0,---,---,"{'round_1_sig_str_head_1': '', 'round_1_sig_str_head_2': '', 'round_1_sig_str_body_1': '', 'round_1_sig_str_body_2': '', 'round_1_sig_str_leg_1': '13 of 17', 'round_1_sig_str_leg_2': '2 of 3', 'round_1_sig_str_dist_1': '76%', 'round_1_sig_str_dist_2': '66%', 'round_1_sig_str_clinch_1': '12 of 16', 'round_1_sig_str_clinch_2': '1 of 2', 'round_1_sig_str_ground_1': '0 of 0', 'round_1_sig_str_ground_2': '1 of 1'}","{'round_2_sig_str_head_1': '', 'round_2_sig_str_head_2': '', 'round_2_sig_str_body_1': '', 'round_2_sig_str_body_2': '', 'round_2_sig_str_leg_1': '13 of 17', 'round_2_sig_str_leg_2': '2 of 3', 'round_2_sig_str_dist_1': '76%', 'round_2_sig_str_dist_2': '66%', 'round_2_sig_str_clinch_1': '12 of 16', 'round_2_sig_str_clinch_2': '1 of 2', 'round_2_sig_str_ground_1': '0 of 0', 'round_2_sig_str_ground_2': '1 of 1'}","{'round_3_sig_str_head_1': '', 'round_3_sig_str_head_2': '', 'round_3_sig_str_body_1': '', 'round_3_sig_str_body_2': '', 'round_3_sig_str_leg_1': '13 of 17', 'round_3_sig_str_leg_2': '2 of 3', 'round_3_sig_str_dist_1': '76%', 'round_3_sig_str_dist_2': '66%', 'round_3_sig_str_clinch_1': '12 of 16', 'round_3_sig_str_clinch_2': '1 of 2', 'round_3_sig_str_ground_1': '0 of 0', 'round_3_sig_str_ground_2': '1 of 1'}","{'round_4_sig_str_head_1': '', 'round_4_sig_str_head_2': '', 'round_4_sig_str_body_1': '', 'round_4_sig_str_body_2': '', 'round_4_sig_str_leg_1': '13 of 17', 'round_4_sig_str_leg_2': '2 of 3', 'round_4_sig_str_dist_1': '76%', 'round_4_sig_str_dist_2': '66%', 'round_4_sig_str_clinch_1': '12 of 16', 'round_4_sig_str_clinch_2': '1 of 2', 'round_4_sig_str_ground_1': '0 of 0', 'round_4_sig_str_ground_2': '1 of 1'}","{'round_5_sig_str_head_1': '', 'round_5_sig_str_head_2': '', 'round_5_sig_str_body_1': '', 'round_5_sig_str_body_2': '', 'round_5_sig_str_leg_1': '13 of 17', 'round_5_sig_str_leg_2': '2 of 3', 'round_5_sig_str_dist_1': '76%', 'round_5_sig_str_dist_2': '66%', 'round_5_sig_str_clinch_1': '12 of 16', 'round_5_sig_str_clinch_2': '1 of 2', 'round_5_sig_str_ground_1': '0 of 0', 'round_5_sig_str_ground_2': '1 of 1'}",,,,,,,,,,,,,,,,,,
http://ufcstats.com/fight-details/03c1865919daeaa4,"January 11, 2025","Las Vegas, Nevada, USA",W,Christian Rodriguez,,L,Austin Bashi,,Featherweight Bout,Decision - Unanimous,,,,,Mike Bell 28 - 29. David Lethaby 28 - 29. Bryan Miner 28 - 29.,,,,,0,0,44 of 82,23 of 50,53%,46%,55 of 93,32 of 60,2 of 4,3 of 18,50%,16%,2,0,,,,,,,,,,,,,,,,,,,,,,,0,0,7 of 18,8 of 13,38%,61%,9 of 20,11 of 16,1 of 2,1 of 6,50%,16%,2,0,,,,,0,0,14 of 18,5 of 15,77%,33%,19 of 23,11 of 22,0 of 0,2 of 7,---,28%,0,0,,,,,0,0,23 of 46,10 of 22,50%,45%,27 of 50,10 of 22,1 of 2,0 of 5,50%,0%,0,0,,,,,,,,,,,,,,,,,,,,,,,,,,,,,,,,,,,,,,,,,,,,,,,,,,,,,,,,,,,,,,,,,,,,,,,,,,,,,,,,,,,,,,,,,,,0,0,44 of 82,23 of 50,53%,46%,55 of 93,32 of 60,2 of 4,3 of 18,50%,16%,"{'round_1_sig_str_head_1': '', 'round_1_sig_str_head_2': '', 'round_1_sig_str_body_1': '', 'round_1_sig_str_body_2': '', 'round_1_sig_str_leg_1': '7 of 18', 'round_1_sig_str_leg_2': '8 of 13', 'round_1_sig_str_dist_1': '38%', 'round_1_sig_str_dist_2': '61%', 'round_1_sig_str_clinch_1': '5 of 16', 'round_1_sig_str_clinch_2': '3 of 7', 'round_1_sig_str_ground_1': '2 of 2', 'round_1_sig_str_ground_2': '3 of 4'}","{'round_2_sig_str_head_1': '', 'round_2_sig_str_head_2': '', 'round_2_sig_str_body_1': '', 'round_2_sig_str_body_2': '', 'round_2_sig_str_leg_1': '7 of 18', 'round_2_sig_str_leg_2': '8 of 13', 'round_2_sig_str_dist_1': '38%', 'round_2_sig_str_dist_2': '61%', 'round_2_sig_str_clinch_1': '5 of 16', 'round_2_sig_str_clinch_2': '3 of 7', 'round_2_sig_str_ground_1': '2 of 2', 'round_2_sig_str_ground_2': '3 of 4'}","{'round_3_sig_str_head_1': '', 'round_3_sig_str_head_2': '', 'round_3_sig_str_body_1': '', 'round_3_sig_str_body_2': '', 'round_3_sig_str_leg_1': '7 of 18', 'round_3_sig_str_leg_2': '8 of 13', 'round_3_sig_str_dist_1': '38%', 'round_3_sig_str_dist_2': '61%', 'round_3_sig_str_clinch_1': '5 of 16', 'round_3_sig_str_clinch_2': '3 of 7', 'round_3_sig_str_ground_1': '2 of 2', 'round_3_sig_str_ground_2': '3 of 4'}","{'round_4_sig_str_head_1': '', 'round_4_sig_str_head_2': '', 'round_4_sig_str_body_1': '', 'round_4_sig_str_body_2': '', 'round_4_sig_str_leg_1': '7 of 18', 'round_4_sig_str_leg_2': '8 of 13', 'round_4_sig_str_dist_1': '38%', 'round_4_sig_str_dist_2': '61%', 'round_4_sig_str_clinch_1': '5 of 16', 'round_4_sig_str_clinch_2': '3 of 7', 'round_4_sig_str_ground_1': '2 of 2', 'round_4_sig_str_ground_2': '3 of 4'}","{'round_5_sig_str_head_1': '', 'round_5_sig_str_head_2': '', 'round_5_sig_str_body_1': '', 'round_5_sig_str_body_2': '', 'round_5_sig_str_leg_1': '7 of 18', 'round_5_sig_str_leg_2': '8 of 13', 'round_5_sig_str_dist_1': '38%', 'round_5_sig_str_dist_2': '61%', 'round_5_sig_str_clinch_1': '5 of 16', 'round_5_sig_str_clinch_2': '3 of 7', 'round_5_sig_str_ground_1': '2 of 2', 'round_5_sig_str_ground_2': '3 of 4'}",,,,,,,,,,,,,,,,,,
http://ufcstats.com/fight-details/aa38e39397dbea72,"January 11, 2025","Las Vegas, Nevada, USA",L,Chris Curtis,"""Action-Man""",W,Roman Kopylov,,,KO/TKO,,,,,Kick to Head At Distance,,,,,0,1,142 of 261,130 of 307,54%,42%,146 of 265,133 of 310,0 of 0,1 of 6,---,16%,0,0,,,,,,,,,,,,,,,,,,,,,,,0,0,42 of 83,48 of 110,50%,43%,42 of 83,48 of 110,0 of 0,0 of 2,---,0%,0,0,,,,,0,0,58 of 104,38 of 96,55%,39%,59 of 105,38 of 96,0 of 0,0 of 0,---,---,0,0,,,,,0,1,42 of 74,44 of 101,56%,43%,45 of 77,47 of 104,0 of 0,1 of 4,---,25%,0,0,,,,,,,,,,,,,,,,,,,,,,,,,,,,,,,,,,,,,,,,,,,,,,,,,,,,,,,,,,,,,,,,,,,,,,,,,,,,,,,,,,,,,,,,,,,0,1,142 of 261,130 of 307,54%,42%,146 of 265,133 of 310,0 of 0,1 of 6,---,16%,"{'round_1_sig_str_head_1': '', 'round_1_sig_str_head_2': '', 'round_1_sig_str_body_1': '', 'round_1_sig_str_body_2': '', 'round_1_sig_str_leg_1': '42 of 83', 'round_1_sig_str_leg_2': '48 of 110', 'round_1_sig_str_dist_1': '50%', 'round_1_sig_str_dist_2': '43%', 'round_1_sig_str_clinch_1': '32 of 62', 'round_1_sig_str_clinch_2': '33 of 93', 'round_1_sig_str_ground_1': '8 of 19', 'round_1_sig_str_ground_2': '6 of 8'}","{'round_2_sig_str_head_1': '', 'round_2_sig_str_head_2': '', 'round_2_sig_str_body_1': '', 'round_2_sig_str_body_2': '', 'round_2_sig_str_leg_1': '42 of 83', 'round_2_sig_str_leg_2': '48 of 110', 'round_2_sig_str_dist_1': '50%', 'round_2_sig_str_dist_2': '43%', 'round_2_sig_str_clinch_1': '32 of 62', 'round_2_sig_str_clinch_2': '33 of 93', 'round_2_sig_str_ground_1': '8 of 19', 'round_2_sig_str_ground_2': '6 of 8'}","{'round_3_sig_str_head_1': '', 'round_3_sig_str_head_2': '', 'round_3_sig_str_body_1': '', 'round_3_sig_str_body_2': '', 'round_3_sig_str_leg_1': '42 of 83', 'round_3_sig_str_leg_2': '48 of 110', 'round_3_sig_str_dist_1': '50%', 'round_3_sig_str_dist_2': '43%', 'round_3_sig_str_clinch_1': '32 of 62', 'round_3_sig_str_clinch_2': '33 of 93', 'round_3_sig_str_ground_1': '8 of 19', 'round_3_sig_str_ground_2': '6 of 8'}","{'round_4_sig_str_head_1': '', 'round_4_sig_str_head_2': '', 'round_4_sig_str_body_1': '', 'round_4_sig_str_body_2': '', 'round_4_sig_str_leg_1': '42 of 83', 'round_4_sig_str_leg_2': '48 of 110', 'round_4_sig_str_dist_1': '50%', 'round_4_sig_str_dist_2': '43%', 'round_4_sig_str_clinch_1': '32 of 62', 'round_4_sig_str_clinch_2': '33 of 93', 'round_4_sig_str_ground_1': '8 of 19', 'round_4_sig_str_ground_2': '6 of 8'}","{'round_5_sig_str_head_1': '', 'round_5_sig_str_head_2': '', 'round_5_sig_str_body_1': '', 'round_5_sig_str_body_2': '', 'round_5_sig_str_leg_1': '42 of 83', 'round_5_sig_str_leg_2': '48 of 110', 'round_5_sig_str_dist_1': '50%', 'round_5_sig_str_dist_2': '43%', 'round_5_sig_str_clinch_1': '32 of 62', 'round_5_sig_str_clinch_2': '33 of 93', 'round_5_sig_str_ground_1': '8 of 19', 'round_5_sig_str_ground_2': '6 of 8'}",,,,,,,,,,,,,,,,,,
http://ufcstats.com/fight-details/f46308108eb9261a,"January 11, 2025","Las Vegas, Nevada, USA",W,Mackenzie Dern,,L,Amanda Ribas,,,Submission,,,,,Armbar From Mount,,,,,0,0,27 of 46,17 of 56,58%,30%,82 of 107,99 of 151,1 of 3,2 of 2,33%,100%,1,0,,,,,,,,,,,,,,,,,,,,,,,0,0,12 of 25,10 of 33,48%,30%,34 of 47,27 of 50,1 of 1,0 of 0,100%,---,0,0,,,,,0,0,3 of 3,3 of 6,100%,50%,24 of 25,37 of 49,0 of 1,1 of 1,0%,100%,0,0,,,,,0,0,12 of 18,4 of 17,66%,23%,24 of 35,35 of 52,0 of 1,1 of 1,0%,100%,1,0,,,,,,,,,,,,,,,,,,,,,,,,,,,,,,,,,,,,,,,,,,,,,,,,,,,,,,,,,,,,,,,,,,,,,,,,,,,,,,,,,,,,,,,,,,,0,0,27 of 46,17 of 56,58%,30%,82 of 107,99 of 151,1 of 3,2 of 2,33%,100%,"{'round_1_sig_str_head_1': '', 'round_1_sig_str_head_2': '', 'round_1_sig_str_body_1': '', 'round_1_sig_str_body_2': '', 'round_1_sig_str_leg_1': '12 of 25', 'round_1_sig_str_leg_2': '10 of 33', 'round_1_sig_str_dist_1': '48%', 'round_1_sig_str_dist_2': '30%', 'round_1_sig_str_clinch_1': '4 of 15', 'round_1_sig_str_clinch_2': '6 of 26', 'round_1_sig_str_ground_1': '2 of 4', 'round_1_sig_str_ground_2': '1 of 3'}","{'round_2_sig_str_head_1': '', 'round_2_sig_str_head_2': '', 'round_2_sig_str_body_1': '', 'round_2_sig_str_body_2': '', 'round_2_sig_str_leg_1': '12 of 25', 'round_2_sig_str_leg_2': '10 of 33', 'round_2_sig_str_dist_1': '48%', 'round_2_sig_str_dist_2': '30%', 'round_2_sig_str_clinch_1': '4 of 15', 'round_2_sig_str_clinch_2': '6 of 26', 'round_2_sig_str_ground_1': '2 of 4', 'round_2_sig_str_ground_2': '1 of 3'}","{'round_3_sig_str_head_1': '', 'round_3_sig_str_head_2': '', 'round_3_sig_str_body_1': '', 'round_3_sig_str_body_2': '', 'round_3_sig_str_leg_1': '12 of 25', 'round_3_sig_str_leg_2': '10 of 33', 'round_3_sig_str_dist_1': '48%', 'round_3_sig_str_dist_2': '30%', 'round_3_sig_str_clinch_1': '4 of 15', 'round_3_sig_str_clinch_2': '6 of 26', 'round_3_sig_str_ground_1': '2 of 4', 'round_3_sig_str_ground_2': '1 of 3'}","{'round_4_sig_str_head_1': '', 'round_4_sig_str_head_2': '', 'round_4_sig_str_body_1': '', 'round_4_sig_str_body_2': '', 'round_4_sig_str_leg_1': '12 of 25', 'round_4_sig_str_leg_2': '10 of 33', 'round_4_sig_str_dist_1': '48%', 'round_4_sig_str_dist_2': '30%', 'round_4_sig_str_clinch_1': '4 of 15', 'round_4_sig_str_clinch_2': '6 of 26', 'round_4_sig_str_ground_1': '2 of 4', 'round_4_sig_str_ground_2': '1 of 3'}","{'round_5_sig_str_head_1': '', 'round_5_sig_str_head_2': '', 'round_5_sig_str_body_1': '', 'round_5_sig_str_body_2': '', 'round_5_sig_str_leg_1': '12 of 25', 'round_5_sig_str_leg_2': '10 of 33', 'round_5_sig_str_dist_1': '48%', 'round_5_sig_str_dist_2': '30%', 'round_5_sig_str_clinch_1': '4 of 15', 'round_5_sig_str_clinch_2': '6 of 26', 'round_5_sig_str_ground_1': '2 of 4', 'round_5_sig_str_ground_2': '1 of 3'}",,,,,,,,,,,,,,,,,,
http://ufcstats.com/fight-details/bde635a4f345bc3e,"October 26, 2024","Abu Dhabi, Abu Dhabi, United Arab Emirates",W,Ismail Naurdiev,,L,Bruno Silva,"""Blindado""",Middleweight Bout,Decision - Unanimous,,,,,Sal D'amato 27 - 30. Jacob Montalvo 27 - 30. Tony Weeks 27 - 30.,,,,,0,0,66 of 116,36 of 97,56%,37%,107 of 166,38 of 100,3 of 13,0 of 3,23%,0%,0,0,,,,,,,,,,,,,,,,,,,,,,,0,0,13 of 27,12 of 27,48%,44%,21 of 38,12 of 27,1 of 5,0 of 0,20%,---,0,0,,,,,0,0,20 of 39,14 of 33,51%,42%,40 of 62,16 of 35,2 of 4,0 of 2,50%,0%,0,0,,,,,0,0,33 of 50,10 of 37,66%,27%,46 of 66,10 of 38,0 of 4,0 of 1,0%,0%,0,0,,,,,,,,,,,,,,,,,,,,,,,,,,,,,,,,,,,,,,,,,,,,,,,,,,,,,,,,,,,,,,,,,,,,,,,,,,,,,,,,,,,,,,,,,,,0,0,66 of 116,36 of 97,56%,37%,107 of 166,38 of 100,3 of 13,0 of 3,23%,0%,"{'round_1_sig_str_head_1': '', 'round_1_sig_str_head_2': '', 'round_1_sig_str_body_1': '', 'round_1_sig_str_body_2': '', 'round_1_sig_str_leg_1': '13 of 27', 'round_1_sig_str_leg_2': '12 of 27', 'round_1_sig_str_dist_1': '48%', 'round_1_sig_str_dist_2': '44%', 'round_1_sig_str_clinch_1': '6 of 18', 'round_1_sig_str_clinch_2': '7 of 20', 'round_1_sig_str_ground_1': '4 of 6', 'round_1_sig_str_ground_2': '2 of 3'}","{'round_2_sig_str_head_1': '', 'round_2_sig_str_head_2': '', 'round_2_sig_str_body_1': '', 'round_2_sig_str_body_2': '', 'round_2_sig_str_leg_1': '13 of 27', 'round_2_sig_str_leg_2': '12 of 27', 'round_2_sig_str_dist_1': '48%', 'round_2_sig_str_dist_2': '44%', 'round_2_sig_str_clinch_1': '6 of 18', 'round_2_sig_str_clinch_2': '7 of 20', 'round_2_sig_str_ground_1': '4 of 6', 'round_2_sig_str_ground_2': '2 of 3'}","{'round_3_sig_str_head_1': '', 'round_3_sig_str_head_2': '', 'round_3_sig_str_body_1': '', 'round_3_sig_str_body_2': '', 'round_3_sig_str_leg_1': '13 of 27', 'round_3_sig_str_leg_2': '12 of 27', 'round_3_sig_str_dist_1': '48%', 'round_3_sig_str_dist_2': '44%', 'round_3_sig_str_clinch_1': '6 of 18', 'round_3_sig_str_clinch_2': '7 of 20', 'round_3_sig_str_ground_1': '4 of 6', 'round_3_sig_str_ground_2': '2 of 3'}","{'round_4_sig_str_head_1': '', 'round_4_sig_str_head_2': '', 'round_4_sig_str_body_1': '', 'round_4_sig_str_body_2': '', 'round_4_sig_str_leg_1': '13 of 27', 'round_4_sig_str_leg_2': '12 of 27', 'round_4_sig_str_dist_1': '48%', 'round_4_sig_str_dist_2': '44%', 'round_4_sig_str_clinch_1': '6 of 18', 'round_4_sig_str_clinch_2': '7 of 20', 'round_4_sig_str_ground_1': '4 of 6', 'round_4_sig_str_ground_2': '2 of 3'}","{'round_5_sig_str_head_1': '', 'round_5_sig_str_head_2': '', 'round_5_sig_str_body_1': '', 'round_5_sig_str_body_2': '', 'round_5_sig_str_leg_1': '13 of 27', 'round_5_sig_str_leg_2': '12 of 27', 'round_5_sig_str_dist_1': '48%', 'round_5_sig_str_dist_2': '44%', 'round_5_sig_str_clinch_1': '6 of 18', 'round_5_sig_str_clinch_2': '7 of 20', 'round_5_sig_str_ground_1': '4 of 6', 'round_5_sig_str_ground_2': '2 of 3'}",,,,,,,,,,,,,,,,,,
http://ufcstats.com/fight-details/6114076c689e8457,"October 26, 2024","Abu Dhabi, Abu Dhabi, United Arab Emirates",W,Rinat Fakhretdinov,"""Gladiator""",L,Carlos Leal,"""The Lion""",Welterweight Bout,Decision - Unanimous,,,,,Mike Bell 28 - 29. David Lethaby 28 - 29. Hadi Mohamed Ali 27 - 30.,,,,,0,0,109 of 222,107 of 246,49%,43%,119 of 236,146 of 292,2 of 19,1 of 4,10%,25%,0,0,,,,,,,,,,,,,,,,,,,,,,,0,0,24 of 53,28 of 63,45%,44%,28 of 59,56 of 95,1 of 7,0 of 0,14%,---,0,0,,,,,0,0,33 of 68,37 of 86,48%,43%,37 of 73,44 of 94,1 of 4,0 of 1,25%,0%,0,0,,,,,0,0,52 of 101,42 of 97,51%,43%,54 of 104,46 of 103,0 of 8,1 of 3,0%,33%,0,0,,,,,,,,,,,,,,,,,,,,,,,,,,,,,,,,,,,,,,,,,,,,,,,,,,,,,,,,,,,,,,,,,,,,,,,,,,,,,,,,,,,,,,,,,,,0,0,109 of 222,107 of 246,49%,43%,119 of 236,146 of 292,2 of 19,1 of 4,10%,25%,"{'round_1_sig_str_head_1': '', 'round_1_sig_str_head_2': '', 'round_1_sig_str_body_1': '', 'round_1_sig_str_body_2': '', 'round_1_sig_str_leg_1': '24 of 53', 'round_1_sig_str_leg_2': '28 of 63', 'round_1_sig_str_dist_1': '45%', 'round_1_sig_str_dist_2': '44%', 'round_1_sig_str_clinch_1': '17 of 43', 'round_1_sig_str_clinch_2': '19 of 53', 'round_1_sig_str_ground_1': '3 of 6', 'round_1_sig_str_ground_2': '5 of 6'}","{'round_2_sig_str_head_1': '', 'round_2_sig_str_head_2': '', 'round_2_sig_str_body_1': '', 'round_2_sig_str_body_2': '', 'round_2_sig_str_leg_1': '24 of 53', 'round_2_sig_str_leg_2': '28 of 63', 'round_2_sig_str_dist_1': '45%', 'round_2_sig_str_dist_2': '44%', 'round_2_sig_str_clinch_1': '17 of 43', 'round_2_sig_str_clinch_2': '19 of 53', 'round_2_sig_str_ground_1': '3 of 6', 'round_2_sig_str_ground_2': '5 of 6'}","{'round_3_sig_str_head_1': '', 'round_3_sig_str_head_2': '', 'round_3_sig_str_body_1': '', 'round_3_sig_str_body_2': '', 'round_3_sig_str_leg_1': '24 of 53', 'round_3_sig_str_leg_2': '28 of 63', 'round_3_sig_str_dist_1': '45%', 'round_3_sig_str_dist_2': '44%', 'round_3_sig_str_clinch_1': '17 of 43', 'round_3_sig_str_clinch_2': '19 of 53', 'round_3_sig_str_ground_1': '3 of 6', 'round_3_sig_str_ground_2': '5 of 6'}","{'round_4_sig_str_head_1': '', 'round_4_sig_str_head_2': '', 'round_4_sig_str_body_1': '', 'round_4_sig_str_body_2': '', 'round_4_sig_str_leg_1': '24 of 53', 'round_4_sig_str_leg_2': '28 of 63', 'round_4_sig_str_dist_1': '45%', 'round_4_sig_str_dist_2': '44%', 'round_4_sig_str_clinch_1': '17 of 43', 'round_4_sig_str_clinch_2': '19 of 53', 'round_4_sig_str_ground_1': '3 of 6', 'round_4_sig_str_ground_2': '5 of 6'}","{'round_5_sig_str_head_1': '', 'round_5_sig_str_head_2': '', 'round_5_sig_str_body_1': '', 'round_5_sig_str_body_2': '', 'round_5_sig_str_leg_1': '24 of 53', 'round_5_sig_str_leg_2': '28 of 63', 'round_5_sig_str_dist_1': '45%', 'round_5_sig_str_dist_2': '44%', 'round_5_sig_str_clinch_1': '17 of 43', 'round_5_sig_str_clinch_2': '19 of 53', 'round_5_sig_str_ground_1': '3 of 6', 'round_5_sig_str_ground_2': '5 of 6'}",,,,,,,,,,,,,,,,,,
http://ufcstats.com/fight-details/5c783cd188425783,"October 26, 2024","Abu Dhabi, Abu Dhabi, United Arab Emirates",W,Farid Basharat,"""Ferocious""",L,Victor Hugo,"""Striker""",Featherweight Bout,Decision - Unanimous,,,,,Mike Bell 27 - 30. Hadi Mohamed Ali 28 - 29. David Lethaby 28 - 29.,,,,,0,0,60 of 126,45 of 125,47%,36%,89 of 168,48 of 128,4 of 7,1 of 4,57%,25%,0,1,,,,,,,,,,,,,,,,,,,,,,,0,0,22 of 38,10 of 38,57%,26%,27 of 50,11 of 39,0 of 1,0 of 3,0%,0%,0,1,,,,,0,0,30 of 71,25 of 66,42%,37%,30 of 71,25 of 66,0 of 0,1 of 1,---,100%,0,0,,,,,0,0,8 of 17,10 of 21,47%,47%,32 of 47,12 of 23,4 of 6,0 of 0,66%,---,0,0,,,,,,,,,,,,,,,,,,,,,,,,,,,,,,,,,,,,,,,,,,,,,,,,,,,,,,,,,,,,,,,,,,,,,,,,,,,,,,,,,,,,,,,,,,,0,0,60 of 126,45 of 125,47%,36%,89 of 168,48 of 128,4 of 7,1 of 4,57%,25%,"{'round_1_sig_str_head_1': '', 'round_1_sig_str_head_2': '', 'round_1_sig_str_body_1': '', 'round_1_sig_str_body_2': '', 'round_1_sig_str_leg_1': '22 of 38', 'round_1_sig_str_leg_2': '10 of 38', 'round_1_sig_str_dist_1': '57%', 'round_1_sig_str_dist_2': '26%', 'round_1_sig_str_clinch_1': '11 of 24', 'round_1_sig_str_clinch_2': '4 of 24', 'round_1_sig_str_ground_1': '2 of 4', 'round_1_sig_str_ground_2': '3 of 8'}","{'round_2_sig_str_head_1': '', 'round_2_sig_str_head_2': '', 'round_2_sig_str_body_1': '', 'round_2_sig_str_body_2': '', 'round_2_sig_str_leg_1': '22 of 38', 'round_2_sig_str_leg_2': '10 of 38', 'round_2_sig_str_dist_1': '57%', 'round_2_sig_str_dist_2': '26%', 'round_2_sig_str_clinch_1': '11 of 24', 'round_2_sig_str_clinch_2': '4 of 24', 'round_2_sig_str_ground_1': '2 of 4', 'round_2_sig_str_ground_2': '3 of 8'}","{'round_3_sig_str_head_1': '', 'round_3_sig_str_head_2': '', 'round_3_sig_str_body_1': '', 'round_3_sig_str_body_2': '', 'round_3_sig_str_leg_1': '22 of 38', 'round_3_sig_str_leg_2': '10 of 38', 'round_3_sig_str_dist_1': '57%', 'round_3_sig_str_dist_2': '26%', 'round_3_sig_str_clinch_1': '11 of 24', 'round_3_sig_str_clinch_2': '4 of 24', 'round_3_sig_str_ground_1': '2 of 4', 'round_3_sig_str_ground_2': '3 of 8'}","{'round_4_sig_str_head_1': '', 'round_4_sig_str_head_2': '', 'round_4_sig_str_body_1': '', 'round_4_sig_str_body_2': '', 'round_4_sig_str_leg_1': '22 of 38', 'round_4_sig_str_leg_2': '10 of 38', 'round_4_sig_str_dist_1': '57%', 'round_4_sig_str_dist_2': '26%', 'round_4_sig_str_clinch_1': '11 of 24', 'round_4_sig_str_clinch_2': '4 of 24', 'round_4_sig_str_ground_1': '2 of 4', 'round_4_sig_str_ground_2': '3 of 8'}","{'round_5_sig_str_head_1': '', 'round_5_sig_str_head_2': '', 'round_5_sig_str_body_1': '', 'round_5_sig_str_body_2': '', 'round_5_sig_str_leg_1': '22 of 38', 'round_5_sig_str_leg_2': '10 of 38', 'round_5_sig_str_dist_1': '57%', 'round_5_sig_str_dist_2': '26%', 'round_5_sig_str_clinch_1': '11 of 24', 'round_5_sig_str_clinch_2': '4 of 24', 'round_5_sig_str_ground_1': '2 of 4', 'round_5_sig_str_ground_2': '3 of 8'}",,,,,,,,,,,,,,,,,,
http://ufcstats.com/fight-details/919e3c5cc6999cb3,"October 26, 2024","Abu Dhabi, Abu Dhabi, United Arab Emirates",W,Mateusz Rebecki,,L,Myktybek Orolbai,,,Decision - Split,,,,,Jacob Montalvo 29 - 28. Sal D'amato 28 - 29. Ben Cartlidge 28 - 29.,,,,,1,0,71 of 146,61 of 135,48%,45%,93 of 174,85 of 162,3 of 4,2 of 5,75%,40%,0,0,,,,,,,,,,,,,,,,,,,,,,,0,0,27 of 57,22 of 51,47%,43%,27 of 57,22 of 51,0 of 1,0 of 0,0%,---,0,0,,,,,0,0,23 of 55,25 of 57,41%,43%,24 of 56,28 of 61,0 of 0,1 of 4,---,25%,0,0,,,,,1,0,21 of 34,14 of 27,61%,51%,42 of 61,35 of 50,3 of 3,1 of 1,100%,100%,0,0,,,,,,,,,,,,,,,,,,,,,,,,,,,,,,,,,,,,,,,,,,,,,,,,,,,,,,,,,,,,,,,,,,,,,,,,,,,,,,,,,,,,,,,,,,,1,0,71 of 146,61 of 135,48%,45%,93 of 174,85 of 162,3 of 4,2 of 5,75%,40%,"{'round_1_sig_str_head_1': '', 'round_1_sig_str_head_2': '', 'round_1_sig_str_body_1': '', 'round_1_sig_str_body_2': '', 'round_1_sig_str_leg_1': '27 of 57', 'round_1_sig_str_leg_2': '22 of 51', 'round_1_sig_str_dist_1': '47%', 'round_1_sig_str_dist_2': '43%', 'round_1_sig_str_clinch_1': '15 of 43', 'round_1_sig_str_clinch_2': '13 of 39', 'round_1_sig_str_ground_1': '7 of 7', 'round_1_sig_str_ground_2': '2 of 4'}","{'round_2_sig_str_head_1': '', 'round_2_sig_str_head_2': '', 'round_2_sig_str_body_1': '', 'round_2_sig_str_body_2': '', 'round_2_sig_str_leg_1': '27 of 57', 'round_2_sig_str_leg_2': '22 of 51', 'round_2_sig_str_dist_1': '47%', 'round_2_sig_str_dist_2': '43%', 'round_2_sig_str_clinch_1': '15 of 43', 'round_2_sig_str_clinch_2': '13 of 39', 'round_2_sig_str_ground_1': '7 of 7', 'round_2_sig_str_ground_2': '2 of 4'}","{'round_3_sig_str_head_1': '', 'round_3_sig_str_head_2': '', 'round_3_sig_str_body_1': '', 'round_3_sig_str_body_2': '', 'round_3_sig_str_leg_1': '27 of 57', 'round_3_sig_str_leg_2': '22 of 51', 'round_3_sig_str_dist_1': '47%', 'round_3_sig_str_dist_2': '43%', 'round_3_sig_str_clinch_1': '15 of 43', 'round_3_sig_str_clinch_2': '13 of 39', 'round_3_sig_str_ground_1': '7 of 7', 'round_3_sig_str_ground_2': '2 of 4'}","{'round_4_sig_str_head_1': '', 'round_4_sig_str_head_2': '', 'round_4_sig_str_body_1': '', 'round_4_sig_str_body_2': '', 'round_4_sig_str_leg_1': '27 of 57', 'round_4_sig_str_leg_2': '22 of 51', 'round_4_sig_str_dist_1': '47%', 'round_4_sig_str_dist_2': '43%', 'round_4_sig_str_clinch_1': '15 of 43', 'round_4_sig_str_clinch_2': '13 of 39', 'round_4_sig_str_ground_1': '7 of 7', 'round_4_sig_str_ground_2': '2 of 4'}","{'round_5_sig_str_head_1': '', 'round_5_sig_str_head_2': '', 'round_5_sig_str_body_1': '', 'round_5_sig_str_body_2': '', 'round_5_sig_str_leg_1': '27 of 57', 'round_5_sig_str_leg_2': '22 of 51', 'round_5_sig_str_dist_1': '47%', 'round_5_sig_str_dist_2': '43%', 'round_5_sig_str_clinch_1': '15 of 43', 'round_5_sig_str_clinch_2': '13 of 39', 'round_5_sig_str_ground_1': '7 of 7', 'round_5_sig_str_ground_2': '2 of 4'}",,,,,,,,,,,,,,,,,,
http://ufcstats.com/fight-details/df7928de73fc2fe8,"October 26, 2024","Abu Dhabi, Abu Dhabi, United Arab Emirates",W,Kennedy Nzechukwu,"""African Savage""",L,Chris Barnett,"""Beastboy""",Heavyweight Bout,KO/TKO,,,,,Knee to Body At Distance,,,,,0,0,51 of 74,12 of 34,68%,35%,51 of 74,12 of 34,0 of 0,0 of 1,---,0%,0,0,,,,,,,,,,,,,,,,,,,,,,,0,0,51 of 74,12 of 34,68%,35%,51 of 74,12 of 34,0 of 0,0 of 1,---,0%,0,0,,,,,,,,,,,,,,,,,,,,,,,,,,,,,,,,,,,,,,,,,,,,,,,,,,,,,,,,,,,,,,,,,,,,,,,,,,,,,,,,,,,,,,,,,,,,,,,,,,,,,,,,,,,,,,,,,,,,,,,,,,,,,,,0,0,51 of 74,12 of 34,68%,35%,51 of 74,12 of 34,0 of 0,0 of 1,---,0%,"{'round_1_sig_str_head_1': '', 'round_1_sig_str_head_2': '', 'round_1_sig_str_body_1': '', 'round_1_sig_str_body_2': '', 'round_1_sig_str_leg_1': '51 of 74', 'round_1_sig_str_leg_2': '12 of 34', 'round_1_sig_str_dist_1': '68%', 'round_1_sig_str_dist_2': '35%', 'round_1_sig_str_clinch_1': '28 of 50', 'round_1_sig_str_clinch_2': '3 of 22', 'round_1_sig_str_ground_1': '22 of 23', 'round_1_sig_str_ground_2': '2 of 3'}","{'round_2_sig_str_head_1': '', 'round_2_sig_str_head_2': '', 'round_2_sig_str_body_1': '', 'round_2_sig_str_body_2': '', 'round_2_sig_str_leg_1': '51 of 74', 'round_2_sig_str_leg_2': '12 of 34', 'round_2_sig_str_dist_1': '68%', 'round_2_sig_str_dist_2': '35%', 'round_2_sig_str_clinch_1': '28 of 50', 'round_2_sig_str_clinch_2': '3 of 22', 'round_2_sig_str_ground_1': '22 of 23', 'round_2_sig_str_ground_2': '2 of 3'}","{'round_3_sig_str_head_1': '', 'round_3_sig_str_head_2': '', 'round_3_sig_str_body_1': '', 'round_3_sig_str_body_2': '', 'round_3_sig_str_leg_1': '51 of 74', 'round_3_sig_str_leg_2': '12 of 34', 'round_3_sig_str_dist_1': '68%', 'round_3_sig_str_dist_2': '35%', 'round_3_sig_str_clinch_1': '28 of 50', 'round_3_sig_str_clinch_2': '3 of 22', 'round_3_sig_str_ground_1': '22 of 23', 'round_3_sig_str_ground_2': '2 of 3'}","{'round_4_sig_str_head_1': '', 'round_4_sig_str_head_2': '', 'round_4_sig_str_body_1': '', 'round_4_sig_str_body_2': '', 'round_4_sig_str_leg_1': '51 of 74', 'round_4_sig_str_leg_2': '12 of 34', 'round_4_sig_str_dist_1': '68%', 'round_4_sig_str_dist_2': '35%', 'round_4_sig_str_clinch_1': '28 of 50', 'round_4_sig_str_clinch_2': '3 of 22', 'round_4_sig_str_ground_1': '22 of 23', 'round_4_sig_str_ground_2': '2 of 3'}","{'round_5_sig_str_head_1': '', 'round_5_sig_str_head_2': '', 'round_5_sig_str_body_1': '', 'round_5_sig_str_body_2': '', 'round_5_sig_str_leg_1': '51 of 74', 'round_5_sig_str_leg_2': '12 of 34', 'round_5_sig_str_dist_1': '68%', 'round_5_sig_str_dist_2': '35%', 'round_5_sig_str_clinch_1': '28 of 50', 'round_5_sig_str_clinch_2': '3 of 22', 'round_5_sig_str_ground_1': '22 of 23', 'round_5_sig_str_ground_2': '2 of 3'}",,,,,,,,,,,,,,,,,,
http://ufcstats.com/fight-details/781a2ea50f5ae68f,"October 26, 2024","Abu Dhabi, Abu Dhabi, United Arab Emirates",W,Ibo Aslan,"""The Last Ottoman""",L,Rafael Cerqueira,"""The Lion""",Light Heavyweight Bout,KO/TKO,,,,,Punches to Head At Distance,,,,,0,0,28 of 36,1 of 1,77%,100%,28 of 36,1 of 1,0 of 0,0 of 0,---,---,0,0,,,,,,,,,,,,,,,,,,,,,,,0,0,28 of 36,1 of 1,77%,100%,28 of 36,1 of 1,0 of 0,0 of 0,---,---,0,0,,,,,,,,,,,,,,,,,,,,,,,,,,,,,,,,,,,,,,,,,,,,,,,,,,,,,,,,,,,,,,,,,,,,,,,,,,,,,,,,,,,,,,,,,,,,,,,,,,,,,,,,,,,,,,,,,,,,,,,,,,,,,,,0,0,28 of 36,1 of 1,77%,100%,28 of 36,1 of 1,0 of 0,0 of 0,---,---,"{'round_1_sig_str_head_1': '', 'round_1_sig_str_head_2': '', 'round_1_sig_str_body_1': '', 'round_1_sig_str_body_2': '', 'round_1_sig_str_leg_1': '28 of 36', 'round_1_sig_str_leg_2': '1 of 1', 'round_1_sig_str_dist_1': '77%', 'round_1_sig_str_dist_2': '100%', 'round_1_sig_str_clinch_1': '26 of 33', 'round_1_sig_str_clinch_2': '0 of 0', 'round_1_sig_str_ground_1': '2 of 2', 'round_1_sig_str_ground_2': '0 of 0'}","{'round_2_sig_str_head_1': '', 'round_2_sig_str_head_2': '', 'round_2_sig_str_body_1': '', 'round_2_sig_str_body_2': '', 'round_2_sig_str_leg_1': '28 of 36', 'round_2_sig_str_leg_2': '1 of 1', 'round_2_sig_str_dist_1': '77%', 'round_2_sig_str_dist_2': '100%', 'round_2_sig_str_clinch_1': '26 of 33', 'round_2_sig_str_clinch_2': '0 of 0', 'round_2_sig_str_ground_1': '2 of 2', 'round_2_sig_str_ground_2': '0 of 0'}","{'round_3_sig_str_head_1': '', 'round_3_sig_str_head_2': '', 'round_3_sig_str_body_1': '', 'round_3_sig_str_body_2': '', 'round_3_sig_str_leg_1': '28 of 36', 'round_3_sig_str_leg_2': '1 of 1', 'round_3_sig_str_dist_1': '77%', 'round_3_sig_str_dist_2': '100%', 'round_3_sig_str_clinch_1': '26 of 33', 'round_3_sig_str_clinch_2': '0 of 0', 'round_3_sig_str_ground_1': '2 of 2', 'round_3_sig_str_ground_2': '0 of 0'}","{'round_4_sig_str_head_1': '', 'round_4_sig_str_head_2': '', 'round_4_sig_str_body_1': '', 'round_4_sig_str_body_2': '', 'round_4_sig_str_leg_1': '28 of 36', 'round_4_sig_str_leg_2': '1 of 1', 'round_4_sig_str_dist_1': '77%', 'round_4_sig_str_dist_2': '100%', 'round_4_sig_str_clinch_1': '26 of 33', 'round_4_sig_str_clinch_2': '0 of 0', 'round_4_sig_str_ground_1': '2 of 2', 'round_4_sig_str_ground_2': '0 of 0'}","{'round_5_sig_str_head_1': '', 'round_5_sig_str_head_2': '', 'round_5_sig_str_body_1': '', 'round_5_sig_str_body_2': '', 'round_5_sig_str_leg_1': '28 of 36', 'round_5_sig_str_leg_2': '1 of 1', 'round_5_sig_str_dist_1': '77%', 'round_5_sig_str_dist_2': '100%', 'round_5_sig_str_clinch_1': '26 of 33', 'round_5_sig_str_clinch_2': '0 of 0', 'round_5_sig_str_ground_1': '2 of 2', 'round_5_sig_str_ground_2': '0 of 0'}",,,,,,,,,,,,,,,,,,
http://ufcstats.com/fight-details/1d65c141776949d6,"October 26, 2024","Abu Dhabi, Abu Dhabi, United Arab Emirates",W,Geoff Neal,"""Handz of Steel""",L,Rafael Dos Anjos,,Welterweight Bout,KO/TKO,,,,,"to   At Distance
      Dos Anjos leg injury",,,,,1,0,18 of 30,4 of 13,60%,30%,21 of 34,4 of 13,1 of 1,0 of 0,100%,---,0,0,,,,,,,,,,,,,,,,,,,,,,,1,0,18 of 30,4 of 13,60%,30%,21 of 34,4 of 13,1 of 1,0 of 0,100%,---,0,0,,,,,,,,,,,,,,,,,,,,,,,,,,,,,,,,,,,,,,,,,,,,,,,,,,,,,,,,,,,,,,,,,,,,,,,,,,,,,,,,,,,,,,,,,,,,,,,,,,,,,,,,,,,,,,,,,,,,,,,,,,,,,,,1,0,18 of 30,4 of 13,60%,30%,21 of 34,4 of 13,1 of 1,0 of 0,100%,---,"{'round_1_sig_str_head_1': '', 'round_1_sig_str_head_2': '', 'round_1_sig_str_body_1': '', 'round_1_sig_str_body_2': '', 'round_1_sig_str_leg_1': '18 of 30', 'round_1_sig_str_leg_2': '4 of 13', 'round_1_sig_str_dist_1': '60%', 'round_1_sig_str_dist_2': '30%', 'round_1_sig_str_clinch_1': '12 of 24', 'round_1_sig_str_clinch_2': '2 of 10', 'round_1_sig_str_ground_1': '3 of 3', 'round_1_sig_str_ground_2': '1 of 1'}","{'round_2_sig_str_head_1': '', 'round_2_sig_str_head_2': '', 'round_2_sig_str_body_1': '', 'round_2_sig_str_body_2': '', 'round_2_sig_str_leg_1': '18 of 30', 'round_2_sig_str_leg_2': '4 of 13', 'round_2_sig_str_dist_1': '60%', 'round_2_sig_str_dist_2': '30%', 'round_2_sig_str_clinch_1': '12 of 24', 'round_2_sig_str_clinch_2': '2 of 10', 'round_2_sig_str_ground_1': '3 of 3', 'round_2_sig_str_ground_2': '1 of 1'}","{'round_3_sig_str_head_1': '', 'round_3_sig_str_head_2': '', 'round_3_sig_str_body_1': '', 'round_3_sig_str_body_2': '', 'round_3_sig_str_leg_1': '18 of 30', 'round_3_sig_str_leg_2': '4 of 13', 'round_3_sig_str_dist_1': '60%', 'round_3_sig_str_dist_2': '30%', 'round_3_sig_str_clinch_1': '12 of 24', 'round_3_sig_str_clinch_2': '2 of 10', 'round_3_sig_str_ground_1': '3 of 3', 'round_3_sig_str_ground_2': '1 of 1'}","{'round_4_sig_str_head_1': '', 'round_4_sig_str_head_2': '', 'round_4_sig_str_body_1': '', 'round_4_sig_str_body_2': '', 'round_4_sig_str_leg_1': '18 of 30', 'round_4_sig_str_leg_2': '4 of 13', 'round_4_sig_str_dist_1': '60%', 'round_4_sig_str_dist_2': '30%', 'round_4_sig_str_clinch_1': '12 of 24', 'round_4_sig_str_clinch_2': '2 of 10', 'round_4_sig_str_ground_1': '3 of 3', 'round_4_sig_str_ground_2': '1 of 1'}","{'round_5_sig_str_head_1': '', 'round_5_sig_str_head_2': '', 'round_5_sig_str_body_1': '', 'round_5_sig_str_body_2': '', 'round_5_sig_str_leg_1': '18 of 30', 'round_5_sig_str_leg_2': '4 of 13', 'round_5_sig_str_dist_1': '60%', 'round_5_sig_str_dist_2': '30%', 'round_5_sig_str_clinch_1': '12 of 24', 'round_5_sig_str_clinch_2': '2 of 10', 'round_5_sig_str_ground_1': '3 of 3', 'round_5_sig_str_ground_2': '1 of 1'}",,,,,,,,,,,,,,,,,,
http://ufcstats.com/fight-details/af6eeea1cfe33240,"October 26, 2024","Abu Dhabi, Abu Dhabi, United Arab Emirates",W,Abus Magomedov,,L,Brunno Ferreira,"""The Hulk""",Middleweight Bout,Submission,,,,,Arm Triangle From Side Control,,,,,0,0,26 of 59,29 of 71,44%,40%,45 of 81,36 of 83,4 of 8,0 of 0,50%,---,1,1,,,,,,,,,,,,,,,,,,,,,,,0,0,14 of 29,2 of 12,48%,16%,14 of 29,2 of 12,0 of 0,0 of 0,---,---,0,0,,,,,0,0,8 of 23,20 of 42,34%,47%,21 of 37,22 of 47,2 of 5,0 of 0,40%,---,0,1,,,,,0,0,4 of 7,7 of 17,57%,41%,10 of 15,12 of 24,2 of 3,0 of 0,66%,---,1,0,,,,,,,,,,,,,,,,,,,,,,,,,,,,,,,,,,,,,,,,,,,,,,,,,,,,,,,,,,,,,,,,,,,,,,,,,,,,,,,,,,,,,,,,,,,0,0,26 of 59,29 of 71,44%,40%,45 of 81,36 of 83,4 of 8,0 of 0,50%,---,"{'round_1_sig_str_head_1': '', 'round_1_sig_str_head_2': '', 'round_1_sig_str_body_1': '', 'round_1_sig_str_body_2': '', 'round_1_sig_str_leg_1': '14 of 29', 'round_1_sig_str_leg_2': '2 of 12', 'round_1_sig_str_dist_1': '48%', 'round_1_sig_str_dist_2': '16%', 'round_1_sig_str_clinch_1': '4 of 17', 'round_1_sig_str_clinch_2': '0 of 8', 'round_1_sig_str_ground_1': '5 of 7', 'round_1_sig_str_ground_2': '2 of 4'}","{'round_2_sig_str_head_1': '', 'round_2_sig_str_head_2': '', 'round_2_sig_str_body_1': '', 'round_2_sig_str_body_2': '', 'round_2_sig_str_leg_1': '14 of 29', 'round_2_sig_str_leg_2': '2 of 12', 'round_2_sig_str_dist_1': '48%', 'round_2_sig_str_dist_2': '16%', 'round_2_sig_str_clinch_1': '4 of 17', 'round_2_sig_str_clinch_2': '0 of 8', 'round_2_sig_str_ground_1': '5 of 7', 'round_2_sig_str_ground_2': '2 of 4'}","{'round_3_sig_str_head_1': '', 'round_3_sig_str_head_2': '', 'round_3_sig_str_body_1': '', 'round_3_sig_str_body_2': '', 'round_3_sig_str_leg_1': '14 of 29', 'round_3_sig_str_leg_2': '2 of 12', 'round_3_sig_str_dist_1': '48%', 'round_3_sig_str_dist_2': '16%', 'round_3_sig_str_clinch_1': '4 of 17', 'round_3_sig_str_clinch_2': '0 of 8', 'round_3_sig_str_ground_1': '5 of 7', 'round_3_sig_str_ground_2': '2 of 4'}","{'round_4_sig_str_head_1': '', 'round_4_sig_str_head_2': '', 'round_4_sig_str_body_1': '', 'round_4_sig_str_body_2': '', 'round_4_sig_str_leg_1': '14 of 29', 'round_4_sig_str_leg_2': '2 of 12', 'round_4_sig_str_dist_1': '48%', 'round_4_sig_str_dist_2': '16%', 'round_4_sig_str_clinch_1': '4 of 17', 'round_4_sig_str_clinch_2': '0 of 8', 'round_4_sig_str_ground_1': '5 of 7', 'round_4_sig_str_ground_2': '2 of 4'}","{'round_5_sig_str_head_1': '', 'round_5_sig_str_head_2': '', 'round_5_sig_str_body_1': '', 'round_5_sig_str_body_2': '', 'round_5_sig_str_leg_1': '14 of 29', 'round_5_sig_str_leg_2': '2 of 12', 'round_5_sig_str_dist_1': '48%', 'round_5_sig_str_dist_2': '16%', 'round_5_sig_str_clinch_1': '4 of 17', 'round_5_sig_str_clinch_2': '0 of 8', 'round_5_sig_str_ground_1': '5 of 7', 'round_5_sig_str_ground_2': '2 of 4'}",,,,,,,,,,,,,,,,,,
http://ufcstats.com/fight-details/cc11a0762f246fa4,"October 26, 2024","Abu Dhabi, Abu Dhabi, United Arab Emirates",W,Lerone Murphy,"""The Miracle""",L,Dan Ige,"""50K""",Featherweight Bout,Decision - Unanimous,,,,,Mike Bell 28 - 29. Ben Cartlidge 28 - 29. Hadi Mohamed Ali 28 - 29.,,,,,0,1,52 of 100,46 of 106,52%,43%,78 of 133,52 of 116,3 of 5,1 of 3,60%,33%,0,0,,,,,,,,,,,,,,,,,,,,,,,0,1,17 of 32,32 of 60,53%,53%,18 of 33,32 of 61,1 of 1,1 of 1,100%,100%,0,0,,,,,0,0,19 of 42,11 of 29,45%,37%,36 of 61,12 of 31,1 of 1,0 of 1,100%,0%,0,0,,,,,0,0,16 of 26,3 of 17,61%,17%,24 of 39,8 of 24,1 of 3,0 of 1,33%,0%,0,0,,,,,,,,,,,,,,,,,,,,,,,,,,,,,,,,,,,,,,,,,,,,,,,,,,,,,,,,,,,,,,,,,,,,,,,,,,,,,,,,,,,,,,,,,,,0,1,52 of 100,46 of 106,52%,43%,78 of 133,52 of 116,3 of 5,1 of 3,60%,33%,"{'round_1_sig_str_head_1': '', 'round_1_sig_str_head_2': '', 'round_1_sig_str_body_1': '', 'round_1_sig_str_body_2': '', 'round_1_sig_str_leg_1': '17 of 32', 'round_1_sig_str_leg_2': '32 of 60', 'round_1_sig_str_dist_1': '53%', 'round_1_sig_str_dist_2': '53%', 'round_1_sig_str_clinch_1': '11 of 23', 'round_1_sig_str_clinch_2': '27 of 53', 'round_1_sig_str_ground_1': '4 of 5', 'round_1_sig_str_ground_2': '2 of 4'}","{'round_2_sig_str_head_1': '', 'round_2_sig_str_head_2': '', 'round_2_sig_str_body_1': '', 'round_2_sig_str_body_2': '', 'round_2_sig_str_leg_1': '17 of 32', 'round_2_sig_str_leg_2': '32 of 60', 'round_2_sig_str_dist_1': '53%', 'round_2_sig_str_dist_2': '53%', 'round_2_sig_str_clinch_1': '11 of 23', 'round_2_sig_str_clinch_2': '27 of 53', 'round_2_sig_str_ground_1': '4 of 5', 'round_2_sig_str_ground_2': '2 of 4'}","{'round_3_sig_str_head_1': '', 'round_3_sig_str_head_2': '', 'round_3_sig_str_body_1': '', 'round_3_sig_str_body_2': '', 'round_3_sig_str_leg_1': '17 of 32', 'round_3_sig_str_leg_2': '32 of 60', 'round_3_sig_str_dist_1': '53%', 'round_3_sig_str_dist_2': '53%', 'round_3_sig_str_clinch_1': '11 of 23', 'round_3_sig_str_clinch_2': '27 of 53', 'round_3_sig_str_ground_1': '4 of 5', 'round_3_sig_str_ground_2': '2 of 4'}","{'round_4_sig_str_head_1': '', 'round_4_sig_str_head_2': '', 'round_4_sig_str_body_1': '', 'round_4_sig_str_body_2': '', 'round_4_sig_str_leg_1': '17 of 32', 'round_4_sig_str_leg_2': '32 of 60', 'round_4_sig_str_dist_1': '53%', 'round_4_sig_str_dist_2': '53%', 'round_4_sig_str_clinch_1': '11 of 23', 'round_4_sig_str_clinch_2': '27 of 53', 'round_4_sig_str_ground_1': '4 of 5', 'round_4_sig_str_ground_2': '2 of 4'}","{'round_5_sig_str_head_1': '', 'round_5_sig_str_head_2': '', 'round_5_sig_str_body_1': '', 'round_5_sig_str_body_2': '', 'round_5_sig_str_leg_1': '17 of 32', 'round_5_sig_str_leg_2': '32 of 60', 'round_5_sig_str_dist_1': '53%', 'round_5_sig_str_dist_2': '53%', 'round_5_sig_str_clinch_1': '11 of 23', 'round_5_sig_str_clinch_2': '27 of 53', 'round_5_sig_str_ground_1': '4 of 5', 'round_5_sig_str_ground_2': '2 of 4'}",,,,,,,,,,,,,,,,,,
http://ufcstats.com/fight-details/108434acbbd75d26,"October 26, 2024","Abu Dhabi, Abu Dhabi, United Arab Emirates",W,Shara Magomedov,"""Bullet""",L,Armen Petrosyan,"""Superman""",,KO/TKO,,,,,Spinning Back Fist Head,,,,,1,0,65 of 106,77 of 140,61%,55%,67 of 108,77 of 141,0 of 0,0 of 0,---,---,0,0,,,,,,,,,,,,,,,,,,,,,,,0,0,33 of 49,46 of 81,67%,56%,35 of 51,46 of 81,0 of 0,0 of 0,---,---,0,0,,,,,1,0,32 of 57,31 of 59,56%,52%,32 of 57,31 of 60,0 of 0,0 of 0,---,---,0,0,,,,,,,,,,,,,,,,,,,,,,,,,,,,,,,,,,,,,,,,,,,,,,,,,,,,,,,,,,,,,,,,,,,,,,,,,,,,,,,,,,,,,,,,,,,,,,,,,,,,,,,,,,,,,1,0,65 of 106,77 of 140,61%,55%,67 of 108,77 of 141,0 of 0,0 of 0,---,---,"{'round_1_sig_str_head_1': '', 'round_1_sig_str_head_2': '', 'round_1_sig_str_body_1': '', 'round_1_sig_str_body_2': '', 'round_1_sig_str_leg_1': '33 of 49', 'round_1_sig_str_leg_2': '46 of 81', 'round_1_sig_str_dist_1': '67%', 'round_1_sig_str_dist_2': '56%', 'round_1_sig_str_clinch_1': '12 of 24', 'round_1_sig_str_clinch_2': '14 of 35', 'round_1_sig_str_ground_1': '13 of 14', 'round_1_sig_str_ground_2': '5 of 7'}","{'round_2_sig_str_head_1': '', 'round_2_sig_str_head_2': '', 'round_2_sig_str_body_1': '', 'round_2_sig_str_body_2': '', 'round_2_sig_str_leg_1': '33 of 49', 'round_2_sig_str_leg_2': '46 of 81', 'round_2_sig_str_dist_1': '67%', 'round_2_sig_str_dist_2': '56%', 'round_2_sig_str_clinch_1': '12 of 24', 'round_2_sig_str_clinch_2': '14 of 35', 'round_2_sig_str_ground_1': '13 of 14', 'round_2_sig_str_ground_2': '5 of 7'}","{'round_3_sig_str_head_1': '', 'round_3_sig_str_head_2': '', 'round_3_sig_str_body_1': '', 'round_3_sig_str_body_2': '', 'round_3_sig_str_leg_1': '33 of 49', 'round_3_sig_str_leg_2': '46 of 81', 'round_3_sig_str_dist_1': '67%', 'round_3_sig_str_dist_2': '56%', 'round_3_sig_str_clinch_1': '12 of 24', 'round_3_sig_str_clinch_2': '14 of 35', 'round_3_sig_str_ground_1': '13 of 14', 'round_3_sig_str_ground_2': '5 of 7'}","{'round_4_sig_str_head_1': '', 'round_4_sig_str_head_2': '', 'round_4_sig_str_body_1': '', 'round_4_sig_str_body_2': '', 'round_4_sig_str_leg_1': '33 of 49', 'round_4_sig_str_leg_2': '46 of 81', 'round_4_sig_str_dist_1': '67%', 'round_4_sig_str_dist_2': '56%', 'round_4_sig_str_clinch_1': '12 of 24', 'round_4_sig_str_clinch_2': '14 of 35', 'round_4_sig_str_ground_1': '13 of 14', 'round_4_sig_str_ground_2': '5 of 7'}","{'round_5_sig_str_head_1': '', 'round_5_sig_str_head_2': '', 'round_5_sig_str_body_1': '', 'round_5_sig_str_body_2': '', 'round_5_sig_str_leg_1': '33 of 49', 'round_5_sig_str_leg_2': '46 of 81', 'round_5_sig_str_dist_1': '67%', 'round_5_sig_str_dist_2': '56%', 'round_5_sig_str_clinch_1': '12 of 24', 'round_5_sig_str_clinch_2': '14 of 35', 'round_5_sig_str_ground_1': '13 of 14', 'round_5_sig_str_ground_2': '5 of 7'}",,,,,,,,,,,,,,,,,,
http://ufcstats.com/fight-details/ebf7cea27b83c432,"October 26, 2024","Abu Dhabi, Abu Dhabi, United Arab Emirates",W,Ilia Topuria,"""El Matador""",L,Max Holloway,"""Blessed""",,KO/TKO,,,,,Punch to Head At Distance,,,,,1,0,75 of 144,79 of 204,52%,38%,78 of 147,84 of 209,2 of 2,0 of 0,100%,---,0,0,,,,,,,,,,,,,,,,,,,,,,,0,0,22 of 47,30 of 75,46%,40%,24 of 49,35 of 80,2 of 2,0 of 0,100%,---,0,0,,,,,0,0,32 of 62,35 of 102,51%,34%,32 of 62,35 of 102,0 of 0,0 of 0,---,---,0,0,,,,,1,0,21 of 35,14 of 27,60%,51%,22 of 36,14 of 27,0 of 0,0 of 0,---,---,0,0,,,,,,,,,,,,,,,,,,,,,,,,,,,,,,,,,,,,,,,,,,,,,,,,,,,,,,,,,,,,,,,,,,,,,,,,,,,,,,,,,,,,,,,,,,,1,0,75 of 144,79 of 204,52%,38%,78 of 147,84 of 209,2 of 2,0 of 0,100%,---,"{'round_1_sig_str_head_1': '', 'round_1_sig_str_head_2': '', 'round_1_sig_str_body_1': '', 'round_1_sig_str_body_2': '', 'round_1_sig_str_leg_1': '22 of 47', 'round_1_sig_str_leg_2': '30 of 75', 'round_1_sig_str_dist_1': '46%', 'round_1_sig_str_dist_2': '40%', 'round_1_sig_str_clinch_1': '13 of 38', 'round_1_sig_str_clinch_2': '17 of 56', 'round_1_sig_str_ground_1': '3 of 3', 'round_1_sig_str_ground_2': '7 of 12'}","{'round_2_sig_str_head_1': '', 'round_2_sig_str_head_2': '', 'round_2_sig_str_body_1': '', 'round_2_sig_str_body_2': '', 'round_2_sig_str_leg_1': '22 of 47', 'round_2_sig_str_leg_2': '30 of 75', 'round_2_sig_str_dist_1': '46%', 'round_2_sig_str_dist_2': '40%', 'round_2_sig_str_clinch_1': '13 of 38', 'round_2_sig_str_clinch_2': '17 of 56', 'round_2_sig_str_ground_1': '3 of 3', 'round_2_sig_str_ground_2': '7 of 12'}","{'round_3_sig_str_head_1': '', 'round_3_sig_str_head_2': '', 'round_3_sig_str_body_1': '', 'round_3_sig_str_body_2': '', 'round_3_sig_str_leg_1': '22 of 47', 'round_3_sig_str_leg_2': '30 of 75', 'round_3_sig_str_dist_1': '46%', 'round_3_sig_str_dist_2': '40%', 'round_3_sig_str_clinch_1': '13 of 38', 'round_3_sig_str_clinch_2': '17 of 56', 'round_3_sig_str_ground_1': '3 of 3', 'round_3_sig_str_ground_2': '7 of 12'}","{'round_4_sig_str_head_1': '', 'round_4_sig_str_head_2': '', 'round_4_sig_str_body_1': '', 'round_4_sig_str_body_2': '', 'round_4_sig_str_leg_1': '22 of 47', 'round_4_sig_str_leg_2': '30 of 75', 'round_4_sig_str_dist_1': '46%', 'round_4_sig_str_dist_2': '40%', 'round_4_sig_str_clinch_1': '13 of 38', 'round_4_sig_str_clinch_2': '17 of 56', 'round_4_sig_str_ground_1': '3 of 3', 'round_4_sig_str_ground_2': '7 of 12'}","{'round_5_sig_str_head_1': '', 'round_5_sig_str_head_2': '', 'round_5_sig_str_body_1': '', 'round_5_sig_str_body_2': '', 'round_5_sig_str_leg_1': '22 of 47', 'round_5_sig_str_leg_2': '30 of 75', 'round_5_sig_str_dist_1': '46%', 'round_5_sig_str_dist_2': '40%', 'round_5_sig_str_clinch_1': '13 of 38', 'round_5_sig_str_clinch_2': '17 of 56', 'round_5_sig_str_ground_1': '3 of 3', 'round_5_sig_str_ground_2': '7 of 12'}",,,,,,,,,,,,,,,,,,
http://ufcstats.com/fight-details/b8bf186f884678ea,"October 26, 2024","Abu Dhabi, Abu Dhabi, United Arab Emirates",L,Robert Whittaker,"""The Reaper""",W,Khamzat Chimaev,"""Borz""",,Submission,,,,,Rear Naked Choke,,,,,0,0,2 of 2,3 of 4,100%,75%,2 of 2,25 of 31,0 of 0,2 of 4,---,50%,0,1,,,,,,,,,,,,,,,,,,,,,,,0,0,2 of 2,3 of 4,100%,75%,2 of 2,25 of 31,0 of 0,2 of 4,---,50%,0,1,,,,,,,,,,,,,,,,,,,,,,,,,,,,,,,,,,,,,,,,,,,,,,,,,,,,,,,,,,,,,,,,,,,,,,,,,,,,,,,,,,,,,,,,,,,,,,,,,,,,,,,,,,,,,,,,,,,,,,,,,,,,,,,0,0,2 of 2,3 of 4,100%,75%,2 of 2,25 of 31,0 of 0,2 of 4,---,50%,"{'round_1_sig_str_head_1': '', 'round_1_sig_str_head_2': '', 'round_1_sig_str_body_1': '', 'round_1_sig_str_body_2': '', 'round_1_sig_str_leg_1': '2 of 2', 'round_1_sig_str_leg_2': '3 of 4', 'round_1_sig_str_dist_1': '100%', 'round_1_sig_str_dist_2': '75%', 'round_1_sig_str_clinch_1': '0 of 0', 'round_1_sig_str_clinch_2': '2 of 3', 'round_1_sig_str_ground_1': '0 of 0', 'round_1_sig_str_ground_2': '1 of 1'}","{'round_2_sig_str_head_1': '', 'round_2_sig_str_head_2': '', 'round_2_sig_str_body_1': '', 'round_2_sig_str_body_2': '', 'round_2_sig_str_leg_1': '2 of 2', 'round_2_sig_str_leg_2': '3 of 4', 'round_2_sig_str_dist_1': '100%', 'round_2_sig_str_dist_2': '75%', 'round_2_sig_str_clinch_1': '0 of 0', 'round_2_sig_str_clinch_2': '2 of 3', 'round_2_sig_str_ground_1': '0 of 0', 'round_2_sig_str_ground_2': '1 of 1'}","{'round_3_sig_str_head_1': '', 'round_3_sig_str_head_2': '', 'round_3_sig_str_body_1': '', 'round_3_sig_str_body_2': '', 'round_3_sig_str_leg_1': '2 of 2', 'round_3_sig_str_leg_2': '3 of 4', 'round_3_sig_str_dist_1': '100%', 'round_3_sig_str_dist_2': '75%', 'round_3_sig_str_clinch_1': '0 of 0', 'round_3_sig_str_clinch_2': '2 of 3', 'round_3_sig_str_ground_1': '0 of 0', 'round_3_sig_str_ground_2': '1 of 1'}","{'round_4_sig_str_head_1': '', 'round_4_sig_str_head_2': '', 'round_4_sig_str_body_1': '', 'round_4_sig_str_body_2': '', 'round_4_sig_str_leg_1': '2 of 2', 'round_4_sig_str_leg_2': '3 of 4', 'round_4_sig_str_dist_1': '100%', 'round_4_sig_str_dist_2': '75%', 'round_4_sig_str_clinch_1': '0 of 0', 'round_4_sig_str_clinch_2': '2 of 3', 'round_4_sig_str_ground_1': '0 of 0', 'round_4_sig_str_ground_2': '1 of 1'}","{'round_5_sig_str_head_1': '', 'round_5_sig_str_head_2': '', 'round_5_sig_str_body_1': '', 'round_5_sig_str_body_2': '', 'round_5_sig_str_leg_1': '2 of 2', 'round_5_sig_str_leg_2': '3 of 4', 'round_5_sig_str_dist_1': '100%', 'round_5_sig_str_dist_2': '75%', 'round_5_sig_str_clinch_1': '0 of 0', 'round_5_sig_str_clinch_2': '2 of 3', 'round_5_sig_str_ground_1': '0 of 0', 'round_5_sig_str_ground_2': '1 of 1'}",,,,,,,,,,,,,,,,,,
http://ufcstats.com/fight-details/86a2f07e0bf20297,"November 23, 2024","Macau, China",L,Maheshate,,W,Nikolas Motta,"""Iron""",Lightweight Bout,Decision - Unanimous,,,,,Evan Field 27 - 30. David Lethaby 27 - 30. Vito Paolillo 27 - 30.,,,,,0,2,56 of 169,78 of 166,33%,46%,60 of 173,87 of 183,0 of 0,0 of 0,---,---,0,0,,,,,,,,,,,,,,,,,,,,,,,0,1,16 of 44,25 of 63,36%,39%,16 of 44,32 of 74,0 of 0,0 of 0,---,---,0,0,,,,,0,0,24 of 66,25 of 54,36%,46%,24 of 66,25 of 57,0 of 0,0 of 0,---,---,0,0,,,,,0,1,16 of 59,28 of 49,27%,57%,20 of 63,30 of 52,0 of 0,0 of 0,---,---,0,0,,,,,,,,,,,,,,,,,,,,,,,,,,,,,,,,,,,,,,,,,,,,,,,,,,,,,,,,,,,,,,,,,,,,,,,,,,,,,,,,,,,,,,,,,,,0,2,56 of 169,78 of 166,33%,46%,60 of 173,87 of 183,0 of 0,0 of 0,---,---,"{'round_1_sig_str_head_1': '', 'round_1_sig_str_head_2': '', 'round_1_sig_str_body_1': '', 'round_1_sig_str_body_2': '', 'round_1_sig_str_leg_1': '16 of 44', 'round_1_sig_str_leg_2': '25 of 63', 'round_1_sig_str_dist_1': '36%', 'round_1_sig_str_dist_2': '39%', 'round_1_sig_str_clinch_1': '7 of 33', 'round_1_sig_str_clinch_2': '18 of 52', 'round_1_sig_str_ground_1': '4 of 5', 'round_1_sig_str_ground_2': '2 of 5'}","{'round_2_sig_str_head_1': '', 'round_2_sig_str_head_2': '', 'round_2_sig_str_body_1': '', 'round_2_sig_str_body_2': '', 'round_2_sig_str_leg_1': '16 of 44', 'round_2_sig_str_leg_2': '25 of 63', 'round_2_sig_str_dist_1': '36%', 'round_2_sig_str_dist_2': '39%', 'round_2_sig_str_clinch_1': '7 of 33', 'round_2_sig_str_clinch_2': '18 of 52', 'round_2_sig_str_ground_1': '4 of 5', 'round_2_sig_str_ground_2': '2 of 5'}","{'round_3_sig_str_head_1': '', 'round_3_sig_str_head_2': '', 'round_3_sig_str_body_1': '', 'round_3_sig_str_body_2': '', 'round_3_sig_str_leg_1': '16 of 44', 'round_3_sig_str_leg_2': '25 of 63', 'round_3_sig_str_dist_1': '36%', 'round_3_sig_str_dist_2': '39%', 'round_3_sig_str_clinch_1': '7 of 33', 'round_3_sig_str_clinch_2': '18 of 52', 'round_3_sig_str_ground_1': '4 of 5', 'round_3_sig_str_ground_2': '2 of 5'}","{'round_4_sig_str_head_1': '', 'round_4_sig_str_head_2': '', 'round_4_sig_str_body_1': '', 'round_4_sig_str_body_2': '', 'round_4_sig_str_leg_1': '16 of 44', 'round_4_sig_str_leg_2': '25 of 63', 'round_4_sig_str_dist_1': '36%', 'round_4_sig_str_dist_2': '39%', 'round_4_sig_str_clinch_1': '7 of 33', 'round_4_sig_str_clinch_2': '18 of 52', 'round_4_sig_str_ground_1': '4 of 5', 'round_4_sig_str_ground_2': '2 of 5'}","{'round_5_sig_str_head_1': '', 'round_5_sig_str_head_2': '', 'round_5_sig_str_body_1': '', 'round_5_sig_str_body_2': '', 'round_5_sig_str_leg_1': '16 of 44', 'round_5_sig_str_leg_2': '25 of 63', 'round_5_sig_str_dist_1': '36%', 'round_5_sig_str_dist_2': '39%', 'round_5_sig_str_clinch_1': '7 of 33', 'round_5_sig_str_clinch_2': '18 of 52', 'round_5_sig_str_ground_1': '4 of 5', 'round_5_sig_str_ground_2': '2 of 5'}",,,,,,,,,,,,,,,,,,
http://ufcstats.com/fight-details/b09f54654b0f95f5,"October 26, 2024","Abu Dhabi, Abu Dhabi, United Arab Emirates",W,Magomed Ankalaev,,L,Aleksandar Rakic,"""Rocket""",Light Heavyweight Bout,Decision - Unanimous,,,,,Sal D'amato 28 - 29. Jacob Montalvo 28 - 29. Tony Weeks 28 - 29.,,,,,0,0,55 of 114,53 of 117,48%,45%,75 of 142,59 of 123,0 of 0,0 of 1,---,0%,0,0,,,,,,,,,,,,,,,,,,,,,,,0,0,19 of 34,22 of 45,55%,48%,19 of 34,22 of 45,0 of 0,0 of 0,---,---,0,0,,,,,0,0,23 of 50,19 of 43,46%,44%,24 of 52,20 of 44,0 of 0,0 of 0,---,---,0,0,,,,,0,0,13 of 30,12 of 29,43%,41%,32 of 56,17 of 34,0 of 0,0 of 1,---,0%,0,0,,,,,,,,,,,,,,,,,,,,,,,,,,,,,,,,,,,,,,,,,,,,,,,,,,,,,,,,,,,,,,,,,,,,,,,,,,,,,,,,,,,,,,,,,,,0,0,55 of 114,53 of 117,48%,45%,75 of 142,59 of 123,0 of 0,0 of 1,---,0%,"{'round_1_sig_str_head_1': '', 'round_1_sig_str_head_2': '', 'round_1_sig_str_body_1': '', 'round_1_sig_str_body_2': '', 'round_1_sig_str_leg_1': '19 of 34', 'round_1_sig_str_leg_2': '22 of 45', 'round_1_sig_str_dist_1': '55%', 'round_1_sig_str_dist_2': '48%', 'round_1_sig_str_clinch_1': '7 of 19', 'round_1_sig_str_clinch_2': '4 of 24', 'round_1_sig_str_ground_1': '8 of 11', 'round_1_sig_str_ground_2': '3 of 4'}","{'round_2_sig_str_head_1': '', 'round_2_sig_str_head_2': '', 'round_2_sig_str_body_1': '', 'round_2_sig_str_body_2': '', 'round_2_sig_str_leg_1': '19 of 34', 'round_2_sig_str_leg_2': '22 of 45', 'round_2_sig_str_dist_1': '55%', 'round_2_sig_str_dist_2': '48%', 'round_2_sig_str_clinch_1': '7 of 19', 'round_2_sig_str_clinch_2': '4 of 24', 'round_2_sig_str_ground_1': '8 of 11', 'round_2_sig_str_ground_2': '3 of 4'}","{'round_3_sig_str_head_1': '', 'round_3_sig_str_head_2': '', 'round_3_sig_str_body_1': '', 'round_3_sig_str_body_2': '', 'round_3_sig_str_leg_1': '19 of 34', 'round_3_sig_str_leg_2': '22 of 45', 'round_3_sig_str_dist_1': '55%', 'round_3_sig_str_dist_2': '48%', 'round_3_sig_str_clinch_1': '7 of 19', 'round_3_sig_str_clinch_2': '4 of 24', 'round_3_sig_str_ground_1': '8 of 11', 'round_3_sig_str_ground_2': '3 of 4'}","{'round_4_sig_str_head_1': '', 'round_4_sig_str_head_2': '', 'round_4_sig_str_body_1': '', 'round_4_sig_str_body_2': '', 'round_4_sig_str_leg_1': '19 of 34', 'round_4_sig_str_leg_2': '22 of 45', 'round_4_sig_str_dist_1': '55%', 'round_4_sig_str_dist_2': '48%', 'round_4_sig_str_clinch_1': '7 of 19', 'round_4_sig_str_clinch_2': '4 of 24', 'round_4_sig_str_ground_1': '8 of 11', 'round_4_sig_str_ground_2': '3 of 4'}","{'round_5_sig_str_head_1': '', 'round_5_sig_str_head_2': '', 'round_5_sig_str_body_1': '', 'round_5_sig_str_body_2': '', 'round_5_sig_str_leg_1': '19 of 34', 'round_5_sig_str_leg_2': '22 of 45', 'round_5_sig_str_dist_1': '55%', 'round_5_sig_str_dist_2': '48%', 'round_5_sig_str_clinch_1': '7 of 19', 'round_5_sig_str_clinch_2': '4 of 24', 'round_5_sig_str_ground_1': '8 of 11', 'round_5_sig_str_ground_2': '3 of 4'}",,,,,,,,,,,,,,,,,,
http://ufcstats.com/fight-details/5dab54e34c2cfe01,"November 23, 2024","Macau, China",L,Nyamjargal Tumendemberel,"""Art of Knockout""",W,Carlos Hernandez,,Flyweight Bout,Decision - Split,,,,,Mark Collett 28 - 29. Sal D'amato 29 - 28. Clemens Werner 28 - 29.,,,,,1,0,26 of 93,44 of 105,27%,41%,28 of 95,46 of 110,0 of 3,4 of 14,0%,28%,1,0,,,,,,,,,,,,,,,,,,,,,,,1,0,12 of 26,11 of 29,46%,37%,13 of 27,12 of 30,0 of 2,1 of 4,0%,25%,1,0,,,,,0,0,2 of 18,12 of 26,11%,46%,2 of 18,13 of 29,0 of 1,3 of 5,0%,60%,0,0,,,,,0,0,12 of 49,21 of 50,24%,42%,13 of 50,21 of 51,0 of 0,0 of 5,---,0%,0,0,,,,,,,,,,,,,,,,,,,,,,,,,,,,,,,,,,,,,,,,,,,,,,,,,,,,,,,,,,,,,,,,,,,,,,,,,,,,,,,,,,,,,,,,,,,1,0,26 of 93,44 of 105,27%,41%,28 of 95,46 of 110,0 of 3,4 of 14,0%,28%,"{'round_1_sig_str_head_1': '', 'round_1_sig_str_head_2': '', 'round_1_sig_str_body_1': '', 'round_1_sig_str_body_2': '', 'round_1_sig_str_leg_1': '12 of 26', 'round_1_sig_str_leg_2': '11 of 29', 'round_1_sig_str_dist_1': '46%', 'round_1_sig_str_dist_2': '37%', 'round_1_sig_str_clinch_1': '6 of 18', 'round_1_sig_str_clinch_2': '7 of 23', 'round_1_sig_str_ground_1': '3 of 4', 'round_1_sig_str_ground_2': '2 of 3'}","{'round_2_sig_str_head_1': '', 'round_2_sig_str_head_2': '', 'round_2_sig_str_body_1': '', 'round_2_sig_str_body_2': '', 'round_2_sig_str_leg_1': '12 of 26', 'round_2_sig_str_leg_2': '11 of 29', 'round_2_sig_str_dist_1': '46%', 'round_2_sig_str_dist_2': '37%', 'round_2_sig_str_clinch_1': '6 of 18', 'round_2_sig_str_clinch_2': '7 of 23', 'round_2_sig_str_ground_1': '3 of 4', 'round_2_sig_str_ground_2': '2 of 3'}","{'round_3_sig_str_head_1': '', 'round_3_sig_str_head_2': '', 'round_3_sig_str_body_1': '', 'round_3_sig_str_body_2': '', 'round_3_sig_str_leg_1': '12 of 26', 'round_3_sig_str_leg_2': '11 of 29', 'round_3_sig_str_dist_1': '46%', 'round_3_sig_str_dist_2': '37%', 'round_3_sig_str_clinch_1': '6 of 18', 'round_3_sig_str_clinch_2': '7 of 23', 'round_3_sig_str_ground_1': '3 of 4', 'round_3_sig_str_ground_2': '2 of 3'}","{'round_4_sig_str_head_1': '', 'round_4_sig_str_head_2': '', 'round_4_sig_str_body_1': '', 'round_4_sig_str_body_2': '', 'round_4_sig_str_leg_1': '12 of 26', 'round_4_sig_str_leg_2': '11 of 29', 'round_4_sig_str_dist_1': '46%', 'round_4_sig_str_dist_2': '37%', 'round_4_sig_str_clinch_1': '6 of 18', 'round_4_sig_str_clinch_2': '7 of 23', 'round_4_sig_str_ground_1': '3 of 4', 'round_4_sig_str_ground_2': '2 of 3'}","{'round_5_sig_str_head_1': '', 'round_5_sig_str_head_2': '', 'round_5_sig_str_body_1': '', 'round_5_sig_str_body_2': '', 'round_5_sig_str_leg_1': '12 of 26', 'round_5_sig_str_leg_2': '11 of 29', 'round_5_sig_str_dist_1': '46%', 'round_5_sig_str_dist_2': '37%', 'round_5_sig_str_clinch_1': '6 of 18', 'round_5_sig_str_clinch_2': '7 of 23', 'round_5_sig_str_ground_1': '3 of 4', 'round_5_sig_str_ground_2': '2 of 3'}",,,,,,,,,,,,,,,,,,
http://ufcstats.com/fight-details/baee9b2491c986e2,"November 23, 2024","Macau, China",W,Shi Ming,,L,Feng Xiaocan,,,KO/TKO,,,,,Kick to Head At Distance,,,,,1,0,30 of 108,48 of 102,27%,47%,33 of 112,58 of 114,1 of 2,0 of 0,50%,---,0,0,,,,,,,,,,,,,,,,,,,,,,,0,0,12 of 38,18 of 37,31%,48%,12 of 39,25 of 45,1 of 2,0 of 0,50%,---,0,0,,,,,0,0,13 of 61,27 of 59,21%,45%,16 of 64,30 of 63,0 of 0,0 of 0,---,---,0,0,,,,,1,0,5 of 9,3 of 6,55%,50%,5 of 9,3 of 6,0 of 0,0 of 0,---,---,0,0,,,,,,,,,,,,,,,,,,,,,,,,,,,,,,,,,,,,,,,,,,,,,,,,,,,,,,,,,,,,,,,,,,,,,,,,,,,,,,,,,,,,,,,,,,,1,0,30 of 108,48 of 102,27%,47%,33 of 112,58 of 114,1 of 2,0 of 0,50%,---,"{'round_1_sig_str_head_1': '', 'round_1_sig_str_head_2': '', 'round_1_sig_str_body_1': '', 'round_1_sig_str_body_2': '', 'round_1_sig_str_leg_1': '12 of 38', 'round_1_sig_str_leg_2': '18 of 37', 'round_1_sig_str_dist_1': '31%', 'round_1_sig_str_dist_2': '48%', 'round_1_sig_str_clinch_1': '4 of 25', 'round_1_sig_str_clinch_2': '8 of 24', 'round_1_sig_str_ground_1': '4 of 7', 'round_1_sig_str_ground_2': '0 of 2'}","{'round_2_sig_str_head_1': '', 'round_2_sig_str_head_2': '', 'round_2_sig_str_body_1': '', 'round_2_sig_str_body_2': '', 'round_2_sig_str_leg_1': '12 of 38', 'round_2_sig_str_leg_2': '18 of 37', 'round_2_sig_str_dist_1': '31%', 'round_2_sig_str_dist_2': '48%', 'round_2_sig_str_clinch_1': '4 of 25', 'round_2_sig_str_clinch_2': '8 of 24', 'round_2_sig_str_ground_1': '4 of 7', 'round_2_sig_str_ground_2': '0 of 2'}","{'round_3_sig_str_head_1': '', 'round_3_sig_str_head_2': '', 'round_3_sig_str_body_1': '', 'round_3_sig_str_body_2': '', 'round_3_sig_str_leg_1': '12 of 38', 'round_3_sig_str_leg_2': '18 of 37', 'round_3_sig_str_dist_1': '31%', 'round_3_sig_str_dist_2': '48%', 'round_3_sig_str_clinch_1': '4 of 25', 'round_3_sig_str_clinch_2': '8 of 24', 'round_3_sig_str_ground_1': '4 of 7', 'round_3_sig_str_ground_2': '0 of 2'}","{'round_4_sig_str_head_1': '', 'round_4_sig_str_head_2': '', 'round_4_sig_str_body_1': '', 'round_4_sig_str_body_2': '', 'round_4_sig_str_leg_1': '12 of 38', 'round_4_sig_str_leg_2': '18 of 37', 'round_4_sig_str_dist_1': '31%', 'round_4_sig_str_dist_2': '48%', 'round_4_sig_str_clinch_1': '4 of 25', 'round_4_sig_str_clinch_2': '8 of 24', 'round_4_sig_str_ground_1': '4 of 7', 'round_4_sig_str_ground_2': '0 of 2'}","{'round_5_sig_str_head_1': '', 'round_5_sig_str_head_2': '', 'round_5_sig_str_body_1': '', 'round_5_sig_str_body_2': '', 'round_5_sig_str_leg_1': '12 of 38', 'round_5_sig_str_leg_2': '18 of 37', 'round_5_sig_str_dist_1': '31%', 'round_5_sig_str_dist_2': '48%', 'round_5_sig_str_clinch_1': '4 of 25', 'round_5_sig_str_clinch_2': '8 of 24', 'round_5_sig_str_ground_1': '4 of 7', 'round_5_sig_str_ground_2': '0 of 2'}",,,,,,,,,,,,,,,,,,
http://ufcstats.com/fight-details/f5f28a8b472b8012,"November 23, 2024","Macau, China",W,Xiao Long,,L,Quang Le,"""Bang""",Bantamweight Bout,KO/TKO,,,,,Punch to Head At Distance,,,,,1,0,87 of 192,64 of 155,45%,41%,92 of 198,68 of 160,0 of 3,1 of 2,0%,50%,0,0,,,,,,,,,,,,,,,,,,,,,,,0,0,40 of 82,29 of 68,48%,42%,41 of 83,30 of 70,0 of 1,0 of 0,0%,---,0,0,,,,,0,0,35 of 89,25 of 67,39%,37%,37 of 91,26 of 68,0 of 1,1 of 1,0%,100%,0,0,,,,,1,0,12 of 21,10 of 20,57%,50%,14 of 24,12 of 22,0 of 1,0 of 1,0%,0%,0,0,,,,,,,,,,,,,,,,,,,,,,,,,,,,,,,,,,,,,,,,,,,,,,,,,,,,,,,,,,,,,,,,,,,,,,,,,,,,,,,,,,,,,,,,,,,1,0,87 of 192,64 of 155,45%,41%,92 of 198,68 of 160,0 of 3,1 of 2,0%,50%,"{'round_1_sig_str_head_1': '', 'round_1_sig_str_head_2': '', 'round_1_sig_str_body_1': '', 'round_1_sig_str_body_2': '', 'round_1_sig_str_leg_1': '40 of 82', 'round_1_sig_str_leg_2': '29 of 68', 'round_1_sig_str_dist_1': '48%', 'round_1_sig_str_dist_2': '42%', 'round_1_sig_str_clinch_1': '30 of 67', 'round_1_sig_str_clinch_2': '18 of 55', 'round_1_sig_str_ground_1': '2 of 5', 'round_1_sig_str_ground_2': '11 of 13'}","{'round_2_sig_str_head_1': '', 'round_2_sig_str_head_2': '', 'round_2_sig_str_body_1': '', 'round_2_sig_str_body_2': '', 'round_2_sig_str_leg_1': '40 of 82', 'round_2_sig_str_leg_2': '29 of 68', 'round_2_sig_str_dist_1': '48%', 'round_2_sig_str_dist_2': '42%', 'round_2_sig_str_clinch_1': '30 of 67', 'round_2_sig_str_clinch_2': '18 of 55', 'round_2_sig_str_ground_1': '2 of 5', 'round_2_sig_str_ground_2': '11 of 13'}","{'round_3_sig_str_head_1': '', 'round_3_sig_str_head_2': '', 'round_3_sig_str_body_1': '', 'round_3_sig_str_body_2': '', 'round_3_sig_str_leg_1': '40 of 82', 'round_3_sig_str_leg_2': '29 of 68', 'round_3_sig_str_dist_1': '48%', 'round_3_sig_str_dist_2': '42%', 'round_3_sig_str_clinch_1': '30 of 67', 'round_3_sig_str_clinch_2': '18 of 55', 'round_3_sig_str_ground_1': '2 of 5', 'round_3_sig_str_ground_2': '11 of 13'}","{'round_4_sig_str_head_1': '', 'round_4_sig_str_head_2': '', 'round_4_sig_str_body_1': '', 'round_4_sig_str_body_2': '', 'round_4_sig_str_leg_1': '40 of 82', 'round_4_sig_str_leg_2': '29 of 68', 'round_4_sig_str_dist_1': '48%', 'round_4_sig_str_dist_2': '42%', 'round_4_sig_str_clinch_1': '30 of 67', 'round_4_sig_str_clinch_2': '18 of 55', 'round_4_sig_str_ground_1': '2 of 5', 'round_4_sig_str_ground_2': '11 of 13'}","{'round_5_sig_str_head_1': '', 'round_5_sig_str_head_2': '', 'round_5_sig_str_body_1': '', 'round_5_sig_str_body_2': '', 'round_5_sig_str_leg_1': '40 of 82', 'round_5_sig_str_leg_2': '29 of 68', 'round_5_sig_str_dist_1': '48%', 'round_5_sig_str_dist_2': '42%', 'round_5_sig_str_clinch_1': '30 of 67', 'round_5_sig_str_clinch_2': '18 of 55', 'round_5_sig_str_ground_1': '2 of 5', 'round_5_sig_str_ground_2': '11 of 13'}",,,,,,,,,,,,,,,,,,
http://ufcstats.com/fight-details/828de4f5585c908c,"November 23, 2024","Macau, China",L,Kiru Sahota,,W,DongHun Choi,,Flyweight Bout,KO/TKO,,,,,Punch to Head At Distance,,,,,0,1,2 of 23,12 of 19,8%,63%,5 of 26,12 of 19,0 of 0,0 of 0,---,---,0,0,,,,,,,,,,,,,,,,,,,,,,,0,1,2 of 23,12 of 19,8%,63%,5 of 26,12 of 19,0 of 0,0 of 0,---,---,0,0,,,,,,,,,,,,,,,,,,,,,,,,,,,,,,,,,,,,,,,,,,,,,,,,,,,,,,,,,,,,,,,,,,,,,,,,,,,,,,,,,,,,,,,,,,,,,,,,,,,,,,,,,,,,,,,,,,,,,,,,,,,,,,,0,1,2 of 23,12 of 19,8%,63%,5 of 26,12 of 19,0 of 0,0 of 0,---,---,"{'round_1_sig_str_head_1': '', 'round_1_sig_str_head_2': '', 'round_1_sig_str_body_1': '', 'round_1_sig_str_body_2': '', 'round_1_sig_str_leg_1': '2 of 23', 'round_1_sig_str_leg_2': '12 of 19', 'round_1_sig_str_dist_1': '8%', 'round_1_sig_str_dist_2': '63%', 'round_1_sig_str_clinch_1': '0 of 17', 'round_1_sig_str_clinch_2': '6 of 12', 'round_1_sig_str_ground_1': '0 of 2', 'round_1_sig_str_ground_2': '2 of 3'}","{'round_2_sig_str_head_1': '', 'round_2_sig_str_head_2': '', 'round_2_sig_str_body_1': '', 'round_2_sig_str_body_2': '', 'round_2_sig_str_leg_1': '2 of 23', 'round_2_sig_str_leg_2': '12 of 19', 'round_2_sig_str_dist_1': '8%', 'round_2_sig_str_dist_2': '63%', 'round_2_sig_str_clinch_1': '0 of 17', 'round_2_sig_str_clinch_2': '6 of 12', 'round_2_sig_str_ground_1': '0 of 2', 'round_2_sig_str_ground_2': '2 of 3'}","{'round_3_sig_str_head_1': '', 'round_3_sig_str_head_2': '', 'round_3_sig_str_body_1': '', 'round_3_sig_str_body_2': '', 'round_3_sig_str_leg_1': '2 of 23', 'round_3_sig_str_leg_2': '12 of 19', 'round_3_sig_str_dist_1': '8%', 'round_3_sig_str_dist_2': '63%', 'round_3_sig_str_clinch_1': '0 of 17', 'round_3_sig_str_clinch_2': '6 of 12', 'round_3_sig_str_ground_1': '0 of 2', 'round_3_sig_str_ground_2': '2 of 3'}","{'round_4_sig_str_head_1': '', 'round_4_sig_str_head_2': '', 'round_4_sig_str_body_1': '', 'round_4_sig_str_body_2': '', 'round_4_sig_str_leg_1': '2 of 23', 'round_4_sig_str_leg_2': '12 of 19', 'round_4_sig_str_dist_1': '8%', 'round_4_sig_str_dist_2': '63%', 'round_4_sig_str_clinch_1': '0 of 17', 'round_4_sig_str_clinch_2': '6 of 12', 'round_4_sig_str_ground_1': '0 of 2', 'round_4_sig_str_ground_2': '2 of 3'}","{'round_5_sig_str_head_1': '', 'round_5_sig_str_head_2': '', 'round_5_sig_str_body_1': '', 'round_5_sig_str_body_2': '', 'round_5_sig_str_leg_1': '2 of 23', 'round_5_sig_str_leg_2': '12 of 19', 'round_5_sig_str_dist_1': '8%', 'round_5_sig_str_dist_2': '63%', 'round_5_sig_str_clinch_1': '0 of 17', 'round_5_sig_str_clinch_2': '6 of 12', 'round_5_sig_str_ground_1': '0 of 2', 'round_5_sig_str_ground_2': '2 of 3'}",,,,,,,,,,,,,,,,,,
http://ufcstats.com/fight-details/64d6d51219e0664c,"November 23, 2024","Macau, China",L,Wang Cong,"""The Joker""",W,Gabriella Fernandes,"""Gabi""",,Submission,,,,,Rear Naked Choke,,,,,0,1,46 of 111,18 of 59,41%,30%,48 of 113,19 of 61,0 of 1,0 of 2,0%,0%,0,1,,,,,,,,,,,,,,,,,,,,,,,0,0,23 of 56,6 of 26,41%,23%,25 of 58,7 of 28,0 of 0,0 of 2,---,0%,0,0,,,,,0,1,23 of 55,12 of 33,41%,36%,23 of 55,12 of 33,0 of 1,0 of 0,0%,---,0,1,,,,,,,,,,,,,,,,,,,,,,,,,,,,,,,,,,,,,,,,,,,,,,,,,,,,,,,,,,,,,,,,,,,,,,,,,,,,,,,,,,,,,,,,,,,,,,,,,,,,,,,,,,,,,0,1,46 of 111,18 of 59,41%,30%,48 of 113,19 of 61,0 of 1,0 of 2,0%,0%,"{'round_1_sig_str_head_1': '', 'round_1_sig_str_head_2': '', 'round_1_sig_str_body_1': '', 'round_1_sig_str_body_2': '', 'round_1_sig_str_leg_1': '23 of 56', 'round_1_sig_str_leg_2': '6 of 26', 'round_1_sig_str_dist_1': '41%', 'round_1_sig_str_dist_2': '23%', 'round_1_sig_str_clinch_1': '7 of 30', 'round_1_sig_str_clinch_2': '5 of 22', 'round_1_sig_str_ground_1': '12 of 19', 'round_1_sig_str_ground_2': '0 of 1'}","{'round_2_sig_str_head_1': '', 'round_2_sig_str_head_2': '', 'round_2_sig_str_body_1': '', 'round_2_sig_str_body_2': '', 'round_2_sig_str_leg_1': '23 of 56', 'round_2_sig_str_leg_2': '6 of 26', 'round_2_sig_str_dist_1': '41%', 'round_2_sig_str_dist_2': '23%', 'round_2_sig_str_clinch_1': '7 of 30', 'round_2_sig_str_clinch_2': '5 of 22', 'round_2_sig_str_ground_1': '12 of 19', 'round_2_sig_str_ground_2': '0 of 1'}","{'round_3_sig_str_head_1': '', 'round_3_sig_str_head_2': '', 'round_3_sig_str_body_1': '', 'round_3_sig_str_body_2': '', 'round_3_sig_str_leg_1': '23 of 56', 'round_3_sig_str_leg_2': '6 of 26', 'round_3_sig_str_dist_1': '41%', 'round_3_sig_str_dist_2': '23%', 'round_3_sig_str_clinch_1': '7 of 30', 'round_3_sig_str_clinch_2': '5 of 22', 'round_3_sig_str_ground_1': '12 of 19', 'round_3_sig_str_ground_2': '0 of 1'}","{'round_4_sig_str_head_1': '', 'round_4_sig_str_head_2': '', 'round_4_sig_str_body_1': '', 'round_4_sig_str_body_2': '', 'round_4_sig_str_leg_1': '23 of 56', 'round_4_sig_str_leg_2': '6 of 26', 'round_4_sig_str_dist_1': '41%', 'round_4_sig_str_dist_2': '23%', 'round_4_sig_str_clinch_1': '7 of 30', 'round_4_sig_str_clinch_2': '5 of 22', 'round_4_sig_str_ground_1': '12 of 19', 'round_4_sig_str_ground_2': '0 of 1'}","{'round_5_sig_str_head_1': '', 'round_5_sig_str_head_2': '', 'round_5_sig_str_body_1': '', 'round_5_sig_str_body_2': '', 'round_5_sig_str_leg_1': '23 of 56', 'round_5_sig_str_leg_2': '6 of 26', 'round_5_sig_str_dist_1': '41%', 'round_5_sig_str_dist_2': '23%', 'round_5_sig_str_clinch_1': '7 of 30', 'round_5_sig_str_clinch_2': '5 of 22', 'round_5_sig_str_ground_1': '12 of 19', 'round_5_sig_str_ground_2': '0 of 1'}",,,,,,,,,,,,,,,,,,
http://ufcstats.com/fight-details/38f1c83c19e99fa2,"November 23, 2024","Macau, China",W,Lone'er Kavanagh,,L,Jose Ochoa,"""Kalzifer""",Flyweight Bout,Decision - Unanimous,,,,,Mark Christie 27 - 30. Evan Field 28 - 29. Vito Paolillo 28 - 29.,,,,,0,0,51 of 126,50 of 158,40%,31%,51 of 126,59 of 168,0 of 2,0 of 1,0%,0%,0,1,,,,,,,,,,,,,,,,,,,,,,,0,0,21 of 45,19 of 44,46%,43%,21 of 45,19 of 44,0 of 0,0 of 0,---,---,0,0,,,,,0,0,18 of 46,20 of 60,39%,33%,18 of 46,29 of 70,0 of 2,0 of 0,0%,---,0,1,,,,,0,0,12 of 35,11 of 54,34%,20%,12 of 35,11 of 54,0 of 0,0 of 1,---,0%,0,0,,,,,,,,,,,,,,,,,,,,,,,,,,,,,,,,,,,,,,,,,,,,,,,,,,,,,,,,,,,,,,,,,,,,,,,,,,,,,,,,,,,,,,,,,,,0,0,51 of 126,50 of 158,40%,31%,51 of 126,59 of 168,0 of 2,0 of 1,0%,0%,"{'round_1_sig_str_head_1': '', 'round_1_sig_str_head_2': '', 'round_1_sig_str_body_1': '', 'round_1_sig_str_body_2': '', 'round_1_sig_str_leg_1': '21 of 45', 'round_1_sig_str_leg_2': '19 of 44', 'round_1_sig_str_dist_1': '46%', 'round_1_sig_str_dist_2': '43%', 'round_1_sig_str_clinch_1': '6 of 21', 'round_1_sig_str_clinch_2': '3 of 19', 'round_1_sig_str_ground_1': '4 of 10', 'round_1_sig_str_ground_2': '2 of 6'}","{'round_2_sig_str_head_1': '', 'round_2_sig_str_head_2': '', 'round_2_sig_str_body_1': '', 'round_2_sig_str_body_2': '', 'round_2_sig_str_leg_1': '21 of 45', 'round_2_sig_str_leg_2': '19 of 44', 'round_2_sig_str_dist_1': '46%', 'round_2_sig_str_dist_2': '43%', 'round_2_sig_str_clinch_1': '6 of 21', 'round_2_sig_str_clinch_2': '3 of 19', 'round_2_sig_str_ground_1': '4 of 10', 'round_2_sig_str_ground_2': '2 of 6'}","{'round_3_sig_str_head_1': '', 'round_3_sig_str_head_2': '', 'round_3_sig_str_body_1': '', 'round_3_sig_str_body_2': '', 'round_3_sig_str_leg_1': '21 of 45', 'round_3_sig_str_leg_2': '19 of 44', 'round_3_sig_str_dist_1': '46%', 'round_3_sig_str_dist_2': '43%', 'round_3_sig_str_clinch_1': '6 of 21', 'round_3_sig_str_clinch_2': '3 of 19', 'round_3_sig_str_ground_1': '4 of 10', 'round_3_sig_str_ground_2': '2 of 6'}","{'round_4_sig_str_head_1': '', 'round_4_sig_str_head_2': '', 'round_4_sig_str_body_1': '', 'round_4_sig_str_body_2': '', 'round_4_sig_str_leg_1': '21 of 45', 'round_4_sig_str_leg_2': '19 of 44', 'round_4_sig_str_dist_1': '46%', 'round_4_sig_str_dist_2': '43%', 'round_4_sig_str_clinch_1': '6 of 21', 'round_4_sig_str_clinch_2': '3 of 19', 'round_4_sig_str_ground_1': '4 of 10', 'round_4_sig_str_ground_2': '2 of 6'}","{'round_5_sig_str_head_1': '', 'round_5_sig_str_head_2': '', 'round_5_sig_str_body_1': '', 'round_5_sig_str_body_2': '', 'round_5_sig_str_leg_1': '21 of 45', 'round_5_sig_str_leg_2': '19 of 44', 'round_5_sig_str_dist_1': '46%', 'round_5_sig_str_dist_2': '43%', 'round_5_sig_str_clinch_1': '6 of 21', 'round_5_sig_str_clinch_2': '3 of 19', 'round_5_sig_str_ground_1': '4 of 10', 'round_5_sig_str_ground_2': '2 of 6'}",,,,,,,,,,,,,,,,,,
http://ufcstats.com/fight-details/02ec66f311dce539,"November 23, 2024","Macau, China",L,Volkan Oezdemir,"""No Time""",W,Carlos Ulberg,"""Black Jag""",Light Heavyweight Bout,Decision - Unanimous,,,,,Mark Christie 27 - 30. Vito Paolillo 27 - 30. Evan Field 28 - 29.,,,,,0,0,96 of 183,98 of 204,52%,48%,96 of 183,98 of 204,0 of 2,0 of 0,0%,---,0,0,,,,,,,,,,,,,,,,,,,,,,,0,0,29 of 51,24 of 60,56%,40%,29 of 51,24 of 60,0 of 0,0 of 0,---,---,0,0,,,,,0,0,28 of 59,29 of 60,47%,48%,28 of 59,29 of 60,0 of 0,0 of 0,---,---,0,0,,,,,0,0,39 of 73,45 of 84,53%,53%,39 of 73,45 of 84,0 of 2,0 of 0,0%,---,0,0,,,,,,,,,,,,,,,,,,,,,,,,,,,,,,,,,,,,,,,,,,,,,,,,,,,,,,,,,,,,,,,,,,,,,,,,,,,,,,,,,,,,,,,,,,,0,0,96 of 183,98 of 204,52%,48%,96 of 183,98 of 204,0 of 2,0 of 0,0%,---,"{'round_1_sig_str_head_1': '', 'round_1_sig_str_head_2': '', 'round_1_sig_str_body_1': '', 'round_1_sig_str_body_2': '', 'round_1_sig_str_leg_1': '29 of 51', 'round_1_sig_str_leg_2': '24 of 60', 'round_1_sig_str_dist_1': '56%', 'round_1_sig_str_dist_2': '40%', 'round_1_sig_str_clinch_1': '12 of 30', 'round_1_sig_str_clinch_2': '18 of 51', 'round_1_sig_str_ground_1': '8 of 12', 'round_1_sig_str_ground_2': '3 of 5'}","{'round_2_sig_str_head_1': '', 'round_2_sig_str_head_2': '', 'round_2_sig_str_body_1': '', 'round_2_sig_str_body_2': '', 'round_2_sig_str_leg_1': '29 of 51', 'round_2_sig_str_leg_2': '24 of 60', 'round_2_sig_str_dist_1': '56%', 'round_2_sig_str_dist_2': '40%', 'round_2_sig_str_clinch_1': '12 of 30', 'round_2_sig_str_clinch_2': '18 of 51', 'round_2_sig_str_ground_1': '8 of 12', 'round_2_sig_str_ground_2': '3 of 5'}","{'round_3_sig_str_head_1': '', 'round_3_sig_str_head_2': '', 'round_3_sig_str_body_1': '', 'round_3_sig_str_body_2': '', 'round_3_sig_str_leg_1': '29 of 51', 'round_3_sig_str_leg_2': '24 of 60', 'round_3_sig_str_dist_1': '56%', 'round_3_sig_str_dist_2': '40%', 'round_3_sig_str_clinch_1': '12 of 30', 'round_3_sig_str_clinch_2': '18 of 51', 'round_3_sig_str_ground_1': '8 of 12', 'round_3_sig_str_ground_2': '3 of 5'}","{'round_4_sig_str_head_1': '', 'round_4_sig_str_head_2': '', 'round_4_sig_str_body_1': '', 'round_4_sig_str_body_2': '', 'round_4_sig_str_leg_1': '29 of 51', 'round_4_sig_str_leg_2': '24 of 60', 'round_4_sig_str_dist_1': '56%', 'round_4_sig_str_dist_2': '40%', 'round_4_sig_str_clinch_1': '12 of 30', 'round_4_sig_str_clinch_2': '18 of 51', 'round_4_sig_str_ground_1': '8 of 12', 'round_4_sig_str_ground_2': '3 of 5'}","{'round_5_sig_str_head_1': '', 'round_5_sig_str_head_2': '', 'round_5_sig_str_body_1': '', 'round_5_sig_str_body_2': '', 'round_5_sig_str_leg_1': '29 of 51', 'round_5_sig_str_leg_2': '24 of 60', 'round_5_sig_str_dist_1': '56%', 'round_5_sig_str_dist_2': '40%', 'round_5_sig_str_clinch_1': '12 of 30', 'round_5_sig_str_clinch_2': '18 of 51', 'round_5_sig_str_ground_1': '8 of 12', 'round_5_sig_str_ground_2': '3 of 5'}",,,,,,,,,,,,,,,,,,
http://ufcstats.com/fight-details/eb94412f15c62650,"December 07, 2024","Las Vegas, Nevada, USA",W,Kennedy Nzechukwu,"""African Savage""",L,Lukasz Brzeski,"""The Bull""",,KO/TKO,,,,,Punch to Head At Distance,,,,,1,0,29 of 70,32 of 69,41%,46%,29 of 70,32 of 69,0 of 0,0 of 2,---,0%,0,0,,,,,,,,,,,,,,,,,,,,,,,1,0,29 of 70,32 of 69,41%,46%,29 of 70,32 of 69,0 of 0,0 of 2,---,0%,0,0,,,,,,,,,,,,,,,,,,,,,,,,,,,,,,,,,,,,,,,,,,,,,,,,,,,,,,,,,,,,,,,,,,,,,,,,,,,,,,,,,,,,,,,,,,,,,,,,,,,,,,,,,,,,,,,,,,,,,,,,,,,,,,,1,0,29 of 70,32 of 69,41%,46%,29 of 70,32 of 69,0 of 0,0 of 2,---,0%,"{'round_1_sig_str_head_1': '', 'round_1_sig_str_head_2': '', 'round_1_sig_str_body_1': '', 'round_1_sig_str_body_2': '', 'round_1_sig_str_leg_1': '29 of 70', 'round_1_sig_str_leg_2': '32 of 69', 'round_1_sig_str_dist_1': '41%', 'round_1_sig_str_dist_2': '46%', 'round_1_sig_str_clinch_1': '19 of 55', 'round_1_sig_str_clinch_2': '16 of 50', 'round_1_sig_str_ground_1': '10 of 13', 'round_1_sig_str_ground_2': '6 of 9'}","{'round_2_sig_str_head_1': '', 'round_2_sig_str_head_2': '', 'round_2_sig_str_body_1': '', 'round_2_sig_str_body_2': '', 'round_2_sig_str_leg_1': '29 of 70', 'round_2_sig_str_leg_2': '32 of 69', 'round_2_sig_str_dist_1': '41%', 'round_2_sig_str_dist_2': '46%', 'round_2_sig_str_clinch_1': '19 of 55', 'round_2_sig_str_clinch_2': '16 of 50', 'round_2_sig_str_ground_1': '10 of 13', 'round_2_sig_str_ground_2': '6 of 9'}","{'round_3_sig_str_head_1': '', 'round_3_sig_str_head_2': '', 'round_3_sig_str_body_1': '', 'round_3_sig_str_body_2': '', 'round_3_sig_str_leg_1': '29 of 70', 'round_3_sig_str_leg_2': '32 of 69', 'round_3_sig_str_dist_1': '41%', 'round_3_sig_str_dist_2': '46%', 'round_3_sig_str_clinch_1': '19 of 55', 'round_3_sig_str_clinch_2': '16 of 50', 'round_3_sig_str_ground_1': '10 of 13', 'round_3_sig_str_ground_2': '6 of 9'}","{'round_4_sig_str_head_1': '', 'round_4_sig_str_head_2': '', 'round_4_sig_str_body_1': '', 'round_4_sig_str_body_2': '', 'round_4_sig_str_leg_1': '29 of 70', 'round_4_sig_str_leg_2': '32 of 69', 'round_4_sig_str_dist_1': '41%', 'round_4_sig_str_dist_2': '46%', 'round_4_sig_str_clinch_1': '19 of 55', 'round_4_sig_str_clinch_2': '16 of 50', 'round_4_sig_str_ground_1': '10 of 13', 'round_4_sig_str_ground_2': '6 of 9'}","{'round_5_sig_str_head_1': '', 'round_5_sig_str_head_2': '', 'round_5_sig_str_body_1': '', 'round_5_sig_str_body_2': '', 'round_5_sig_str_leg_1': '29 of 70', 'round_5_sig_str_leg_2': '32 of 69', 'round_5_sig_str_dist_1': '41%', 'round_5_sig_str_dist_2': '46%', 'round_5_sig_str_clinch_1': '19 of 55', 'round_5_sig_str_clinch_2': '16 of 50', 'round_5_sig_str_ground_1': '10 of 13', 'round_5_sig_str_ground_2': '6 of 9'}",,,,,,,,,,,,,,,,,,
http://ufcstats.com/fight-details/56d2c00dfd391fcf,"November 23, 2024","Macau, China",W,Zhang Mingyang,"""Mountain Tiger""",L,Ozzy Diaz,,,KO/TKO,,,,,Elbow to Head At Distance,,,,,1,0,17 of 34,9 of 12,50%,75%,19 of 38,9 of 12,0 of 0,0 of 0,---,---,0,0,,,,,,,,,,,,,,,,,,,,,,,1,0,17 of 34,9 of 12,50%,75%,19 of 38,9 of 12,0 of 0,0 of 0,---,---,0,0,,,,,,,,,,,,,,,,,,,,,,,,,,,,,,,,,,,,,,,,,,,,,,,,,,,,,,,,,,,,,,,,,,,,,,,,,,,,,,,,,,,,,,,,,,,,,,,,,,,,,,,,,,,,,,,,,,,,,,,,,,,,,,,1,0,17 of 34,9 of 12,50%,75%,19 of 38,9 of 12,0 of 0,0 of 0,---,---,"{'round_1_sig_str_head_1': '', 'round_1_sig_str_head_2': '', 'round_1_sig_str_body_1': '', 'round_1_sig_str_body_2': '', 'round_1_sig_str_leg_1': '17 of 34', 'round_1_sig_str_leg_2': '9 of 12', 'round_1_sig_str_dist_1': '50%', 'round_1_sig_str_dist_2': '75%', 'round_1_sig_str_clinch_1': '9 of 24', 'round_1_sig_str_clinch_2': '4 of 7', 'round_1_sig_str_ground_1': '2 of 4', 'round_1_sig_str_ground_2': '5 of 5'}","{'round_2_sig_str_head_1': '', 'round_2_sig_str_head_2': '', 'round_2_sig_str_body_1': '', 'round_2_sig_str_body_2': '', 'round_2_sig_str_leg_1': '17 of 34', 'round_2_sig_str_leg_2': '9 of 12', 'round_2_sig_str_dist_1': '50%', 'round_2_sig_str_dist_2': '75%', 'round_2_sig_str_clinch_1': '9 of 24', 'round_2_sig_str_clinch_2': '4 of 7', 'round_2_sig_str_ground_1': '2 of 4', 'round_2_sig_str_ground_2': '5 of 5'}","{'round_3_sig_str_head_1': '', 'round_3_sig_str_head_2': '', 'round_3_sig_str_body_1': '', 'round_3_sig_str_body_2': '', 'round_3_sig_str_leg_1': '17 of 34', 'round_3_sig_str_leg_2': '9 of 12', 'round_3_sig_str_dist_1': '50%', 'round_3_sig_str_dist_2': '75%', 'round_3_sig_str_clinch_1': '9 of 24', 'round_3_sig_str_clinch_2': '4 of 7', 'round_3_sig_str_ground_1': '2 of 4', 'round_3_sig_str_ground_2': '5 of 5'}","{'round_4_sig_str_head_1': '', 'round_4_sig_str_head_2': '', 'round_4_sig_str_body_1': '', 'round_4_sig_str_body_2': '', 'round_4_sig_str_leg_1': '17 of 34', 'round_4_sig_str_leg_2': '9 of 12', 'round_4_sig_str_dist_1': '50%', 'round_4_sig_str_dist_2': '75%', 'round_4_sig_str_clinch_1': '9 of 24', 'round_4_sig_str_clinch_2': '4 of 7', 'round_4_sig_str_ground_1': '2 of 4', 'round_4_sig_str_ground_2': '5 of 5'}","{'round_5_sig_str_head_1': '', 'round_5_sig_str_head_2': '', 'round_5_sig_str_body_1': '', 'round_5_sig_str_body_2': '', 'round_5_sig_str_leg_1': '17 of 34', 'round_5_sig_str_leg_2': '9 of 12', 'round_5_sig_str_dist_1': '50%', 'round_5_sig_str_dist_2': '75%', 'round_5_sig_str_clinch_1': '9 of 24', 'round_5_sig_str_clinch_2': '4 of 7', 'round_5_sig_str_ground_1': '2 of 4', 'round_5_sig_str_ground_2': '5 of 5'}",,,,,,,,,,,,,,,,,,
http://ufcstats.com/fight-details/9c207acb12c17a67,"November 23, 2024","Macau, China",L,Baergeng Jieleyisi,,W,SuYoung You,"""Yoo-Jitsu""",Bantamweight Bout,Decision - Unanimous,,,,,Mark Christie 27 - 30. Clemens Werner 27 - 30. David Lethaby 28 - 29.,,,,,0,0,9 of 72,42 of 87,12%,48%,48 of 114,85 of 131,1 of 1,2 of 5,100%,40%,0,0,,,,,,,,,,,,,,,,,,,,,,,0,0,1 of 14,9 of 15,7%,60%,18 of 33,42 of 48,0 of 0,2 of 2,---,100%,0,0,,,,,0,0,5 of 28,16 of 34,17%,47%,19 of 43,26 of 45,0 of 0,0 of 2,---,0%,0,0,,,,,0,0,3 of 30,17 of 38,10%,44%,11 of 38,17 of 38,1 of 1,0 of 1,100%,0%,0,0,,,,,,,,,,,,,,,,,,,,,,,,,,,,,,,,,,,,,,,,,,,,,,,,,,,,,,,,,,,,,,,,,,,,,,,,,,,,,,,,,,,,,,,,,,,0,0,9 of 72,42 of 87,12%,48%,48 of 114,85 of 131,1 of 1,2 of 5,100%,40%,"{'round_1_sig_str_head_1': '', 'round_1_sig_str_head_2': '', 'round_1_sig_str_body_1': '', 'round_1_sig_str_body_2': '', 'round_1_sig_str_leg_1': '1 of 14', 'round_1_sig_str_leg_2': '9 of 15', 'round_1_sig_str_dist_1': '7%', 'round_1_sig_str_dist_2': '60%', 'round_1_sig_str_clinch_1': '0 of 13', 'round_1_sig_str_clinch_2': '7 of 13', 'round_1_sig_str_ground_1': '1 of 1', 'round_1_sig_str_ground_2': '1 of 1'}","{'round_2_sig_str_head_1': '', 'round_2_sig_str_head_2': '', 'round_2_sig_str_body_1': '', 'round_2_sig_str_body_2': '', 'round_2_sig_str_leg_1': '1 of 14', 'round_2_sig_str_leg_2': '9 of 15', 'round_2_sig_str_dist_1': '7%', 'round_2_sig_str_dist_2': '60%', 'round_2_sig_str_clinch_1': '0 of 13', 'round_2_sig_str_clinch_2': '7 of 13', 'round_2_sig_str_ground_1': '1 of 1', 'round_2_sig_str_ground_2': '1 of 1'}","{'round_3_sig_str_head_1': '', 'round_3_sig_str_head_2': '', 'round_3_sig_str_body_1': '', 'round_3_sig_str_body_2': '', 'round_3_sig_str_leg_1': '1 of 14', 'round_3_sig_str_leg_2': '9 of 15', 'round_3_sig_str_dist_1': '7%', 'round_3_sig_str_dist_2': '60%', 'round_3_sig_str_clinch_1': '0 of 13', 'round_3_sig_str_clinch_2': '7 of 13', 'round_3_sig_str_ground_1': '1 of 1', 'round_3_sig_str_ground_2': '1 of 1'}","{'round_4_sig_str_head_1': '', 'round_4_sig_str_head_2': '', 'round_4_sig_str_body_1': '', 'round_4_sig_str_body_2': '', 'round_4_sig_str_leg_1': '1 of 14', 'round_4_sig_str_leg_2': '9 of 15', 'round_4_sig_str_dist_1': '7%', 'round_4_sig_str_dist_2': '60%', 'round_4_sig_str_clinch_1': '0 of 13', 'round_4_sig_str_clinch_2': '7 of 13', 'round_4_sig_str_ground_1': '1 of 1', 'round_4_sig_str_ground_2': '1 of 1'}","{'round_5_sig_str_head_1': '', 'round_5_sig_str_head_2': '', 'round_5_sig_str_body_1': '', 'round_5_sig_str_body_2': '', 'round_5_sig_str_leg_1': '1 of 14', 'round_5_sig_str_leg_2': '9 of 15', 'round_5_sig_str_dist_1': '7%', 'round_5_sig_str_dist_2': '60%', 'round_5_sig_str_clinch_1': '0 of 13', 'round_5_sig_str_clinch_2': '7 of 13', 'round_5_sig_str_ground_1': '1 of 1', 'round_5_sig_str_ground_2': '1 of 1'}",,,,,,,,,,,,,,,,,,
http://ufcstats.com/fight-details/bec57d7cce0e6257,"November 23, 2024","Macau, China",L,Song Kenan,"""The Assassin""",W,Muslim Salikhov,"""King of Kung Fu""",,KO/TKO,,,,,"Kick to Head At Distance
      Wheel kick",,,,,0,1,9 of 21,20 of 28,42%,71%,11 of 23,20 of 28,0 of 1,0 of 1,0%,0%,0,0,,,,,,,,,,,,,,,,,,,,,,,0,1,9 of 21,20 of 28,42%,71%,11 of 23,20 of 28,0 of 1,0 of 1,0%,0%,0,0,,,,,,,,,,,,,,,,,,,,,,,,,,,,,,,,,,,,,,,,,,,,,,,,,,,,,,,,,,,,,,,,,,,,,,,,,,,,,,,,,,,,,,,,,,,,,,,,,,,,,,,,,,,,,,,,,,,,,,,,,,,,,,,0,1,9 of 21,20 of 28,42%,71%,11 of 23,20 of 28,0 of 1,0 of 1,0%,0%,"{'round_1_sig_str_head_1': '', 'round_1_sig_str_head_2': '', 'round_1_sig_str_body_1': '', 'round_1_sig_str_body_2': '', 'round_1_sig_str_leg_1': '9 of 21', 'round_1_sig_str_leg_2': '20 of 28', 'round_1_sig_str_dist_1': '42%', 'round_1_sig_str_dist_2': '71%', 'round_1_sig_str_clinch_1': '4 of 15', 'round_1_sig_str_clinch_2': '7 of 14', 'round_1_sig_str_ground_1': '1 of 2', 'round_1_sig_str_ground_2': '3 of 4'}","{'round_2_sig_str_head_1': '', 'round_2_sig_str_head_2': '', 'round_2_sig_str_body_1': '', 'round_2_sig_str_body_2': '', 'round_2_sig_str_leg_1': '9 of 21', 'round_2_sig_str_leg_2': '20 of 28', 'round_2_sig_str_dist_1': '42%', 'round_2_sig_str_dist_2': '71%', 'round_2_sig_str_clinch_1': '4 of 15', 'round_2_sig_str_clinch_2': '7 of 14', 'round_2_sig_str_ground_1': '1 of 2', 'round_2_sig_str_ground_2': '3 of 4'}","{'round_3_sig_str_head_1': '', 'round_3_sig_str_head_2': '', 'round_3_sig_str_body_1': '', 'round_3_sig_str_body_2': '', 'round_3_sig_str_leg_1': '9 of 21', 'round_3_sig_str_leg_2': '20 of 28', 'round_3_sig_str_dist_1': '42%', 'round_3_sig_str_dist_2': '71%', 'round_3_sig_str_clinch_1': '4 of 15', 'round_3_sig_str_clinch_2': '7 of 14', 'round_3_sig_str_ground_1': '1 of 2', 'round_3_sig_str_ground_2': '3 of 4'}","{'round_4_sig_str_head_1': '', 'round_4_sig_str_head_2': '', 'round_4_sig_str_body_1': '', 'round_4_sig_str_body_2': '', 'round_4_sig_str_leg_1': '9 of 21', 'round_4_sig_str_leg_2': '20 of 28', 'round_4_sig_str_dist_1': '42%', 'round_4_sig_str_dist_2': '71%', 'round_4_sig_str_clinch_1': '4 of 15', 'round_4_sig_str_clinch_2': '7 of 14', 'round_4_sig_str_ground_1': '1 of 2', 'round_4_sig_str_ground_2': '3 of 4'}","{'round_5_sig_str_head_1': '', 'round_5_sig_str_head_2': '', 'round_5_sig_str_body_1': '', 'round_5_sig_str_body_2': '', 'round_5_sig_str_leg_1': '9 of 21', 'round_5_sig_str_leg_2': '20 of 28', 'round_5_sig_str_dist_1': '42%', 'round_5_sig_str_dist_2': '71%', 'round_5_sig_str_clinch_1': '4 of 15', 'round_5_sig_str_clinch_2': '7 of 14', 'round_5_sig_str_ground_1': '1 of 2', 'round_5_sig_str_ground_2': '3 of 4'}",,,,,,,,,,,,,,,,,,
http://ufcstats.com/fight-details/f0c4aff7dd1ec4e9,"November 23, 2024","Macau, China",W,Yan Xiaonan,,L,Tabatha Ricci,"""Baby Shark""",Women's Strawweight Bout,Decision - Unanimous,,,,,Sal D'amato 27 - 30. Mark Collett 27 - 30. Vito Paolillo 27 - 30.,,,,,0,0,78 of 161,15 of 103,48%,14%,89 of 172,17 of 106,0 of 0,1 of 3,---,33%,0,0,,,,,,,,,,,,,,,,,,,,,,,0,0,16 of 40,0 of 13,40%,0%,16 of 40,0 of 13,0 of 0,0 of 1,---,0%,0,0,,,,,0,0,25 of 54,8 of 30,46%,26%,34 of 63,10 of 33,0 of 0,1 of 1,---,100%,0,0,,,,,0,0,37 of 67,7 of 60,55%,11%,39 of 69,7 of 60,0 of 0,0 of 1,---,0%,0,0,,,,,,,,,,,,,,,,,,,,,,,,,,,,,,,,,,,,,,,,,,,,,,,,,,,,,,,,,,,,,,,,,,,,,,,,,,,,,,,,,,,,,,,,,,,0,0,78 of 161,15 of 103,48%,14%,89 of 172,17 of 106,0 of 0,1 of 3,---,33%,"{'round_1_sig_str_head_1': '', 'round_1_sig_str_head_2': '', 'round_1_sig_str_body_1': '', 'round_1_sig_str_body_2': '', 'round_1_sig_str_leg_1': '16 of 40', 'round_1_sig_str_leg_2': '0 of 13', 'round_1_sig_str_dist_1': '40%', 'round_1_sig_str_dist_2': '0%', 'round_1_sig_str_clinch_1': '5 of 25', 'round_1_sig_str_clinch_2': '0 of 12', 'round_1_sig_str_ground_1': '7 of 11', 'round_1_sig_str_ground_2': '0 of 0'}","{'round_2_sig_str_head_1': '', 'round_2_sig_str_head_2': '', 'round_2_sig_str_body_1': '', 'round_2_sig_str_body_2': '', 'round_2_sig_str_leg_1': '16 of 40', 'round_2_sig_str_leg_2': '0 of 13', 'round_2_sig_str_dist_1': '40%', 'round_2_sig_str_dist_2': '0%', 'round_2_sig_str_clinch_1': '5 of 25', 'round_2_sig_str_clinch_2': '0 of 12', 'round_2_sig_str_ground_1': '7 of 11', 'round_2_sig_str_ground_2': '0 of 0'}","{'round_3_sig_str_head_1': '', 'round_3_sig_str_head_2': '', 'round_3_sig_str_body_1': '', 'round_3_sig_str_body_2': '', 'round_3_sig_str_leg_1': '16 of 40', 'round_3_sig_str_leg_2': '0 of 13', 'round_3_sig_str_dist_1': '40%', 'round_3_sig_str_dist_2': '0%', 'round_3_sig_str_clinch_1': '5 of 25', 'round_3_sig_str_clinch_2': '0 of 12', 'round_3_sig_str_ground_1': '7 of 11', 'round_3_sig_str_ground_2': '0 of 0'}","{'round_4_sig_str_head_1': '', 'round_4_sig_str_head_2': '', 'round_4_sig_str_body_1': '', 'round_4_sig_str_body_2': '', 'round_4_sig_str_leg_1': '16 of 40', 'round_4_sig_str_leg_2': '0 of 13', 'round_4_sig_str_dist_1': '40%', 'round_4_sig_str_dist_2': '0%', 'round_4_sig_str_clinch_1': '5 of 25', 'round_4_sig_str_clinch_2': '0 of 12', 'round_4_sig_str_ground_1': '7 of 11', 'round_4_sig_str_ground_2': '0 of 0'}","{'round_5_sig_str_head_1': '', 'round_5_sig_str_head_2': '', 'round_5_sig_str_body_1': '', 'round_5_sig_str_body_2': '', 'round_5_sig_str_leg_1': '16 of 40', 'round_5_sig_str_leg_2': '0 of 13', 'round_5_sig_str_dist_1': '40%', 'round_5_sig_str_dist_2': '0%', 'round_5_sig_str_clinch_1': '5 of 25', 'round_5_sig_str_clinch_2': '0 of 12', 'round_5_sig_str_ground_1': '7 of 11', 'round_5_sig_str_ground_2': '0 of 0'}",,,,,,,,,,,,,,,,,,
http://ufcstats.com/fight-details/72b12a837290b327,"December 07, 2024","Las Vegas, Nevada, USA",L,Clay Guida,"""The Carpenter""",W,Chase Hooper,"""The Dream""",,Submission,,,,,Armbar From Mount,,,,,0,0,5 of 13,7 of 15,38%,46%,6 of 15,14 of 28,0 of 1,3 of 6,0%,50%,0,1,,,,,,,,,,,,,,,,,,,,,,,0,0,5 of 13,7 of 15,38%,46%,6 of 15,14 of 28,0 of 1,3 of 6,0%,50%,0,1,,,,,,,,,,,,,,,,,,,,,,,,,,,,,,,,,,,,,,,,,,,,,,,,,,,,,,,,,,,,,,,,,,,,,,,,,,,,,,,,,,,,,,,,,,,,,,,,,,,,,,,,,,,,,,,,,,,,,,,,,,,,,,,0,0,5 of 13,7 of 15,38%,46%,6 of 15,14 of 28,0 of 1,3 of 6,0%,50%,"{'round_1_sig_str_head_1': '', 'round_1_sig_str_head_2': '', 'round_1_sig_str_body_1': '', 'round_1_sig_str_body_2': '', 'round_1_sig_str_leg_1': '5 of 13', 'round_1_sig_str_leg_2': '7 of 15', 'round_1_sig_str_dist_1': '38%', 'round_1_sig_str_dist_2': '46%', 'round_1_sig_str_clinch_1': '3 of 9', 'round_1_sig_str_clinch_2': '5 of 10', 'round_1_sig_str_ground_1': '2 of 4', 'round_1_sig_str_ground_2': '2 of 5'}","{'round_2_sig_str_head_1': '', 'round_2_sig_str_head_2': '', 'round_2_sig_str_body_1': '', 'round_2_sig_str_body_2': '', 'round_2_sig_str_leg_1': '5 of 13', 'round_2_sig_str_leg_2': '7 of 15', 'round_2_sig_str_dist_1': '38%', 'round_2_sig_str_dist_2': '46%', 'round_2_sig_str_clinch_1': '3 of 9', 'round_2_sig_str_clinch_2': '5 of 10', 'round_2_sig_str_ground_1': '2 of 4', 'round_2_sig_str_ground_2': '2 of 5'}","{'round_3_sig_str_head_1': '', 'round_3_sig_str_head_2': '', 'round_3_sig_str_body_1': '', 'round_3_sig_str_body_2': '', 'round_3_sig_str_leg_1': '5 of 13', 'round_3_sig_str_leg_2': '7 of 15', 'round_3_sig_str_dist_1': '38%', 'round_3_sig_str_dist_2': '46%', 'round_3_sig_str_clinch_1': '3 of 9', 'round_3_sig_str_clinch_2': '5 of 10', 'round_3_sig_str_ground_1': '2 of 4', 'round_3_sig_str_ground_2': '2 of 5'}","{'round_4_sig_str_head_1': '', 'round_4_sig_str_head_2': '', 'round_4_sig_str_body_1': '', 'round_4_sig_str_body_2': '', 'round_4_sig_str_leg_1': '5 of 13', 'round_4_sig_str_leg_2': '7 of 15', 'round_4_sig_str_dist_1': '38%', 'round_4_sig_str_dist_2': '46%', 'round_4_sig_str_clinch_1': '3 of 9', 'round_4_sig_str_clinch_2': '5 of 10', 'round_4_sig_str_ground_1': '2 of 4', 'round_4_sig_str_ground_2': '2 of 5'}","{'round_5_sig_str_head_1': '', 'round_5_sig_str_head_2': '', 'round_5_sig_str_body_1': '', 'round_5_sig_str_body_2': '', 'round_5_sig_str_leg_1': '5 of 13', 'round_5_sig_str_leg_2': '7 of 15', 'round_5_sig_str_dist_1': '38%', 'round_5_sig_str_dist_2': '46%', 'round_5_sig_str_clinch_1': '3 of 9', 'round_5_sig_str_clinch_2': '5 of 10', 'round_5_sig_str_ground_1': '2 of 4', 'round_5_sig_str_ground_2': '2 of 5'}",,,,,,,,,,,,,,,,,,
http://ufcstats.com/fight-details/f53573316a4f349f,"November 23, 2024","Macau, China",W,Petr Yan,"""No Mercy""",L,Deiveson Figueiredo,"""Deus da Guerra""",Bantamweight Bout,Decision - Unanimous,,,,,Sal D'amato 45 - 50. David Lethaby 45 - 50. Clemens Werner 45 - 50.,,,,,0,0,121 of 193,53 of 119,62%,44%,190 of 263,53 of 119,1 of 4,2 of 8,25%,25%,0,0,,,,,,,,,,,,,,,,,,,,,,,0,0,6 of 6,1 of 1,100%,100%,42 of 42,1 of 1,0 of 0,1 of 2,---,50%,0,0,,,,,0,0,32 of 49,10 of 30,65%,33%,32 of 49,10 of 30,1 of 1,0 of 3,100%,0%,0,0,,,,,0,0,21 of 36,13 of 25,58%,52%,28 of 44,13 of 25,0 of 0,1 of 1,---,100%,0,0,,,,,,,,,,,,,,,,,,,,,,,,,,,,,,,,,,,,,,,,,,,,,,,,,,,,,,,,,,,,,,,,,,,,,,,,,,,,,,,,,,,,,,,,,,,0,0,121 of 193,53 of 119,62%,44%,190 of 263,53 of 119,1 of 4,2 of 8,25%,25%,"{'round_1_sig_str_head_1': '', 'round_1_sig_str_head_2': '', 'round_1_sig_str_body_1': '', 'round_1_sig_str_body_2': '', 'round_1_sig_str_leg_1': '6 of 6', 'round_1_sig_str_leg_2': '1 of 1', 'round_1_sig_str_dist_1': '100%', 'round_1_sig_str_dist_2': '100%', 'round_1_sig_str_clinch_1': '5 of 5', 'round_1_sig_str_clinch_2': '0 of 0', 'round_1_sig_str_ground_1': '0 of 0', 'round_1_sig_str_ground_2': '1 of 1'}","{'round_2_sig_str_head_1': '', 'round_2_sig_str_head_2': '', 'round_2_sig_str_body_1': '', 'round_2_sig_str_body_2': '', 'round_2_sig_str_leg_1': '6 of 6', 'round_2_sig_str_leg_2': '1 of 1', 'round_2_sig_str_dist_1': '100%', 'round_2_sig_str_dist_2': '100%', 'round_2_sig_str_clinch_1': '5 of 5', 'round_2_sig_str_clinch_2': '0 of 0', 'round_2_sig_str_ground_1': '0 of 0', 'round_2_sig_str_ground_2': '1 of 1'}","{'round_3_sig_str_head_1': '', 'round_3_sig_str_head_2': '', 'round_3_sig_str_body_1': '', 'round_3_sig_str_body_2': '', 'round_3_sig_str_leg_1': '6 of 6', 'round_3_sig_str_leg_2': '1 of 1', 'round_3_sig_str_dist_1': '100%', 'round_3_sig_str_dist_2': '100%', 'round_3_sig_str_clinch_1': '5 of 5', 'round_3_sig_str_clinch_2': '0 of 0', 'round_3_sig_str_ground_1': '0 of 0', 'round_3_sig_str_ground_2': '1 of 1'}","{'round_4_sig_str_head_1': '', 'round_4_sig_str_head_2': '', 'round_4_sig_str_body_1': '', 'round_4_sig_str_body_2': '', 'round_4_sig_str_leg_1': '6 of 6', 'round_4_sig_str_leg_2': '1 of 1', 'round_4_sig_str_dist_1': '100%', 'round_4_sig_str_dist_2': '100%', 'round_4_sig_str_clinch_1': '5 of 5', 'round_4_sig_str_clinch_2': '0 of 0', 'round_4_sig_str_ground_1': '0 of 0', 'round_4_sig_str_ground_2': '1 of 1'}","{'round_5_sig_str_head_1': '', 'round_5_sig_str_head_2': '', 'round_5_sig_str_body_1': '', 'round_5_sig_str_body_2': '', 'round_5_sig_str_leg_1': '6 of 6', 'round_5_sig_str_leg_2': '1 of 1', 'round_5_sig_str_dist_1': '100%', 'round_5_sig_str_dist_2': '100%', 'round_5_sig_str_clinch_1': '5 of 5', 'round_5_sig_str_clinch_2': '0 of 0', 'round_5_sig_str_ground_1': '0 of 0', 'round_5_sig_str_ground_2': '1 of 1'}",,,,,0,0,25 of 40,14 of 30,62%,46%,50 of 65,14 of 30,0 of 0,0 of 2,---,0%,0,0
http://ufcstats.com/fight-details/a5c57b0f49e9f61c,"December 07, 2024","Las Vegas, Nevada, USA",W,Michael Chiesa,"""Maverick""",L,Max Griffin,"""Pain""",Welterweight Bout,Submission,,,,,Rear Naked Choke,,,,,0,0,13 of 39,10 of 34,33%,29%,54 of 87,18 of 43,2 of 8,0 of 1,25%,0%,1,0,,,,,,,,,,,,,,,,,,,,,,,0,0,6 of 17,3 of 15,35%,20%,12 of 25,5 of 17,1 of 4,0 of 1,25%,0%,0,0,,,,,0,0,5 of 16,5 of 11,31%,45%,38 of 54,11 of 18,0 of 3,0 of 0,0%,---,0,0,,,,,0,0,2 of 6,2 of 8,33%,25%,4 of 8,2 of 8,1 of 1,0 of 0,100%,---,1,0,,,,,,,,,,,,,,,,,,,,,,,,,,,,,,,,,,,,,,,,,,,,,,,,,,,,,,,,,,,,,,,,,,,,,,,,,,,,,,,,,,,,,,,,,,,0,0,13 of 39,10 of 34,33%,29%,54 of 87,18 of 43,2 of 8,0 of 1,25%,0%,"{'round_1_sig_str_head_1': '', 'round_1_sig_str_head_2': '', 'round_1_sig_str_body_1': '', 'round_1_sig_str_body_2': '', 'round_1_sig_str_leg_1': '6 of 17', 'round_1_sig_str_leg_2': '3 of 15', 'round_1_sig_str_dist_1': '35%', 'round_1_sig_str_dist_2': '20%', 'round_1_sig_str_clinch_1': '4 of 13', 'round_1_sig_str_clinch_2': '3 of 15', 'round_1_sig_str_ground_1': '2 of 4', 'round_1_sig_str_ground_2': '0 of 0'}","{'round_2_sig_str_head_1': '', 'round_2_sig_str_head_2': '', 'round_2_sig_str_body_1': '', 'round_2_sig_str_body_2': '', 'round_2_sig_str_leg_1': '6 of 17', 'round_2_sig_str_leg_2': '3 of 15', 'round_2_sig_str_dist_1': '35%', 'round_2_sig_str_dist_2': '20%', 'round_2_sig_str_clinch_1': '4 of 13', 'round_2_sig_str_clinch_2': '3 of 15', 'round_2_sig_str_ground_1': '2 of 4', 'round_2_sig_str_ground_2': '0 of 0'}","{'round_3_sig_str_head_1': '', 'round_3_sig_str_head_2': '', 'round_3_sig_str_body_1': '', 'round_3_sig_str_body_2': '', 'round_3_sig_str_leg_1': '6 of 17', 'round_3_sig_str_leg_2': '3 of 15', 'round_3_sig_str_dist_1': '35%', 'round_3_sig_str_dist_2': '20%', 'round_3_sig_str_clinch_1': '4 of 13', 'round_3_sig_str_clinch_2': '3 of 15', 'round_3_sig_str_ground_1': '2 of 4', 'round_3_sig_str_ground_2': '0 of 0'}","{'round_4_sig_str_head_1': '', 'round_4_sig_str_head_2': '', 'round_4_sig_str_body_1': '', 'round_4_sig_str_body_2': '', 'round_4_sig_str_leg_1': '6 of 17', 'round_4_sig_str_leg_2': '3 of 15', 'round_4_sig_str_dist_1': '35%', 'round_4_sig_str_dist_2': '20%', 'round_4_sig_str_clinch_1': '4 of 13', 'round_4_sig_str_clinch_2': '3 of 15', 'round_4_sig_str_ground_1': '2 of 4', 'round_4_sig_str_ground_2': '0 of 0'}","{'round_5_sig_str_head_1': '', 'round_5_sig_str_head_2': '', 'round_5_sig_str_body_1': '', 'round_5_sig_str_body_2': '', 'round_5_sig_str_leg_1': '6 of 17', 'round_5_sig_str_leg_2': '3 of 15', 'round_5_sig_str_dist_1': '35%', 'round_5_sig_str_dist_2': '20%', 'round_5_sig_str_clinch_1': '4 of 13', 'round_5_sig_str_clinch_2': '3 of 15', 'round_5_sig_str_ground_1': '2 of 4', 'round_5_sig_str_ground_2': '0 of 0'}",,,,,,,,,,,,,,,,,,
http://ufcstats.com/fight-details/d38029cf47e54cf7,"December 07, 2024","Las Vegas, Nevada, USA",L,Cody Durden,"""Custom Made""",W,Joshua Van,"""The Fearless""",Flyweight Bout,Decision - Unanimous,,,,,Mike Bell 28 - 29. Eric Colon 26 - 30. Ron McCarthy 27 - 30.,,,,,0,0,70 of 217,165 of 304,32%,54%,74 of 223,184 of 323,2 of 8,0 of 0,25%,---,0,0,,,,,,,,,,,,,,,,,,,,,,,0,0,14 of 33,30 of 49,42%,61%,18 of 38,46 of 65,2 of 3,0 of 0,66%,---,0,0,,,,,0,0,27 of 99,72 of 136,27%,52%,27 of 100,73 of 137,0 of 3,0 of 0,0%,---,0,0,,,,,0,0,29 of 85,63 of 119,34%,52%,29 of 85,65 of 121,0 of 2,0 of 0,0%,---,0,0,,,,,,,,,,,,,,,,,,,,,,,,,,,,,,,,,,,,,,,,,,,,,,,,,,,,,,,,,,,,,,,,,,,,,,,,,,,,,,,,,,,,,,,,,,,0,0,70 of 217,165 of 304,32%,54%,74 of 223,184 of 323,2 of 8,0 of 0,25%,---,"{'round_1_sig_str_head_1': '', 'round_1_sig_str_head_2': '', 'round_1_sig_str_body_1': '', 'round_1_sig_str_body_2': '', 'round_1_sig_str_leg_1': '14 of 33', 'round_1_sig_str_leg_2': '30 of 49', 'round_1_sig_str_dist_1': '42%', 'round_1_sig_str_dist_2': '61%', 'round_1_sig_str_clinch_1': '13 of 30', 'round_1_sig_str_clinch_2': '24 of 39', 'round_1_sig_str_ground_1': '1 of 2', 'round_1_sig_str_ground_2': '2 of 4'}","{'round_2_sig_str_head_1': '', 'round_2_sig_str_head_2': '', 'round_2_sig_str_body_1': '', 'round_2_sig_str_body_2': '', 'round_2_sig_str_leg_1': '14 of 33', 'round_2_sig_str_leg_2': '30 of 49', 'round_2_sig_str_dist_1': '42%', 'round_2_sig_str_dist_2': '61%', 'round_2_sig_str_clinch_1': '13 of 30', 'round_2_sig_str_clinch_2': '24 of 39', 'round_2_sig_str_ground_1': '1 of 2', 'round_2_sig_str_ground_2': '2 of 4'}","{'round_3_sig_str_head_1': '', 'round_3_sig_str_head_2': '', 'round_3_sig_str_body_1': '', 'round_3_sig_str_body_2': '', 'round_3_sig_str_leg_1': '14 of 33', 'round_3_sig_str_leg_2': '30 of 49', 'round_3_sig_str_dist_1': '42%', 'round_3_sig_str_dist_2': '61%', 'round_3_sig_str_clinch_1': '13 of 30', 'round_3_sig_str_clinch_2': '24 of 39', 'round_3_sig_str_ground_1': '1 of 2', 'round_3_sig_str_ground_2': '2 of 4'}","{'round_4_sig_str_head_1': '', 'round_4_sig_str_head_2': '', 'round_4_sig_str_body_1': '', 'round_4_sig_str_body_2': '', 'round_4_sig_str_leg_1': '14 of 33', 'round_4_sig_str_leg_2': '30 of 49', 'round_4_sig_str_dist_1': '42%', 'round_4_sig_str_dist_2': '61%', 'round_4_sig_str_clinch_1': '13 of 30', 'round_4_sig_str_clinch_2': '24 of 39', 'round_4_sig_str_ground_1': '1 of 2', 'round_4_sig_str_ground_2': '2 of 4'}","{'round_5_sig_str_head_1': '', 'round_5_sig_str_head_2': '', 'round_5_sig_str_body_1': '', 'round_5_sig_str_body_2': '', 'round_5_sig_str_leg_1': '14 of 33', 'round_5_sig_str_leg_2': '30 of 49', 'round_5_sig_str_dist_1': '42%', 'round_5_sig_str_dist_2': '61%', 'round_5_sig_str_clinch_1': '13 of 30', 'round_5_sig_str_clinch_2': '24 of 39', 'round_5_sig_str_ground_1': '1 of 2', 'round_5_sig_str_ground_2': '2 of 4'}",,,,,,,,,,,,,,,,,,
http://ufcstats.com/fight-details/7c0d0a28a8fba102,"December 07, 2024","Las Vegas, Nevada, USA",L,Randy Brown,"""Rudeboy""",W,Bryan Battle,"""The Butcher""",Welterweight Bout,Decision - Split,,,,,Mike Bell 29 - 28. Adalaide Byrd 28 - 29. Ron McCarthy 28 - 29.,,,,,0,0,60 of 111,57 of 110,54%,51%,80 of 135,109 of 175,2 of 5,0 of 6,40%,0%,0,0,,,,,,,,,,,,,,,,,,,,,,,0,0,21 of 45,14 of 31,46%,45%,29 of 56,18 of 35,2 of 2,0 of 2,100%,0%,0,0,,,,,0,0,15 of 29,22 of 41,51%,53%,21 of 35,56 of 86,0 of 1,0 of 0,0%,---,0,0,,,,,0,0,24 of 37,21 of 38,64%,55%,30 of 44,35 of 54,0 of 2,0 of 4,0%,0%,0,0,,,,,,,,,,,,,,,,,,,,,,,,,,,,,,,,,,,,,,,,,,,,,,,,,,,,,,,,,,,,,,,,,,,,,,,,,,,,,,,,,,,,,,,,,,,0,0,60 of 111,57 of 110,54%,51%,80 of 135,109 of 175,2 of 5,0 of 6,40%,0%,"{'round_1_sig_str_head_1': '', 'round_1_sig_str_head_2': '', 'round_1_sig_str_body_1': '', 'round_1_sig_str_body_2': '', 'round_1_sig_str_leg_1': '21 of 45', 'round_1_sig_str_leg_2': '14 of 31', 'round_1_sig_str_dist_1': '46%', 'round_1_sig_str_dist_2': '45%', 'round_1_sig_str_clinch_1': '11 of 32', 'round_1_sig_str_clinch_2': '4 of 17', 'round_1_sig_str_ground_1': '9 of 12', 'round_1_sig_str_ground_2': '9 of 11'}","{'round_2_sig_str_head_1': '', 'round_2_sig_str_head_2': '', 'round_2_sig_str_body_1': '', 'round_2_sig_str_body_2': '', 'round_2_sig_str_leg_1': '21 of 45', 'round_2_sig_str_leg_2': '14 of 31', 'round_2_sig_str_dist_1': '46%', 'round_2_sig_str_dist_2': '45%', 'round_2_sig_str_clinch_1': '11 of 32', 'round_2_sig_str_clinch_2': '4 of 17', 'round_2_sig_str_ground_1': '9 of 12', 'round_2_sig_str_ground_2': '9 of 11'}","{'round_3_sig_str_head_1': '', 'round_3_sig_str_head_2': '', 'round_3_sig_str_body_1': '', 'round_3_sig_str_body_2': '', 'round_3_sig_str_leg_1': '21 of 45', 'round_3_sig_str_leg_2': '14 of 31', 'round_3_sig_str_dist_1': '46%', 'round_3_sig_str_dist_2': '45%', 'round_3_sig_str_clinch_1': '11 of 32', 'round_3_sig_str_clinch_2': '4 of 17', 'round_3_sig_str_ground_1': '9 of 12', 'round_3_sig_str_ground_2': '9 of 11'}","{'round_4_sig_str_head_1': '', 'round_4_sig_str_head_2': '', 'round_4_sig_str_body_1': '', 'round_4_sig_str_body_2': '', 'round_4_sig_str_leg_1': '21 of 45', 'round_4_sig_str_leg_2': '14 of 31', 'round_4_sig_str_dist_1': '46%', 'round_4_sig_str_dist_2': '45%', 'round_4_sig_str_clinch_1': '11 of 32', 'round_4_sig_str_clinch_2': '4 of 17', 'round_4_sig_str_ground_1': '9 of 12', 'round_4_sig_str_ground_2': '9 of 11'}","{'round_5_sig_str_head_1': '', 'round_5_sig_str_head_2': '', 'round_5_sig_str_body_1': '', 'round_5_sig_str_body_2': '', 'round_5_sig_str_leg_1': '21 of 45', 'round_5_sig_str_leg_2': '14 of 31', 'round_5_sig_str_dist_1': '46%', 'round_5_sig_str_dist_2': '45%', 'round_5_sig_str_clinch_1': '11 of 32', 'round_5_sig_str_clinch_2': '4 of 17', 'round_5_sig_str_ground_1': '9 of 12', 'round_5_sig_str_ground_2': '9 of 11'}",,,,,,,,,,,,,,,,,,
http://ufcstats.com/fight-details/0f16d83859d608c7,"December 07, 2024","Las Vegas, Nevada, USA",L,Chris Weidman,"""The All-American""",W,Eryk Anders,"""Ya Boi""",Catch Weight Bout,KO/TKO,,,,,Punches to Head On Ground,,,,,1,0,16 of 36,62 of 102,44%,60%,27 of 50,121 of 193,0 of 1,0 of 6,0%,0%,1,0,,,,,,,,,,,,,,,,,,,,,,,1,0,13 of 26,11 of 23,50%,47%,20 of 36,12 of 29,0 of 1,0 of 4,0%,0%,0,0,,,,,0,0,3 of 10,51 of 79,30%,64%,7 of 14,109 of 164,0 of 0,0 of 2,---,0%,1,0,,,,,,,,,,,,,,,,,,,,,,,,,,,,,,,,,,,,,,,,,,,,,,,,,,,,,,,,,,,,,,,,,,,,,,,,,,,,,,,,,,,,,,,,,,,,,,,,,,,,,,,,,,,,,1,0,16 of 36,62 of 102,44%,60%,27 of 50,121 of 193,0 of 1,0 of 6,0%,0%,"{'round_1_sig_str_head_1': '', 'round_1_sig_str_head_2': '', 'round_1_sig_str_body_1': '', 'round_1_sig_str_body_2': '', 'round_1_sig_str_leg_1': '13 of 26', 'round_1_sig_str_leg_2': '11 of 23', 'round_1_sig_str_dist_1': '50%', 'round_1_sig_str_dist_2': '47%', 'round_1_sig_str_clinch_1': '8 of 20', 'round_1_sig_str_clinch_2': '8 of 20', 'round_1_sig_str_ground_1': '5 of 6', 'round_1_sig_str_ground_2': '3 of 3'}","{'round_2_sig_str_head_1': '', 'round_2_sig_str_head_2': '', 'round_2_sig_str_body_1': '', 'round_2_sig_str_body_2': '', 'round_2_sig_str_leg_1': '13 of 26', 'round_2_sig_str_leg_2': '11 of 23', 'round_2_sig_str_dist_1': '50%', 'round_2_sig_str_dist_2': '47%', 'round_2_sig_str_clinch_1': '8 of 20', 'round_2_sig_str_clinch_2': '8 of 20', 'round_2_sig_str_ground_1': '5 of 6', 'round_2_sig_str_ground_2': '3 of 3'}","{'round_3_sig_str_head_1': '', 'round_3_sig_str_head_2': '', 'round_3_sig_str_body_1': '', 'round_3_sig_str_body_2': '', 'round_3_sig_str_leg_1': '13 of 26', 'round_3_sig_str_leg_2': '11 of 23', 'round_3_sig_str_dist_1': '50%', 'round_3_sig_str_dist_2': '47%', 'round_3_sig_str_clinch_1': '8 of 20', 'round_3_sig_str_clinch_2': '8 of 20', 'round_3_sig_str_ground_1': '5 of 6', 'round_3_sig_str_ground_2': '3 of 3'}","{'round_4_sig_str_head_1': '', 'round_4_sig_str_head_2': '', 'round_4_sig_str_body_1': '', 'round_4_sig_str_body_2': '', 'round_4_sig_str_leg_1': '13 of 26', 'round_4_sig_str_leg_2': '11 of 23', 'round_4_sig_str_dist_1': '50%', 'round_4_sig_str_dist_2': '47%', 'round_4_sig_str_clinch_1': '8 of 20', 'round_4_sig_str_clinch_2': '8 of 20', 'round_4_sig_str_ground_1': '5 of 6', 'round_4_sig_str_ground_2': '3 of 3'}","{'round_5_sig_str_head_1': '', 'round_5_sig_str_head_2': '', 'round_5_sig_str_body_1': '', 'round_5_sig_str_body_2': '', 'round_5_sig_str_leg_1': '13 of 26', 'round_5_sig_str_leg_2': '11 of 23', 'round_5_sig_str_dist_1': '50%', 'round_5_sig_str_dist_2': '47%', 'round_5_sig_str_clinch_1': '8 of 20', 'round_5_sig_str_clinch_2': '8 of 20', 'round_5_sig_str_ground_1': '5 of 6', 'round_5_sig_str_ground_2': '3 of 3'}",,,,,,,,,,,,,,,,,,
http://ufcstats.com/fight-details/df30514e0674d598,"December 07, 2024","Las Vegas, Nevada, USA",W,Movsar Evloev,,L,Aljamain Sterling,"""Funk Master""",Featherweight Bout,Decision - Unanimous,,,,,Ben Cartlidge 28 - 29. Derek Cleary 28 - 29. Sal D'amato 28 - 29.,,,,,0,0,8 of 26,12 of 26,30%,46%,136 of 165,45 of 67,4 of 5,6 of 8,80%,75%,0,0,,,,,,,,,,,,,,,,,,,,,,,0,0,1 of 6,3 of 11,16%,27%,16 of 26,7 of 18,1 of 1,2 of 2,100%,100%,0,0,,,,,0,0,3 of 9,5 of 8,33%,62%,48 of 58,25 of 30,2 of 2,1 of 3,100%,33%,0,0,,,,,0,0,4 of 11,4 of 7,36%,57%,72 of 81,13 of 19,1 of 2,3 of 3,50%,100%,0,0,,,,,,,,,,,,,,,,,,,,,,,,,,,,,,,,,,,,,,,,,,,,,,,,,,,,,,,,,,,,,,,,,,,,,,,,,,,,,,,,,,,,,,,,,,,0,0,8 of 26,12 of 26,30%,46%,136 of 165,45 of 67,4 of 5,6 of 8,80%,75%,"{'round_1_sig_str_head_1': '', 'round_1_sig_str_head_2': '', 'round_1_sig_str_body_1': '', 'round_1_sig_str_body_2': '', 'round_1_sig_str_leg_1': '1 of 6', 'round_1_sig_str_leg_2': '3 of 11', 'round_1_sig_str_dist_1': '16%', 'round_1_sig_str_dist_2': '27%', 'round_1_sig_str_clinch_1': '0 of 4', 'round_1_sig_str_clinch_2': '1 of 5', 'round_1_sig_str_ground_1': '0 of 0', 'round_1_sig_str_ground_2': '2 of 5'}","{'round_2_sig_str_head_1': '', 'round_2_sig_str_head_2': '', 'round_2_sig_str_body_1': '', 'round_2_sig_str_body_2': '', 'round_2_sig_str_leg_1': '1 of 6', 'round_2_sig_str_leg_2': '3 of 11', 'round_2_sig_str_dist_1': '16%', 'round_2_sig_str_dist_2': '27%', 'round_2_sig_str_clinch_1': '0 of 4', 'round_2_sig_str_clinch_2': '1 of 5', 'round_2_sig_str_ground_1': '0 of 0', 'round_2_sig_str_ground_2': '2 of 5'}","{'round_3_sig_str_head_1': '', 'round_3_sig_str_head_2': '', 'round_3_sig_str_body_1': '', 'round_3_sig_str_body_2': '', 'round_3_sig_str_leg_1': '1 of 6', 'round_3_sig_str_leg_2': '3 of 11', 'round_3_sig_str_dist_1': '16%', 'round_3_sig_str_dist_2': '27%', 'round_3_sig_str_clinch_1': '0 of 4', 'round_3_sig_str_clinch_2': '1 of 5', 'round_3_sig_str_ground_1': '0 of 0', 'round_3_sig_str_ground_2': '2 of 5'}","{'round_4_sig_str_head_1': '', 'round_4_sig_str_head_2': '', 'round_4_sig_str_body_1': '', 'round_4_sig_str_body_2': '', 'round_4_sig_str_leg_1': '1 of 6', 'round_4_sig_str_leg_2': '3 of 11', 'round_4_sig_str_dist_1': '16%', 'round_4_sig_str_dist_2': '27%', 'round_4_sig_str_clinch_1': '0 of 4', 'round_4_sig_str_clinch_2': '1 of 5', 'round_4_sig_str_ground_1': '0 of 0', 'round_4_sig_str_ground_2': '2 of 5'}","{'round_5_sig_str_head_1': '', 'round_5_sig_str_head_2': '', 'round_5_sig_str_body_1': '', 'round_5_sig_str_body_2': '', 'round_5_sig_str_leg_1': '1 of 6', 'round_5_sig_str_leg_2': '3 of 11', 'round_5_sig_str_dist_1': '16%', 'round_5_sig_str_dist_2': '27%', 'round_5_sig_str_clinch_1': '0 of 4', 'round_5_sig_str_clinch_2': '1 of 5', 'round_5_sig_str_ground_1': '0 of 0', 'round_5_sig_str_ground_2': '2 of 5'}",,,,,,,,,,,,,,,,,,
http://ufcstats.com/fight-details/4914f7bd073c6359,"December 07, 2024","Las Vegas, Nevada, USA",W,Vicente Luque,"""The Silent Assassin""",L,Themba Gorimbo,"""The Answer""",,Submission,,,,,Anaconda Choke On Ground,,,,,0,0,2 of 6,5 of 9,33%,55%,2 of 6,5 of 9,0 of 0,0 of 0,---,---,1,0,,,,,,,,,,,,,,,,,,,,,,,0,0,2 of 6,5 of 9,33%,55%,2 of 6,5 of 9,0 of 0,0 of 0,---,---,1,0,,,,,,,,,,,,,,,,,,,,,,,,,,,,,,,,,,,,,,,,,,,,,,,,,,,,,,,,,,,,,,,,,,,,,,,,,,,,,,,,,,,,,,,,,,,,,,,,,,,,,,,,,,,,,,,,,,,,,,,,,,,,,,,0,0,2 of 6,5 of 9,33%,55%,2 of 6,5 of 9,0 of 0,0 of 0,---,---,"{'round_1_sig_str_head_1': '', 'round_1_sig_str_head_2': '', 'round_1_sig_str_body_1': '', 'round_1_sig_str_body_2': '', 'round_1_sig_str_leg_1': '2 of 6', 'round_1_sig_str_leg_2': '5 of 9', 'round_1_sig_str_dist_1': '33%', 'round_1_sig_str_dist_2': '55%', 'round_1_sig_str_clinch_1': '1 of 4', 'round_1_sig_str_clinch_2': '1 of 5', 'round_1_sig_str_ground_1': '0 of 0', 'round_1_sig_str_ground_2': '1 of 1'}","{'round_2_sig_str_head_1': '', 'round_2_sig_str_head_2': '', 'round_2_sig_str_body_1': '', 'round_2_sig_str_body_2': '', 'round_2_sig_str_leg_1': '2 of 6', 'round_2_sig_str_leg_2': '5 of 9', 'round_2_sig_str_dist_1': '33%', 'round_2_sig_str_dist_2': '55%', 'round_2_sig_str_clinch_1': '1 of 4', 'round_2_sig_str_clinch_2': '1 of 5', 'round_2_sig_str_ground_1': '0 of 0', 'round_2_sig_str_ground_2': '1 of 1'}","{'round_3_sig_str_head_1': '', 'round_3_sig_str_head_2': '', 'round_3_sig_str_body_1': '', 'round_3_sig_str_body_2': '', 'round_3_sig_str_leg_1': '2 of 6', 'round_3_sig_str_leg_2': '5 of 9', 'round_3_sig_str_dist_1': '33%', 'round_3_sig_str_dist_2': '55%', 'round_3_sig_str_clinch_1': '1 of 4', 'round_3_sig_str_clinch_2': '1 of 5', 'round_3_sig_str_ground_1': '0 of 0', 'round_3_sig_str_ground_2': '1 of 1'}","{'round_4_sig_str_head_1': '', 'round_4_sig_str_head_2': '', 'round_4_sig_str_body_1': '', 'round_4_sig_str_body_2': '', 'round_4_sig_str_leg_1': '2 of 6', 'round_4_sig_str_leg_2': '5 of 9', 'round_4_sig_str_dist_1': '33%', 'round_4_sig_str_dist_2': '55%', 'round_4_sig_str_clinch_1': '1 of 4', 'round_4_sig_str_clinch_2': '1 of 5', 'round_4_sig_str_ground_1': '0 of 0', 'round_4_sig_str_ground_2': '1 of 1'}","{'round_5_sig_str_head_1': '', 'round_5_sig_str_head_2': '', 'round_5_sig_str_body_1': '', 'round_5_sig_str_body_2': '', 'round_5_sig_str_leg_1': '2 of 6', 'round_5_sig_str_leg_2': '5 of 9', 'round_5_sig_str_dist_1': '33%', 'round_5_sig_str_dist_2': '55%', 'round_5_sig_str_clinch_1': '1 of 4', 'round_5_sig_str_clinch_2': '1 of 5', 'round_5_sig_str_ground_1': '0 of 0', 'round_5_sig_str_ground_2': '1 of 1'}",,,,,,,,,,,,,,,,,,
http://ufcstats.com/fight-details/f706508c52f337a6,"December 07, 2024","Las Vegas, Nevada, USA",W,Ciryl Gane,"""Bon Gamin""",L,Alexander Volkov,"""Drago""",Heavyweight Bout,Decision - Split,,,,,Adalaide Byrd 28 - 29. Eric Colon 29 - 28. Junichiro Kamijo 28 - 29.,,,,,0,0,43 of 61,39 of 71,70%,54%,48 of 66,105 of 140,2 of 4,3 of 4,50%,75%,2,1,,,,,,,,,,,,,,,,,,,,,,,0,0,12 of 15,10 of 14,80%,71%,17 of 20,12 of 18,1 of 1,2 of 3,100%,66%,2,0,,,,,0,0,27 of 39,25 of 47,69%,53%,27 of 39,25 of 47,1 of 3,0 of 0,33%,---,0,1,,,,,0,0,4 of 7,4 of 10,57%,40%,4 of 7,68 of 75,0 of 0,1 of 1,---,100%,0,0,,,,,,,,,,,,,,,,,,,,,,,,,,,,,,,,,,,,,,,,,,,,,,,,,,,,,,,,,,,,,,,,,,,,,,,,,,,,,,,,,,,,,,,,,,,0,0,43 of 61,39 of 71,70%,54%,48 of 66,105 of 140,2 of 4,3 of 4,50%,75%,"{'round_1_sig_str_head_1': '', 'round_1_sig_str_head_2': '', 'round_1_sig_str_body_1': '', 'round_1_sig_str_body_2': '', 'round_1_sig_str_leg_1': '12 of 15', 'round_1_sig_str_leg_2': '10 of 14', 'round_1_sig_str_dist_1': '80%', 'round_1_sig_str_dist_2': '71%', 'round_1_sig_str_clinch_1': '3 of 6', 'round_1_sig_str_clinch_2': '2 of 5', 'round_1_sig_str_ground_1': '5 of 5', 'round_1_sig_str_ground_2': '7 of 7'}","{'round_2_sig_str_head_1': '', 'round_2_sig_str_head_2': '', 'round_2_sig_str_body_1': '', 'round_2_sig_str_body_2': '', 'round_2_sig_str_leg_1': '12 of 15', 'round_2_sig_str_leg_2': '10 of 14', 'round_2_sig_str_dist_1': '80%', 'round_2_sig_str_dist_2': '71%', 'round_2_sig_str_clinch_1': '3 of 6', 'round_2_sig_str_clinch_2': '2 of 5', 'round_2_sig_str_ground_1': '5 of 5', 'round_2_sig_str_ground_2': '7 of 7'}","{'round_3_sig_str_head_1': '', 'round_3_sig_str_head_2': '', 'round_3_sig_str_body_1': '', 'round_3_sig_str_body_2': '', 'round_3_sig_str_leg_1': '12 of 15', 'round_3_sig_str_leg_2': '10 of 14', 'round_3_sig_str_dist_1': '80%', 'round_3_sig_str_dist_2': '71%', 'round_3_sig_str_clinch_1': '3 of 6', 'round_3_sig_str_clinch_2': '2 of 5', 'round_3_sig_str_ground_1': '5 of 5', 'round_3_sig_str_ground_2': '7 of 7'}","{'round_4_sig_str_head_1': '', 'round_4_sig_str_head_2': '', 'round_4_sig_str_body_1': '', 'round_4_sig_str_body_2': '', 'round_4_sig_str_leg_1': '12 of 15', 'round_4_sig_str_leg_2': '10 of 14', 'round_4_sig_str_dist_1': '80%', 'round_4_sig_str_dist_2': '71%', 'round_4_sig_str_clinch_1': '3 of 6', 'round_4_sig_str_clinch_2': '2 of 5', 'round_4_sig_str_ground_1': '5 of 5', 'round_4_sig_str_ground_2': '7 of 7'}","{'round_5_sig_str_head_1': '', 'round_5_sig_str_head_2': '', 'round_5_sig_str_body_1': '', 'round_5_sig_str_body_2': '', 'round_5_sig_str_leg_1': '12 of 15', 'round_5_sig_str_leg_2': '10 of 14', 'round_5_sig_str_dist_1': '80%', 'round_5_sig_str_dist_2': '71%', 'round_5_sig_str_clinch_1': '3 of 6', 'round_5_sig_str_clinch_2': '2 of 5', 'round_5_sig_str_ground_1': '5 of 5', 'round_5_sig_str_ground_2': '7 of 7'}",,,,,,,,,,,,,,,,,,
http://ufcstats.com/fight-details/97caf8fca9d9603b,"December 07, 2024","Las Vegas, Nevada, USA",W,Dominick Reyes,"""The Devastator""",L,Anthony Smith,"""Lionheart""",Light Heavyweight Bout,KO/TKO,,,,,Punches to Head On Ground,,,,,0,0,121 of 162,21 of 46,74%,45%,172 of 232,24 of 49,0 of 0,0 of 4,---,0%,0,0,,,,,,,,,,,,,,,,,,,,,,,0,0,48 of 76,21 of 46,63%,45%,53 of 82,24 of 49,0 of 0,0 of 1,---,0%,0,0,,,,,0,0,73 of 86,0 of 0,84%,---,119 of 150,0 of 0,0 of 0,0 of 3,---,0%,0,0,,,,,,,,,,,,,,,,,,,,,,,,,,,,,,,,,,,,,,,,,,,,,,,,,,,,,,,,,,,,,,,,,,,,,,,,,,,,,,,,,,,,,,,,,,,,,,,,,,,,,,,,,,,,,0,0,121 of 162,21 of 46,74%,45%,172 of 232,24 of 49,0 of 0,0 of 4,---,0%,"{'round_1_sig_str_head_1': '', 'round_1_sig_str_head_2': '', 'round_1_sig_str_body_1': '', 'round_1_sig_str_body_2': '', 'round_1_sig_str_leg_1': '48 of 76', 'round_1_sig_str_leg_2': '21 of 46', 'round_1_sig_str_dist_1': '63%', 'round_1_sig_str_dist_2': '45%', 'round_1_sig_str_clinch_1': '38 of 64', 'round_1_sig_str_clinch_2': '14 of 36', 'round_1_sig_str_ground_1': '8 of 10', 'round_1_sig_str_ground_2': '5 of 7'}","{'round_2_sig_str_head_1': '', 'round_2_sig_str_head_2': '', 'round_2_sig_str_body_1': '', 'round_2_sig_str_body_2': '', 'round_2_sig_str_leg_1': '48 of 76', 'round_2_sig_str_leg_2': '21 of 46', 'round_2_sig_str_dist_1': '63%', 'round_2_sig_str_dist_2': '45%', 'round_2_sig_str_clinch_1': '38 of 64', 'round_2_sig_str_clinch_2': '14 of 36', 'round_2_sig_str_ground_1': '8 of 10', 'round_2_sig_str_ground_2': '5 of 7'}","{'round_3_sig_str_head_1': '', 'round_3_sig_str_head_2': '', 'round_3_sig_str_body_1': '', 'round_3_sig_str_body_2': '', 'round_3_sig_str_leg_1': '48 of 76', 'round_3_sig_str_leg_2': '21 of 46', 'round_3_sig_str_dist_1': '63%', 'round_3_sig_str_dist_2': '45%', 'round_3_sig_str_clinch_1': '38 of 64', 'round_3_sig_str_clinch_2': '14 of 36', 'round_3_sig_str_ground_1': '8 of 10', 'round_3_sig_str_ground_2': '5 of 7'}","{'round_4_sig_str_head_1': '', 'round_4_sig_str_head_2': '', 'round_4_sig_str_body_1': '', 'round_4_sig_str_body_2': '', 'round_4_sig_str_leg_1': '48 of 76', 'round_4_sig_str_leg_2': '21 of 46', 'round_4_sig_str_dist_1': '63%', 'round_4_sig_str_dist_2': '45%', 'round_4_sig_str_clinch_1': '38 of 64', 'round_4_sig_str_clinch_2': '14 of 36', 'round_4_sig_str_ground_1': '8 of 10', 'round_4_sig_str_ground_2': '5 of 7'}","{'round_5_sig_str_head_1': '', 'round_5_sig_str_head_2': '', 'round_5_sig_str_body_1': '', 'round_5_sig_str_body_2': '', 'round_5_sig_str_leg_1': '48 of 76', 'round_5_sig_str_leg_2': '21 of 46', 'round_5_sig_str_dist_1': '63%', 'round_5_sig_str_dist_2': '45%', 'round_5_sig_str_clinch_1': '38 of 64', 'round_5_sig_str_clinch_2': '14 of 36', 'round_5_sig_str_ground_1': '8 of 10', 'round_5_sig_str_ground_2': '5 of 7'}",,,,,,,,,,,,,,,,,,
http://ufcstats.com/fight-details/0292b9c31c0089ac,"December 07, 2024","Las Vegas, Nevada, USA",W,Bryce Mitchell,"""Thug Nasty""",L,Kron Gracie,,Featherweight Bout,KO/TKO,,,,,Elbows to Head From Guard,,,,,0,0,26 of 36,6 of 31,72%,19%,147 of 177,90 of 118,2 of 2,0 of 0,100%,---,0,1,,,,,,,,,,,,,,,,,,,,,,,0,0,6 of 8,2 of 7,75%,28%,64 of 74,41 of 47,1 of 1,0 of 0,100%,---,0,0,,,,,0,0,10 of 14,1 of 18,71%,5%,70 of 86,46 of 65,1 of 1,0 of 0,100%,---,0,1,,,,,0,0,10 of 14,3 of 6,71%,50%,13 of 17,3 of 6,0 of 0,0 of 0,---,---,0,0,,,,,,,,,,,,,,,,,,,,,,,,,,,,,,,,,,,,,,,,,,,,,,,,,,,,,,,,,,,,,,,,,,,,,,,,,,,,,,,,,,,,,,,,,,,0,0,26 of 36,6 of 31,72%,19%,147 of 177,90 of 118,2 of 2,0 of 0,100%,---,"{'round_1_sig_str_head_1': '', 'round_1_sig_str_head_2': '', 'round_1_sig_str_body_1': '', 'round_1_sig_str_body_2': '', 'round_1_sig_str_leg_1': '6 of 8', 'round_1_sig_str_leg_2': '2 of 7', 'round_1_sig_str_dist_1': '75%', 'round_1_sig_str_dist_2': '28%', 'round_1_sig_str_clinch_1': '1 of 3', 'round_1_sig_str_clinch_2': '1 of 4', 'round_1_sig_str_ground_1': '3 of 3', 'round_1_sig_str_ground_2': '1 of 2'}","{'round_2_sig_str_head_1': '', 'round_2_sig_str_head_2': '', 'round_2_sig_str_body_1': '', 'round_2_sig_str_body_2': '', 'round_2_sig_str_leg_1': '6 of 8', 'round_2_sig_str_leg_2': '2 of 7', 'round_2_sig_str_dist_1': '75%', 'round_2_sig_str_dist_2': '28%', 'round_2_sig_str_clinch_1': '1 of 3', 'round_2_sig_str_clinch_2': '1 of 4', 'round_2_sig_str_ground_1': '3 of 3', 'round_2_sig_str_ground_2': '1 of 2'}","{'round_3_sig_str_head_1': '', 'round_3_sig_str_head_2': '', 'round_3_sig_str_body_1': '', 'round_3_sig_str_body_2': '', 'round_3_sig_str_leg_1': '6 of 8', 'round_3_sig_str_leg_2': '2 of 7', 'round_3_sig_str_dist_1': '75%', 'round_3_sig_str_dist_2': '28%', 'round_3_sig_str_clinch_1': '1 of 3', 'round_3_sig_str_clinch_2': '1 of 4', 'round_3_sig_str_ground_1': '3 of 3', 'round_3_sig_str_ground_2': '1 of 2'}","{'round_4_sig_str_head_1': '', 'round_4_sig_str_head_2': '', 'round_4_sig_str_body_1': '', 'round_4_sig_str_body_2': '', 'round_4_sig_str_leg_1': '6 of 8', 'round_4_sig_str_leg_2': '2 of 7', 'round_4_sig_str_dist_1': '75%', 'round_4_sig_str_dist_2': '28%', 'round_4_sig_str_clinch_1': '1 of 3', 'round_4_sig_str_clinch_2': '1 of 4', 'round_4_sig_str_ground_1': '3 of 3', 'round_4_sig_str_ground_2': '1 of 2'}","{'round_5_sig_str_head_1': '', 'round_5_sig_str_head_2': '', 'round_5_sig_str_body_1': '', 'round_5_sig_str_body_2': '', 'round_5_sig_str_leg_1': '6 of 8', 'round_5_sig_str_leg_2': '2 of 7', 'round_5_sig_str_dist_1': '75%', 'round_5_sig_str_dist_2': '28%', 'round_5_sig_str_clinch_1': '1 of 3', 'round_5_sig_str_clinch_2': '1 of 4', 'round_5_sig_str_ground_1': '3 of 3', 'round_5_sig_str_ground_2': '1 of 2'}",,,,,,,,,,,,,,,,,,
http://ufcstats.com/fight-details/1569186ee820ea87,"December 07, 2024","Las Vegas, Nevada, USA",W,Shavkat Rakhmonov,"""Nomad""",L,Ian Machado Garry,"""The Future""",Welterweight Bout,Decision - Unanimous,,,,,Mike Bell 47 - 48. Chris Lee 47 - 48. Ron McCarthy 47 - 48.,,,,,0,0,37 of 67,42 of 84,55%,50%,65 of 102,102 of 157,2 of 10,1 of 2,20%,50%,0,2,,,,,,,,,,,,,,,,,,,,,,,0,0,2 of 5,3 of 4,40%,75%,13 of 16,14 of 17,0 of 3,0 of 1,0%,0%,0,0,,,,,0,0,9 of 18,10 of 24,50%,41%,15 of 25,13 of 28,0 of 1,0 of 0,0%,---,0,0,,,,,0,0,11 of 19,14 of 34,57%,41%,11 of 19,14 of 35,0 of 0,0 of 0,---,---,0,0,,,,,,,,,,,,,,,,,,,,,,,,,,,,,,,,,,,,,,,,,,,,,,,,,,,,,,,,,,,,,,,,,,,,,,,,,,,,,,,,,,,,,,,,,,,0,0,37 of 67,42 of 84,55%,50%,65 of 102,102 of 157,2 of 10,1 of 2,20%,50%,"{'round_1_sig_str_head_1': '', 'round_1_sig_str_head_2': '', 'round_1_sig_str_body_1': '', 'round_1_sig_str_body_2': '', 'round_1_sig_str_leg_1': '2 of 5', 'round_1_sig_str_leg_2': '3 of 4', 'round_1_sig_str_dist_1': '40%', 'round_1_sig_str_dist_2': '75%', 'round_1_sig_str_clinch_1': '1 of 3', 'round_1_sig_str_clinch_2': '0 of 1', 'round_1_sig_str_ground_1': '1 of 2', 'round_1_sig_str_ground_2': '2 of 2'}","{'round_2_sig_str_head_1': '', 'round_2_sig_str_head_2': '', 'round_2_sig_str_body_1': '', 'round_2_sig_str_body_2': '', 'round_2_sig_str_leg_1': '2 of 5', 'round_2_sig_str_leg_2': '3 of 4', 'round_2_sig_str_dist_1': '40%', 'round_2_sig_str_dist_2': '75%', 'round_2_sig_str_clinch_1': '1 of 3', 'round_2_sig_str_clinch_2': '0 of 1', 'round_2_sig_str_ground_1': '1 of 2', 'round_2_sig_str_ground_2': '2 of 2'}","{'round_3_sig_str_head_1': '', 'round_3_sig_str_head_2': '', 'round_3_sig_str_body_1': '', 'round_3_sig_str_body_2': '', 'round_3_sig_str_leg_1': '2 of 5', 'round_3_sig_str_leg_2': '3 of 4', 'round_3_sig_str_dist_1': '40%', 'round_3_sig_str_dist_2': '75%', 'round_3_sig_str_clinch_1': '1 of 3', 'round_3_sig_str_clinch_2': '0 of 1', 'round_3_sig_str_ground_1': '1 of 2', 'round_3_sig_str_ground_2': '2 of 2'}","{'round_4_sig_str_head_1': '', 'round_4_sig_str_head_2': '', 'round_4_sig_str_body_1': '', 'round_4_sig_str_body_2': '', 'round_4_sig_str_leg_1': '2 of 5', 'round_4_sig_str_leg_2': '3 of 4', 'round_4_sig_str_dist_1': '40%', 'round_4_sig_str_dist_2': '75%', 'round_4_sig_str_clinch_1': '1 of 3', 'round_4_sig_str_clinch_2': '0 of 1', 'round_4_sig_str_ground_1': '1 of 2', 'round_4_sig_str_ground_2': '2 of 2'}","{'round_5_sig_str_head_1': '', 'round_5_sig_str_head_2': '', 'round_5_sig_str_body_1': '', 'round_5_sig_str_body_2': '', 'round_5_sig_str_leg_1': '2 of 5', 'round_5_sig_str_leg_2': '3 of 4', 'round_5_sig_str_dist_1': '40%', 'round_5_sig_str_dist_2': '75%', 'round_5_sig_str_clinch_1': '1 of 3', 'round_5_sig_str_clinch_2': '0 of 1', 'round_5_sig_str_ground_1': '1 of 2', 'round_5_sig_str_ground_2': '2 of 2'}",,,,,0,0,14 of 22,11 of 16,63%,68%,19 of 30,23 of 31,2 of 3,0 of 0,66%,---,0,0
http://ufcstats.com/fight-details/e761c5009c09b295,"December 07, 2024","Las Vegas, Nevada, USA",W,Alexandre Pantoja,"""The Cannibal""",L,Kai Asakura,,,Submission,,,,,Rear Naked Choke,,,,,0,0,32 of 52,17 of 29,61%,58%,33 of 53,30 of 44,3 of 7,0 of 0,42%,---,1,0,,,,,,,,,,,,,,,,,,,,,,,0,0,31 of 49,15 of 26,63%,57%,32 of 50,27 of 40,2 of 4,0 of 0,50%,---,0,0,,,,,0,0,1 of 3,2 of 3,33%,66%,1 of 3,3 of 4,1 of 3,0 of 0,33%,---,1,0,,,,,,,,,,,,,,,,,,,,,,,,,,,,,,,,,,,,,,,,,,,,,,,,,,,,,,,,,,,,,,,,,,,,,,,,,,,,,,,,,,,,,,,,,,,,,,,,,,,,,,,,,,,,,0,0,32 of 52,17 of 29,61%,58%,33 of 53,30 of 44,3 of 7,0 of 0,42%,---,"{'round_1_sig_str_head_1': '', 'round_1_sig_str_head_2': '', 'round_1_sig_str_body_1': '', 'round_1_sig_str_body_2': '', 'round_1_sig_str_leg_1': '31 of 49', 'round_1_sig_str_leg_2': '15 of 26', 'round_1_sig_str_dist_1': '63%', 'round_1_sig_str_dist_2': '57%', 'round_1_sig_str_clinch_1': '14 of 30', 'round_1_sig_str_clinch_2': '8 of 17', 'round_1_sig_str_ground_1': '5 of 5', 'round_1_sig_str_ground_2': '5 of 6'}","{'round_2_sig_str_head_1': '', 'round_2_sig_str_head_2': '', 'round_2_sig_str_body_1': '', 'round_2_sig_str_body_2': '', 'round_2_sig_str_leg_1': '31 of 49', 'round_2_sig_str_leg_2': '15 of 26', 'round_2_sig_str_dist_1': '63%', 'round_2_sig_str_dist_2': '57%', 'round_2_sig_str_clinch_1': '14 of 30', 'round_2_sig_str_clinch_2': '8 of 17', 'round_2_sig_str_ground_1': '5 of 5', 'round_2_sig_str_ground_2': '5 of 6'}","{'round_3_sig_str_head_1': '', 'round_3_sig_str_head_2': '', 'round_3_sig_str_body_1': '', 'round_3_sig_str_body_2': '', 'round_3_sig_str_leg_1': '31 of 49', 'round_3_sig_str_leg_2': '15 of 26', 'round_3_sig_str_dist_1': '63%', 'round_3_sig_str_dist_2': '57%', 'round_3_sig_str_clinch_1': '14 of 30', 'round_3_sig_str_clinch_2': '8 of 17', 'round_3_sig_str_ground_1': '5 of 5', 'round_3_sig_str_ground_2': '5 of 6'}","{'round_4_sig_str_head_1': '', 'round_4_sig_str_head_2': '', 'round_4_sig_str_body_1': '', 'round_4_sig_str_body_2': '', 'round_4_sig_str_leg_1': '31 of 49', 'round_4_sig_str_leg_2': '15 of 26', 'round_4_sig_str_dist_1': '63%', 'round_4_sig_str_dist_2': '57%', 'round_4_sig_str_clinch_1': '14 of 30', 'round_4_sig_str_clinch_2': '8 of 17', 'round_4_sig_str_ground_1': '5 of 5', 'round_4_sig_str_ground_2': '5 of 6'}","{'round_5_sig_str_head_1': '', 'round_5_sig_str_head_2': '', 'round_5_sig_str_body_1': '', 'round_5_sig_str_body_2': '', 'round_5_sig_str_leg_1': '31 of 49', 'round_5_sig_str_leg_2': '15 of 26', 'round_5_sig_str_dist_1': '63%', 'round_5_sig_str_dist_2': '57%', 'round_5_sig_str_clinch_1': '14 of 30', 'round_5_sig_str_clinch_2': '8 of 17', 'round_5_sig_str_ground_1': '5 of 5', 'round_5_sig_str_ground_2': '5 of 6'}",,,,,,,,,,,,,,,,,,
http://ufcstats.com/fight-details/58668a0736602842,"February 15, 2025","Las Vegas, Nevada, USA",L,Julia Avila,"""Raging Panda""",W,Jacqueline Cavalcanti,,Women's Bantamweight Bout,Decision - Unanimous,,,,,Derek Cleary 27 - 30. Eric Colon 27 - 30. Sal D'amato 27 - 30.,,,,,0,0,54 of 138,73 of 199,39%,36%,57 of 145,75 of 201,1 of 2,0 of 1,50%,0%,0,0,,,,,,,,,,,,,,,,,,,,,,,0,0,24 of 49,32 of 81,48%,39%,24 of 49,32 of 81,0 of 0,0 of 0,---,---,0,0,,,,,0,0,12 of 35,17 of 54,34%,31%,15 of 40,17 of 54,1 of 1,0 of 1,100%,0%,0,0,,,,,0,0,18 of 54,24 of 64,33%,37%,18 of 56,26 of 66,0 of 1,0 of 0,0%,---,0,0,,,,,,,,,,,,,,,,,,,,,,,,,,,,,,,,,,,,,,,,,,,,,,,,,,,,,,,,,,,,,,,,,,,,,,,,,,,,,,,,,,,,,,,,,,,0,0,54 of 138,73 of 199,39%,36%,57 of 145,75 of 201,1 of 2,0 of 1,50%,0%,"{'round_1_sig_str_head_1': '', 'round_1_sig_str_head_2': '', 'round_1_sig_str_body_1': '', 'round_1_sig_str_body_2': '', 'round_1_sig_str_leg_1': '24 of 49', 'round_1_sig_str_leg_2': '32 of 81', 'round_1_sig_str_dist_1': '48%', 'round_1_sig_str_dist_2': '39%', 'round_1_sig_str_clinch_1': '5 of 28', 'round_1_sig_str_clinch_2': '21 of 69', 'round_1_sig_str_ground_1': '3 of 4', 'round_1_sig_str_ground_2': '5 of 6'}","{'round_2_sig_str_head_1': '', 'round_2_sig_str_head_2': '', 'round_2_sig_str_body_1': '', 'round_2_sig_str_body_2': '', 'round_2_sig_str_leg_1': '24 of 49', 'round_2_sig_str_leg_2': '32 of 81', 'round_2_sig_str_dist_1': '48%', 'round_2_sig_str_dist_2': '39%', 'round_2_sig_str_clinch_1': '5 of 28', 'round_2_sig_str_clinch_2': '21 of 69', 'round_2_sig_str_ground_1': '3 of 4', 'round_2_sig_str_ground_2': '5 of 6'}","{'round_3_sig_str_head_1': '', 'round_3_sig_str_head_2': '', 'round_3_sig_str_body_1': '', 'round_3_sig_str_body_2': '', 'round_3_sig_str_leg_1': '24 of 49', 'round_3_sig_str_leg_2': '32 of 81', 'round_3_sig_str_dist_1': '48%', 'round_3_sig_str_dist_2': '39%', 'round_3_sig_str_clinch_1': '5 of 28', 'round_3_sig_str_clinch_2': '21 of 69', 'round_3_sig_str_ground_1': '3 of 4', 'round_3_sig_str_ground_2': '5 of 6'}","{'round_4_sig_str_head_1': '', 'round_4_sig_str_head_2': '', 'round_4_sig_str_body_1': '', 'round_4_sig_str_body_2': '', 'round_4_sig_str_leg_1': '24 of 49', 'round_4_sig_str_leg_2': '32 of 81', 'round_4_sig_str_dist_1': '48%', 'round_4_sig_str_dist_2': '39%', 'round_4_sig_str_clinch_1': '5 of 28', 'round_4_sig_str_clinch_2': '21 of 69', 'round_4_sig_str_ground_1': '3 of 4', 'round_4_sig_str_ground_2': '5 of 6'}","{'round_5_sig_str_head_1': '', 'round_5_sig_str_head_2': '', 'round_5_sig_str_body_1': '', 'round_5_sig_str_body_2': '', 'round_5_sig_str_leg_1': '24 of 49', 'round_5_sig_str_leg_2': '32 of 81', 'round_5_sig_str_dist_1': '48%', 'round_5_sig_str_dist_2': '39%', 'round_5_sig_str_clinch_1': '5 of 28', 'round_5_sig_str_clinch_2': '21 of 69', 'round_5_sig_str_ground_1': '3 of 4', 'round_5_sig_str_ground_2': '5 of 6'}",,,,,,,,,,,,,,,,,,
http://ufcstats.com/fight-details/089388c9f00ce9c6,"December 07, 2024","Las Vegas, Nevada, USA",L,Nate Landwehr,"""The Train""",W,Dooho Choi,"""The Korean Superboy""",Featherweight Bout,KO/TKO,,,,,Elbows to Head From Crucifix,,,,,0,0,25 of 67,78 of 116,37%,67%,32 of 77,114 of 157,0 of 0,4 of 5,---,80%,0,0,,,,,,,,,,,,,,,,,,,,,,,0,0,9 of 25,40 of 66,36%,60%,11 of 29,40 of 66,0 of 0,1 of 2,---,50%,0,0,,,,,0,0,12 of 30,23 of 29,40%,79%,16 of 35,26 of 32,0 of 0,2 of 2,---,100%,0,0,,,,,0,0,4 of 12,15 of 21,33%,71%,5 of 13,48 of 59,0 of 0,1 of 1,---,100%,0,0,,,,,,,,,,,,,,,,,,,,,,,,,,,,,,,,,,,,,,,,,,,,,,,,,,,,,,,,,,,,,,,,,,,,,,,,,,,,,,,,,,,,,,,,,,,0,0,25 of 67,78 of 116,37%,67%,32 of 77,114 of 157,0 of 0,4 of 5,---,80%,"{'round_1_sig_str_head_1': '', 'round_1_sig_str_head_2': '', 'round_1_sig_str_body_1': '', 'round_1_sig_str_body_2': '', 'round_1_sig_str_leg_1': '9 of 25', 'round_1_sig_str_leg_2': '40 of 66', 'round_1_sig_str_dist_1': '36%', 'round_1_sig_str_dist_2': '60%', 'round_1_sig_str_clinch_1': '2 of 11', 'round_1_sig_str_clinch_2': '32 of 57', 'round_1_sig_str_ground_1': '4 of 10', 'round_1_sig_str_ground_2': '4 of 4'}","{'round_2_sig_str_head_1': '', 'round_2_sig_str_head_2': '', 'round_2_sig_str_body_1': '', 'round_2_sig_str_body_2': '', 'round_2_sig_str_leg_1': '9 of 25', 'round_2_sig_str_leg_2': '40 of 66', 'round_2_sig_str_dist_1': '36%', 'round_2_sig_str_dist_2': '60%', 'round_2_sig_str_clinch_1': '2 of 11', 'round_2_sig_str_clinch_2': '32 of 57', 'round_2_sig_str_ground_1': '4 of 10', 'round_2_sig_str_ground_2': '4 of 4'}","{'round_3_sig_str_head_1': '', 'round_3_sig_str_head_2': '', 'round_3_sig_str_body_1': '', 'round_3_sig_str_body_2': '', 'round_3_sig_str_leg_1': '9 of 25', 'round_3_sig_str_leg_2': '40 of 66', 'round_3_sig_str_dist_1': '36%', 'round_3_sig_str_dist_2': '60%', 'round_3_sig_str_clinch_1': '2 of 11', 'round_3_sig_str_clinch_2': '32 of 57', 'round_3_sig_str_ground_1': '4 of 10', 'round_3_sig_str_ground_2': '4 of 4'}","{'round_4_sig_str_head_1': '', 'round_4_sig_str_head_2': '', 'round_4_sig_str_body_1': '', 'round_4_sig_str_body_2': '', 'round_4_sig_str_leg_1': '9 of 25', 'round_4_sig_str_leg_2': '40 of 66', 'round_4_sig_str_dist_1': '36%', 'round_4_sig_str_dist_2': '60%', 'round_4_sig_str_clinch_1': '2 of 11', 'round_4_sig_str_clinch_2': '32 of 57', 'round_4_sig_str_ground_1': '4 of 10', 'round_4_sig_str_ground_2': '4 of 4'}","{'round_5_sig_str_head_1': '', 'round_5_sig_str_head_2': '', 'round_5_sig_str_body_1': '', 'round_5_sig_str_body_2': '', 'round_5_sig_str_leg_1': '9 of 25', 'round_5_sig_str_leg_2': '40 of 66', 'round_5_sig_str_dist_1': '36%', 'round_5_sig_str_dist_2': '60%', 'round_5_sig_str_clinch_1': '2 of 11', 'round_5_sig_str_clinch_2': '32 of 57', 'round_5_sig_str_ground_1': '4 of 10', 'round_5_sig_str_ground_2': '4 of 4'}",,,,,,,,,,,,,,,,,,
http://ufcstats.com/fight-details/3b2a24db4eeaeede,"February 15, 2025","Las Vegas, Nevada, USA",L,Don'Tale Mayes,"""Lord Kong""",W,Valter Walker,"""The Clean Monster""",Heavyweight Bout,Submission,,,,,Heel Hook On Ground,,,,,0,0,1 of 2,1 of 3,50%,33%,3 of 4,5 of 9,0 of 0,1 of 2,---,50%,0,1,,,,,,,,,,,,,,,,,,,,,,,0,0,1 of 2,1 of 3,50%,33%,3 of 4,5 of 9,0 of 0,1 of 2,---,50%,0,1,,,,,,,,,,,,,,,,,,,,,,,,,,,,,,,,,,,,,,,,,,,,,,,,,,,,,,,,,,,,,,,,,,,,,,,,,,,,,,,,,,,,,,,,,,,,,,,,,,,,,,,,,,,,,,,,,,,,,,,,,,,,,,,0,0,1 of 2,1 of 3,50%,33%,3 of 4,5 of 9,0 of 0,1 of 2,---,50%,"{'round_1_sig_str_head_1': '', 'round_1_sig_str_head_2': '', 'round_1_sig_str_body_1': '', 'round_1_sig_str_body_2': '', 'round_1_sig_str_leg_1': '1 of 2', 'round_1_sig_str_leg_2': '1 of 3', 'round_1_sig_str_dist_1': '50%', 'round_1_sig_str_dist_2': '33%', 'round_1_sig_str_clinch_1': '1 of 2', 'round_1_sig_str_clinch_2': '0 of 2', 'round_1_sig_str_ground_1': '0 of 0', 'round_1_sig_str_ground_2': '0 of 0'}","{'round_2_sig_str_head_1': '', 'round_2_sig_str_head_2': '', 'round_2_sig_str_body_1': '', 'round_2_sig_str_body_2': '', 'round_2_sig_str_leg_1': '1 of 2', 'round_2_sig_str_leg_2': '1 of 3', 'round_2_sig_str_dist_1': '50%', 'round_2_sig_str_dist_2': '33%', 'round_2_sig_str_clinch_1': '1 of 2', 'round_2_sig_str_clinch_2': '0 of 2', 'round_2_sig_str_ground_1': '0 of 0', 'round_2_sig_str_ground_2': '0 of 0'}","{'round_3_sig_str_head_1': '', 'round_3_sig_str_head_2': '', 'round_3_sig_str_body_1': '', 'round_3_sig_str_body_2': '', 'round_3_sig_str_leg_1': '1 of 2', 'round_3_sig_str_leg_2': '1 of 3', 'round_3_sig_str_dist_1': '50%', 'round_3_sig_str_dist_2': '33%', 'round_3_sig_str_clinch_1': '1 of 2', 'round_3_sig_str_clinch_2': '0 of 2', 'round_3_sig_str_ground_1': '0 of 0', 'round_3_sig_str_ground_2': '0 of 0'}","{'round_4_sig_str_head_1': '', 'round_4_sig_str_head_2': '', 'round_4_sig_str_body_1': '', 'round_4_sig_str_body_2': '', 'round_4_sig_str_leg_1': '1 of 2', 'round_4_sig_str_leg_2': '1 of 3', 'round_4_sig_str_dist_1': '50%', 'round_4_sig_str_dist_2': '33%', 'round_4_sig_str_clinch_1': '1 of 2', 'round_4_sig_str_clinch_2': '0 of 2', 'round_4_sig_str_ground_1': '0 of 0', 'round_4_sig_str_ground_2': '0 of 0'}","{'round_5_sig_str_head_1': '', 'round_5_sig_str_head_2': '', 'round_5_sig_str_body_1': '', 'round_5_sig_str_body_2': '', 'round_5_sig_str_leg_1': '1 of 2', 'round_5_sig_str_leg_2': '1 of 3', 'round_5_sig_str_dist_1': '50%', 'round_5_sig_str_dist_2': '33%', 'round_5_sig_str_clinch_1': '1 of 2', 'round_5_sig_str_clinch_2': '0 of 2', 'round_5_sig_str_ground_1': '0 of 0', 'round_5_sig_str_ground_2': '0 of 0'}",,,,,,,,,,,,,,,,,,
http://ufcstats.com/fight-details/07b357090cc91c2c,"February 15, 2025","Las Vegas, Nevada, USA",L,Vince Morales,"""Vandetta""",W,Elijah Smith,"""Swift""",Bantamweight Bout,Decision - Unanimous,,,,,Mike Bell 28 - 29. Sal D'amato 28 - 29. Junichiro Kamijo 28 - 29.,,,,,0,0,40 of 86,40 of 97,46%,41%,42 of 90,52 of 110,2 of 4,3 of 4,50%,75%,3,1,,,,,,,,,,,,,,,,,,,,,,,0,0,19 of 40,19 of 43,47%,44%,19 of 40,19 of 43,0 of 0,1 of 1,---,100%,0,0,,,,,0,0,4 of 5,1 of 5,80%,20%,6 of 8,7 of 12,2 of 3,1 of 1,66%,100%,2,1,,,,,0,0,17 of 41,20 of 49,41%,40%,17 of 42,26 of 55,0 of 1,1 of 2,0%,50%,1,0,,,,,,,,,,,,,,,,,,,,,,,,,,,,,,,,,,,,,,,,,,,,,,,,,,,,,,,,,,,,,,,,,,,,,,,,,,,,,,,,,,,,,,,,,,,0,0,40 of 86,40 of 97,46%,41%,42 of 90,52 of 110,2 of 4,3 of 4,50%,75%,"{'round_1_sig_str_head_1': '', 'round_1_sig_str_head_2': '', 'round_1_sig_str_body_1': '', 'round_1_sig_str_body_2': '', 'round_1_sig_str_leg_1': '19 of 40', 'round_1_sig_str_leg_2': '19 of 43', 'round_1_sig_str_dist_1': '47%', 'round_1_sig_str_dist_2': '44%', 'round_1_sig_str_clinch_1': '13 of 33', 'round_1_sig_str_clinch_2': '13 of 33', 'round_1_sig_str_ground_1': '4 of 5', 'round_1_sig_str_ground_2': '1 of 2'}","{'round_2_sig_str_head_1': '', 'round_2_sig_str_head_2': '', 'round_2_sig_str_body_1': '', 'round_2_sig_str_body_2': '', 'round_2_sig_str_leg_1': '19 of 40', 'round_2_sig_str_leg_2': '19 of 43', 'round_2_sig_str_dist_1': '47%', 'round_2_sig_str_dist_2': '44%', 'round_2_sig_str_clinch_1': '13 of 33', 'round_2_sig_str_clinch_2': '13 of 33', 'round_2_sig_str_ground_1': '4 of 5', 'round_2_sig_str_ground_2': '1 of 2'}","{'round_3_sig_str_head_1': '', 'round_3_sig_str_head_2': '', 'round_3_sig_str_body_1': '', 'round_3_sig_str_body_2': '', 'round_3_sig_str_leg_1': '19 of 40', 'round_3_sig_str_leg_2': '19 of 43', 'round_3_sig_str_dist_1': '47%', 'round_3_sig_str_dist_2': '44%', 'round_3_sig_str_clinch_1': '13 of 33', 'round_3_sig_str_clinch_2': '13 of 33', 'round_3_sig_str_ground_1': '4 of 5', 'round_3_sig_str_ground_2': '1 of 2'}","{'round_4_sig_str_head_1': '', 'round_4_sig_str_head_2': '', 'round_4_sig_str_body_1': '', 'round_4_sig_str_body_2': '', 'round_4_sig_str_leg_1': '19 of 40', 'round_4_sig_str_leg_2': '19 of 43', 'round_4_sig_str_dist_1': '47%', 'round_4_sig_str_dist_2': '44%', 'round_4_sig_str_clinch_1': '13 of 33', 'round_4_sig_str_clinch_2': '13 of 33', 'round_4_sig_str_ground_1': '4 of 5', 'round_4_sig_str_ground_2': '1 of 2'}","{'round_5_sig_str_head_1': '', 'round_5_sig_str_head_2': '', 'round_5_sig_str_body_1': '', 'round_5_sig_str_body_2': '', 'round_5_sig_str_leg_1': '19 of 40', 'round_5_sig_str_leg_2': '19 of 43', 'round_5_sig_str_dist_1': '47%', 'round_5_sig_str_dist_2': '44%', 'round_5_sig_str_clinch_1': '13 of 33', 'round_5_sig_str_clinch_2': '13 of 33', 'round_5_sig_str_ground_1': '4 of 5', 'round_5_sig_str_ground_2': '1 of 2'}",,,,,,,,,,,,,,,,,,
http://ufcstats.com/fight-details/f4817d5cbe9be532,"February 15, 2025","Las Vegas, Nevada, USA",W,Angela Hill,"""Overkill""",L,Ketlen Souza,"""Esquentadinha""",Women's Strawweight Bout,Decision - Split,,,,,Mike Bell 28 - 29. Derek Cleary 29 - 28. Sal D'amato 28 - 29.,,,,,0,0,86 of 158,70 of 138,54%,50%,103 of 176,77 of 146,2 of 6,0 of 2,33%,0%,0,0,,,,,,,,,,,,,,,,,,,,,,,0,0,28 of 46,15 of 27,60%,55%,40 of 59,19 of 32,1 of 1,0 of 1,100%,0%,0,0,,,,,0,0,42 of 70,32 of 65,60%,49%,46 of 74,35 of 68,0 of 2,0 of 0,0%,---,0,0,,,,,0,0,16 of 42,23 of 46,38%,50%,17 of 43,23 of 46,1 of 3,0 of 1,33%,0%,0,0,,,,,,,,,,,,,,,,,,,,,,,,,,,,,,,,,,,,,,,,,,,,,,,,,,,,,,,,,,,,,,,,,,,,,,,,,,,,,,,,,,,,,,,,,,,0,0,86 of 158,70 of 138,54%,50%,103 of 176,77 of 146,2 of 6,0 of 2,33%,0%,"{'round_1_sig_str_head_1': '', 'round_1_sig_str_head_2': '', 'round_1_sig_str_body_1': '', 'round_1_sig_str_body_2': '', 'round_1_sig_str_leg_1': '28 of 46', 'round_1_sig_str_leg_2': '15 of 27', 'round_1_sig_str_dist_1': '60%', 'round_1_sig_str_dist_2': '55%', 'round_1_sig_str_clinch_1': '10 of 27', 'round_1_sig_str_clinch_2': '8 of 19', 'round_1_sig_str_ground_1': '17 of 18', 'round_1_sig_str_ground_2': '4 of 5'}","{'round_2_sig_str_head_1': '', 'round_2_sig_str_head_2': '', 'round_2_sig_str_body_1': '', 'round_2_sig_str_body_2': '', 'round_2_sig_str_leg_1': '28 of 46', 'round_2_sig_str_leg_2': '15 of 27', 'round_2_sig_str_dist_1': '60%', 'round_2_sig_str_dist_2': '55%', 'round_2_sig_str_clinch_1': '10 of 27', 'round_2_sig_str_clinch_2': '8 of 19', 'round_2_sig_str_ground_1': '17 of 18', 'round_2_sig_str_ground_2': '4 of 5'}","{'round_3_sig_str_head_1': '', 'round_3_sig_str_head_2': '', 'round_3_sig_str_body_1': '', 'round_3_sig_str_body_2': '', 'round_3_sig_str_leg_1': '28 of 46', 'round_3_sig_str_leg_2': '15 of 27', 'round_3_sig_str_dist_1': '60%', 'round_3_sig_str_dist_2': '55%', 'round_3_sig_str_clinch_1': '10 of 27', 'round_3_sig_str_clinch_2': '8 of 19', 'round_3_sig_str_ground_1': '17 of 18', 'round_3_sig_str_ground_2': '4 of 5'}","{'round_4_sig_str_head_1': '', 'round_4_sig_str_head_2': '', 'round_4_sig_str_body_1': '', 'round_4_sig_str_body_2': '', 'round_4_sig_str_leg_1': '28 of 46', 'round_4_sig_str_leg_2': '15 of 27', 'round_4_sig_str_dist_1': '60%', 'round_4_sig_str_dist_2': '55%', 'round_4_sig_str_clinch_1': '10 of 27', 'round_4_sig_str_clinch_2': '8 of 19', 'round_4_sig_str_ground_1': '17 of 18', 'round_4_sig_str_ground_2': '4 of 5'}","{'round_5_sig_str_head_1': '', 'round_5_sig_str_head_2': '', 'round_5_sig_str_body_1': '', 'round_5_sig_str_body_2': '', 'round_5_sig_str_leg_1': '28 of 46', 'round_5_sig_str_leg_2': '15 of 27', 'round_5_sig_str_dist_1': '60%', 'round_5_sig_str_dist_2': '55%', 'round_5_sig_str_clinch_1': '10 of 27', 'round_5_sig_str_clinch_2': '8 of 19', 'round_5_sig_str_ground_1': '17 of 18', 'round_5_sig_str_ground_2': '4 of 5'}",,,,,,,,,,,,,,,,,,
http://ufcstats.com/fight-details/7b9f169016746f81,"February 15, 2025","Las Vegas, Nevada, USA",W,Gabriel Bonfim,"""Marretinha""",L,Khaos Williams,"""The OxFighter""",,Submission,,,,,D'Arce Choke On Ground,,,,,0,0,35 of 72,20 of 90,48%,22%,35 of 72,23 of 94,4 of 5,0 of 0,80%,---,2,0,,,,,,,,,,,,,,,,,,,,,,,0,0,7 of 23,7 of 41,30%,17%,7 of 23,10 of 45,3 of 4,0 of 0,75%,---,1,0,,,,,0,0,28 of 49,13 of 49,57%,26%,28 of 49,13 of 49,1 of 1,0 of 0,100%,---,1,0,,,,,,,,,,,,,,,,,,,,,,,,,,,,,,,,,,,,,,,,,,,,,,,,,,,,,,,,,,,,,,,,,,,,,,,,,,,,,,,,,,,,,,,,,,,,,,,,,,,,,,,,,,,,,0,0,35 of 72,20 of 90,48%,22%,35 of 72,23 of 94,4 of 5,0 of 0,80%,---,"{'round_1_sig_str_head_1': '', 'round_1_sig_str_head_2': '', 'round_1_sig_str_body_1': '', 'round_1_sig_str_body_2': '', 'round_1_sig_str_leg_1': '7 of 23', 'round_1_sig_str_leg_2': '7 of 41', 'round_1_sig_str_dist_1': '30%', 'round_1_sig_str_dist_2': '17%', 'round_1_sig_str_clinch_1': '2 of 17', 'round_1_sig_str_clinch_2': '3 of 23', 'round_1_sig_str_ground_1': '0 of 0', 'round_1_sig_str_ground_2': '1 of 6'}","{'round_2_sig_str_head_1': '', 'round_2_sig_str_head_2': '', 'round_2_sig_str_body_1': '', 'round_2_sig_str_body_2': '', 'round_2_sig_str_leg_1': '7 of 23', 'round_2_sig_str_leg_2': '7 of 41', 'round_2_sig_str_dist_1': '30%', 'round_2_sig_str_dist_2': '17%', 'round_2_sig_str_clinch_1': '2 of 17', 'round_2_sig_str_clinch_2': '3 of 23', 'round_2_sig_str_ground_1': '0 of 0', 'round_2_sig_str_ground_2': '1 of 6'}","{'round_3_sig_str_head_1': '', 'round_3_sig_str_head_2': '', 'round_3_sig_str_body_1': '', 'round_3_sig_str_body_2': '', 'round_3_sig_str_leg_1': '7 of 23', 'round_3_sig_str_leg_2': '7 of 41', 'round_3_sig_str_dist_1': '30%', 'round_3_sig_str_dist_2': '17%', 'round_3_sig_str_clinch_1': '2 of 17', 'round_3_sig_str_clinch_2': '3 of 23', 'round_3_sig_str_ground_1': '0 of 0', 'round_3_sig_str_ground_2': '1 of 6'}","{'round_4_sig_str_head_1': '', 'round_4_sig_str_head_2': '', 'round_4_sig_str_body_1': '', 'round_4_sig_str_body_2': '', 'round_4_sig_str_leg_1': '7 of 23', 'round_4_sig_str_leg_2': '7 of 41', 'round_4_sig_str_dist_1': '30%', 'round_4_sig_str_dist_2': '17%', 'round_4_sig_str_clinch_1': '2 of 17', 'round_4_sig_str_clinch_2': '3 of 23', 'round_4_sig_str_ground_1': '0 of 0', 'round_4_sig_str_ground_2': '1 of 6'}","{'round_5_sig_str_head_1': '', 'round_5_sig_str_head_2': '', 'round_5_sig_str_body_1': '', 'round_5_sig_str_body_2': '', 'round_5_sig_str_leg_1': '7 of 23', 'round_5_sig_str_leg_2': '7 of 41', 'round_5_sig_str_dist_1': '30%', 'round_5_sig_str_dist_2': '17%', 'round_5_sig_str_clinch_1': '2 of 17', 'round_5_sig_str_clinch_2': '3 of 23', 'round_5_sig_str_ground_1': '0 of 0', 'round_5_sig_str_ground_2': '1 of 6'}",,,,,,,,,,,,,,,,,,
http://ufcstats.com/fight-details/2a493f15e079a7ff,"February 15, 2025","Las Vegas, Nevada, USA",L,Connor Matthews,"""The Controller""",W,Jose Delgado,,Featherweight Bout,KO/TKO,,,,,Punches to Head From Mount,,,,,0,1,6 of 23,21 of 40,26%,52%,9 of 31,22 of 42,2 of 3,0 of 0,66%,---,0,0,,,,,,,,,,,,,,,,,,,,,,,0,1,6 of 23,21 of 40,26%,52%,9 of 31,22 of 42,2 of 3,0 of 0,66%,---,0,0,,,,,,,,,,,,,,,,,,,,,,,,,,,,,,,,,,,,,,,,,,,,,,,,,,,,,,,,,,,,,,,,,,,,,,,,,,,,,,,,,,,,,,,,,,,,,,,,,,,,,,,,,,,,,,,,,,,,,,,,,,,,,,,0,1,6 of 23,21 of 40,26%,52%,9 of 31,22 of 42,2 of 3,0 of 0,66%,---,"{'round_1_sig_str_head_1': '', 'round_1_sig_str_head_2': '', 'round_1_sig_str_body_1': '', 'round_1_sig_str_body_2': '', 'round_1_sig_str_leg_1': '6 of 23', 'round_1_sig_str_leg_2': '21 of 40', 'round_1_sig_str_dist_1': '26%', 'round_1_sig_str_dist_2': '52%', 'round_1_sig_str_clinch_1': '6 of 20', 'round_1_sig_str_clinch_2': '14 of 29', 'round_1_sig_str_ground_1': '0 of 3', 'round_1_sig_str_ground_2': '6 of 7'}","{'round_2_sig_str_head_1': '', 'round_2_sig_str_head_2': '', 'round_2_sig_str_body_1': '', 'round_2_sig_str_body_2': '', 'round_2_sig_str_leg_1': '6 of 23', 'round_2_sig_str_leg_2': '21 of 40', 'round_2_sig_str_dist_1': '26%', 'round_2_sig_str_dist_2': '52%', 'round_2_sig_str_clinch_1': '6 of 20', 'round_2_sig_str_clinch_2': '14 of 29', 'round_2_sig_str_ground_1': '0 of 3', 'round_2_sig_str_ground_2': '6 of 7'}","{'round_3_sig_str_head_1': '', 'round_3_sig_str_head_2': '', 'round_3_sig_str_body_1': '', 'round_3_sig_str_body_2': '', 'round_3_sig_str_leg_1': '6 of 23', 'round_3_sig_str_leg_2': '21 of 40', 'round_3_sig_str_dist_1': '26%', 'round_3_sig_str_dist_2': '52%', 'round_3_sig_str_clinch_1': '6 of 20', 'round_3_sig_str_clinch_2': '14 of 29', 'round_3_sig_str_ground_1': '0 of 3', 'round_3_sig_str_ground_2': '6 of 7'}","{'round_4_sig_str_head_1': '', 'round_4_sig_str_head_2': '', 'round_4_sig_str_body_1': '', 'round_4_sig_str_body_2': '', 'round_4_sig_str_leg_1': '6 of 23', 'round_4_sig_str_leg_2': '21 of 40', 'round_4_sig_str_dist_1': '26%', 'round_4_sig_str_dist_2': '52%', 'round_4_sig_str_clinch_1': '6 of 20', 'round_4_sig_str_clinch_2': '14 of 29', 'round_4_sig_str_ground_1': '0 of 3', 'round_4_sig_str_ground_2': '6 of 7'}","{'round_5_sig_str_head_1': '', 'round_5_sig_str_head_2': '', 'round_5_sig_str_body_1': '', 'round_5_sig_str_body_2': '', 'round_5_sig_str_leg_1': '6 of 23', 'round_5_sig_str_leg_2': '21 of 40', 'round_5_sig_str_dist_1': '26%', 'round_5_sig_str_dist_2': '52%', 'round_5_sig_str_clinch_1': '6 of 20', 'round_5_sig_str_clinch_2': '14 of 29', 'round_5_sig_str_ground_1': '0 of 3', 'round_5_sig_str_ground_2': '6 of 7'}",,,,,,,,,,,,,,,,,,
http://ufcstats.com/fight-details/ce1436a9b58902a7,"February 15, 2025","Las Vegas, Nevada, USA",L,Ismael Bonfim,"""Marreta""",W,Nazim Sadykhov,"""Black Wolf""",Lightweight Bout,TKO - Doctor's Stoppage,,,,,,,,,,0,0,26 of 42,13 of 46,61%,28%,26 of 43,14 of 49,0 of 0,0 of 0,---,---,0,0,,,,,,,,,,,,,,,,,,,,,,,0,0,26 of 42,13 of 46,61%,28%,26 of 43,14 of 49,0 of 0,0 of 0,---,---,0,0,,,,,,,,,,,,,,,,,,,,,,,,,,,,,,,,,,,,,,,,,,,,,,,,,,,,,,,,,,,,,,,,,,,,,,,,,,,,,,,,,,,,,,,,,,,,,,,,,,,,,,,,,,,,,,,,,,,,,,,,,,,,,,,0,0,26 of 42,13 of 46,61%,28%,26 of 43,14 of 49,0 of 0,0 of 0,---,---,"{'round_1_sig_str_head_1': '', 'round_1_sig_str_head_2': '', 'round_1_sig_str_body_1': '', 'round_1_sig_str_body_2': '', 'round_1_sig_str_leg_1': '26 of 42', 'round_1_sig_str_leg_2': '13 of 46', 'round_1_sig_str_dist_1': '61%', 'round_1_sig_str_dist_2': '28%', 'round_1_sig_str_clinch_1': '14 of 29', 'round_1_sig_str_clinch_2': '9 of 35', 'round_1_sig_str_ground_1': '5 of 5', 'round_1_sig_str_ground_2': '2 of 7'}","{'round_2_sig_str_head_1': '', 'round_2_sig_str_head_2': '', 'round_2_sig_str_body_1': '', 'round_2_sig_str_body_2': '', 'round_2_sig_str_leg_1': '26 of 42', 'round_2_sig_str_leg_2': '13 of 46', 'round_2_sig_str_dist_1': '61%', 'round_2_sig_str_dist_2': '28%', 'round_2_sig_str_clinch_1': '14 of 29', 'round_2_sig_str_clinch_2': '9 of 35', 'round_2_sig_str_ground_1': '5 of 5', 'round_2_sig_str_ground_2': '2 of 7'}","{'round_3_sig_str_head_1': '', 'round_3_sig_str_head_2': '', 'round_3_sig_str_body_1': '', 'round_3_sig_str_body_2': '', 'round_3_sig_str_leg_1': '26 of 42', 'round_3_sig_str_leg_2': '13 of 46', 'round_3_sig_str_dist_1': '61%', 'round_3_sig_str_dist_2': '28%', 'round_3_sig_str_clinch_1': '14 of 29', 'round_3_sig_str_clinch_2': '9 of 35', 'round_3_sig_str_ground_1': '5 of 5', 'round_3_sig_str_ground_2': '2 of 7'}","{'round_4_sig_str_head_1': '', 'round_4_sig_str_head_2': '', 'round_4_sig_str_body_1': '', 'round_4_sig_str_body_2': '', 'round_4_sig_str_leg_1': '26 of 42', 'round_4_sig_str_leg_2': '13 of 46', 'round_4_sig_str_dist_1': '61%', 'round_4_sig_str_dist_2': '28%', 'round_4_sig_str_clinch_1': '14 of 29', 'round_4_sig_str_clinch_2': '9 of 35', 'round_4_sig_str_ground_1': '5 of 5', 'round_4_sig_str_ground_2': '2 of 7'}","{'round_5_sig_str_head_1': '', 'round_5_sig_str_head_2': '', 'round_5_sig_str_body_1': '', 'round_5_sig_str_body_2': '', 'round_5_sig_str_leg_1': '26 of 42', 'round_5_sig_str_leg_2': '13 of 46', 'round_5_sig_str_dist_1': '61%', 'round_5_sig_str_dist_2': '28%', 'round_5_sig_str_clinch_1': '14 of 29', 'round_5_sig_str_clinch_2': '9 of 35', 'round_5_sig_str_ground_1': '5 of 5', 'round_5_sig_str_ground_2': '2 of 7'}",,,,,,,,,,,,,,,,,,
http://ufcstats.com/fight-details/2ae33fce63a75df9,"February 15, 2025","Las Vegas, Nevada, USA",W,Rafael Estevam,"""Macapa""",L,Jesus Aguilar,,Flyweight Bout,Decision - Unanimous,,,,,Mike Bell 28 - 29. Eric Colon 28 - 29. Sal D'amato 28 - 29.,,,,,0,0,11 of 30,35 of 87,36%,40%,60 of 96,41 of 95,11 of 19,2 of 5,57%,40%,0,2,,,,,,,,,,,,,,,,,,,,,,,0,0,2 of 2,2 of 2,100%,100%,23 of 28,3 of 3,5 of 6,0 of 0,83%,---,0,1,,,,,0,0,1 of 2,5 of 10,50%,50%,29 of 42,5 of 11,5 of 7,0 of 1,71%,0%,0,1,,,,,0,0,8 of 26,28 of 75,30%,37%,8 of 26,33 of 81,1 of 6,2 of 4,16%,50%,0,0,,,,,,,,,,,,,,,,,,,,,,,,,,,,,,,,,,,,,,,,,,,,,,,,,,,,,,,,,,,,,,,,,,,,,,,,,,,,,,,,,,,,,,,,,,,0,0,11 of 30,35 of 87,36%,40%,60 of 96,41 of 95,11 of 19,2 of 5,57%,40%,"{'round_1_sig_str_head_1': '', 'round_1_sig_str_head_2': '', 'round_1_sig_str_body_1': '', 'round_1_sig_str_body_2': '', 'round_1_sig_str_leg_1': '2 of 2', 'round_1_sig_str_leg_2': '2 of 2', 'round_1_sig_str_dist_1': '100%', 'round_1_sig_str_dist_2': '100%', 'round_1_sig_str_clinch_1': '1 of 1', 'round_1_sig_str_clinch_2': '1 of 1', 'round_1_sig_str_ground_1': '1 of 1', 'round_1_sig_str_ground_2': '0 of 0'}","{'round_2_sig_str_head_1': '', 'round_2_sig_str_head_2': '', 'round_2_sig_str_body_1': '', 'round_2_sig_str_body_2': '', 'round_2_sig_str_leg_1': '2 of 2', 'round_2_sig_str_leg_2': '2 of 2', 'round_2_sig_str_dist_1': '100%', 'round_2_sig_str_dist_2': '100%', 'round_2_sig_str_clinch_1': '1 of 1', 'round_2_sig_str_clinch_2': '1 of 1', 'round_2_sig_str_ground_1': '1 of 1', 'round_2_sig_str_ground_2': '0 of 0'}","{'round_3_sig_str_head_1': '', 'round_3_sig_str_head_2': '', 'round_3_sig_str_body_1': '', 'round_3_sig_str_body_2': '', 'round_3_sig_str_leg_1': '2 of 2', 'round_3_sig_str_leg_2': '2 of 2', 'round_3_sig_str_dist_1': '100%', 'round_3_sig_str_dist_2': '100%', 'round_3_sig_str_clinch_1': '1 of 1', 'round_3_sig_str_clinch_2': '1 of 1', 'round_3_sig_str_ground_1': '1 of 1', 'round_3_sig_str_ground_2': '0 of 0'}","{'round_4_sig_str_head_1': '', 'round_4_sig_str_head_2': '', 'round_4_sig_str_body_1': '', 'round_4_sig_str_body_2': '', 'round_4_sig_str_leg_1': '2 of 2', 'round_4_sig_str_leg_2': '2 of 2', 'round_4_sig_str_dist_1': '100%', 'round_4_sig_str_dist_2': '100%', 'round_4_sig_str_clinch_1': '1 of 1', 'round_4_sig_str_clinch_2': '1 of 1', 'round_4_sig_str_ground_1': '1 of 1', 'round_4_sig_str_ground_2': '0 of 0'}","{'round_5_sig_str_head_1': '', 'round_5_sig_str_head_2': '', 'round_5_sig_str_body_1': '', 'round_5_sig_str_body_2': '', 'round_5_sig_str_leg_1': '2 of 2', 'round_5_sig_str_leg_2': '2 of 2', 'round_5_sig_str_dist_1': '100%', 'round_5_sig_str_dist_2': '100%', 'round_5_sig_str_clinch_1': '1 of 1', 'round_5_sig_str_clinch_2': '1 of 1', 'round_5_sig_str_ground_1': '1 of 1', 'round_5_sig_str_ground_2': '0 of 0'}",,,,,,,,,,,,,,,,,,
http://ufcstats.com/fight-details/875b249ebe45a66b,"February 15, 2025","Las Vegas, Nevada, USA",L,Rodolfo Vieira,,W,Andre Petroski,,Middleweight Bout,Decision - Unanimous,,,,,Derek Cleary 28 - 29. Sal D'amato 28 - 29. Bryan Miner 28 - 29.,,,,,0,0,58 of 99,55 of 111,58%,49%,60 of 101,58 of 114,1 of 11,0 of 2,9%,0%,0,0,,,,,,,,,,,,,,,,,,,,,,,0,0,14 of 26,13 of 34,53%,38%,14 of 26,13 of 34,0 of 4,0 of 1,0%,0%,0,0,,,,,0,0,24 of 40,22 of 37,60%,59%,24 of 40,23 of 38,0 of 3,0 of 0,0%,---,0,0,,,,,0,0,20 of 33,20 of 40,60%,50%,22 of 35,22 of 42,1 of 4,0 of 1,25%,0%,0,0,,,,,,,,,,,,,,,,,,,,,,,,,,,,,,,,,,,,,,,,,,,,,,,,,,,,,,,,,,,,,,,,,,,,,,,,,,,,,,,,,,,,,,,,,,,0,0,58 of 99,55 of 111,58%,49%,60 of 101,58 of 114,1 of 11,0 of 2,9%,0%,"{'round_1_sig_str_head_1': '', 'round_1_sig_str_head_2': '', 'round_1_sig_str_body_1': '', 'round_1_sig_str_body_2': '', 'round_1_sig_str_leg_1': '14 of 26', 'round_1_sig_str_leg_2': '13 of 34', 'round_1_sig_str_dist_1': '53%', 'round_1_sig_str_dist_2': '38%', 'round_1_sig_str_clinch_1': '5 of 14', 'round_1_sig_str_clinch_2': '4 of 18', 'round_1_sig_str_ground_1': '1 of 2', 'round_1_sig_str_ground_2': '3 of 8'}","{'round_2_sig_str_head_1': '', 'round_2_sig_str_head_2': '', 'round_2_sig_str_body_1': '', 'round_2_sig_str_body_2': '', 'round_2_sig_str_leg_1': '14 of 26', 'round_2_sig_str_leg_2': '13 of 34', 'round_2_sig_str_dist_1': '53%', 'round_2_sig_str_dist_2': '38%', 'round_2_sig_str_clinch_1': '5 of 14', 'round_2_sig_str_clinch_2': '4 of 18', 'round_2_sig_str_ground_1': '1 of 2', 'round_2_sig_str_ground_2': '3 of 8'}","{'round_3_sig_str_head_1': '', 'round_3_sig_str_head_2': '', 'round_3_sig_str_body_1': '', 'round_3_sig_str_body_2': '', 'round_3_sig_str_leg_1': '14 of 26', 'round_3_sig_str_leg_2': '13 of 34', 'round_3_sig_str_dist_1': '53%', 'round_3_sig_str_dist_2': '38%', 'round_3_sig_str_clinch_1': '5 of 14', 'round_3_sig_str_clinch_2': '4 of 18', 'round_3_sig_str_ground_1': '1 of 2', 'round_3_sig_str_ground_2': '3 of 8'}","{'round_4_sig_str_head_1': '', 'round_4_sig_str_head_2': '', 'round_4_sig_str_body_1': '', 'round_4_sig_str_body_2': '', 'round_4_sig_str_leg_1': '14 of 26', 'round_4_sig_str_leg_2': '13 of 34', 'round_4_sig_str_dist_1': '53%', 'round_4_sig_str_dist_2': '38%', 'round_4_sig_str_clinch_1': '5 of 14', 'round_4_sig_str_clinch_2': '4 of 18', 'round_4_sig_str_ground_1': '1 of 2', 'round_4_sig_str_ground_2': '3 of 8'}","{'round_5_sig_str_head_1': '', 'round_5_sig_str_head_2': '', 'round_5_sig_str_body_1': '', 'round_5_sig_str_body_2': '', 'round_5_sig_str_leg_1': '14 of 26', 'round_5_sig_str_leg_2': '13 of 34', 'round_5_sig_str_dist_1': '53%', 'round_5_sig_str_dist_2': '38%', 'round_5_sig_str_clinch_1': '5 of 14', 'round_5_sig_str_clinch_2': '4 of 18', 'round_5_sig_str_ground_1': '1 of 2', 'round_5_sig_str_ground_2': '3 of 8'}",,,,,,,,,,,,,,,,,,
http://ufcstats.com/fight-details/68913a422f548ccc,"February 15, 2025","Las Vegas, Nevada, USA",L,Calvin Kattar,,W,Youssef Zalal,"""The Moroccan Devil""",Featherweight Bout,Decision - Unanimous,,,,,Mike Bell 28 - 29. Derek Cleary 28 - 29. Junichiro Kamijo 28 - 29.,,,,,0,0,38 of 134,74 of 133,28%,55%,38 of 134,75 of 134,0 of 0,0 of 8,---,0%,0,0,,,,,,,,,,,,,,,,,,,,,,,0,0,8 of 23,26 of 46,34%,56%,8 of 23,26 of 46,0 of 0,0 of 1,---,0%,0,0,,,,,0,0,10 of 37,27 of 46,27%,58%,10 of 37,28 of 47,0 of 0,0 of 3,---,0%,0,0,,,,,0,0,20 of 74,21 of 41,27%,51%,20 of 74,21 of 41,0 of 0,0 of 4,---,0%,0,0,,,,,,,,,,,,,,,,,,,,,,,,,,,,,,,,,,,,,,,,,,,,,,,,,,,,,,,,,,,,,,,,,,,,,,,,,,,,,,,,,,,,,,,,,,,0,0,38 of 134,74 of 133,28%,55%,38 of 134,75 of 134,0 of 0,0 of 8,---,0%,"{'round_1_sig_str_head_1': '', 'round_1_sig_str_head_2': '', 'round_1_sig_str_body_1': '', 'round_1_sig_str_body_2': '', 'round_1_sig_str_leg_1': '8 of 23', 'round_1_sig_str_leg_2': '26 of 46', 'round_1_sig_str_dist_1': '34%', 'round_1_sig_str_dist_2': '56%', 'round_1_sig_str_clinch_1': '7 of 20', 'round_1_sig_str_clinch_2': '16 of 33', 'round_1_sig_str_ground_1': '1 of 2', 'round_1_sig_str_ground_2': '2 of 2'}","{'round_2_sig_str_head_1': '', 'round_2_sig_str_head_2': '', 'round_2_sig_str_body_1': '', 'round_2_sig_str_body_2': '', 'round_2_sig_str_leg_1': '8 of 23', 'round_2_sig_str_leg_2': '26 of 46', 'round_2_sig_str_dist_1': '34%', 'round_2_sig_str_dist_2': '56%', 'round_2_sig_str_clinch_1': '7 of 20', 'round_2_sig_str_clinch_2': '16 of 33', 'round_2_sig_str_ground_1': '1 of 2', 'round_2_sig_str_ground_2': '2 of 2'}","{'round_3_sig_str_head_1': '', 'round_3_sig_str_head_2': '', 'round_3_sig_str_body_1': '', 'round_3_sig_str_body_2': '', 'round_3_sig_str_leg_1': '8 of 23', 'round_3_sig_str_leg_2': '26 of 46', 'round_3_sig_str_dist_1': '34%', 'round_3_sig_str_dist_2': '56%', 'round_3_sig_str_clinch_1': '7 of 20', 'round_3_sig_str_clinch_2': '16 of 33', 'round_3_sig_str_ground_1': '1 of 2', 'round_3_sig_str_ground_2': '2 of 2'}","{'round_4_sig_str_head_1': '', 'round_4_sig_str_head_2': '', 'round_4_sig_str_body_1': '', 'round_4_sig_str_body_2': '', 'round_4_sig_str_leg_1': '8 of 23', 'round_4_sig_str_leg_2': '26 of 46', 'round_4_sig_str_dist_1': '34%', 'round_4_sig_str_dist_2': '56%', 'round_4_sig_str_clinch_1': '7 of 20', 'round_4_sig_str_clinch_2': '16 of 33', 'round_4_sig_str_ground_1': '1 of 2', 'round_4_sig_str_ground_2': '2 of 2'}","{'round_5_sig_str_head_1': '', 'round_5_sig_str_head_2': '', 'round_5_sig_str_body_1': '', 'round_5_sig_str_body_2': '', 'round_5_sig_str_leg_1': '8 of 23', 'round_5_sig_str_leg_2': '26 of 46', 'round_5_sig_str_dist_1': '34%', 'round_5_sig_str_dist_2': '56%', 'round_5_sig_str_clinch_1': '7 of 20', 'round_5_sig_str_clinch_2': '16 of 33', 'round_5_sig_str_ground_1': '1 of 2', 'round_5_sig_str_ground_2': '2 of 2'}",,,,,,,,,,,,,,,,,,
http://ufcstats.com/fight-details/f5386c98fea7f5d4,"February 15, 2025","Las Vegas, Nevada, USA",W,Edmen Shahbazyan,"""The Golden Boy""",L,Dylan Budka,"""The Mindless Hulk""",,KO/TKO,,,,,Punch to Head At Distance,,,,,1,0,7 of 15,1 of 16,46%,6%,7 of 15,1 of 16,0 of 0,0 of 0,---,---,0,0,,,,,,,,,,,,,,,,,,,,,,,1,0,7 of 15,1 of 16,46%,6%,7 of 15,1 of 16,0 of 0,0 of 0,---,---,0,0,,,,,,,,,,,,,,,,,,,,,,,,,,,,,,,,,,,,,,,,,,,,,,,,,,,,,,,,,,,,,,,,,,,,,,,,,,,,,,,,,,,,,,,,,,,,,,,,,,,,,,,,,,,,,,,,,,,,,,,,,,,,,,,1,0,7 of 15,1 of 16,46%,6%,7 of 15,1 of 16,0 of 0,0 of 0,---,---,"{'round_1_sig_str_head_1': '', 'round_1_sig_str_head_2': '', 'round_1_sig_str_body_1': '', 'round_1_sig_str_body_2': '', 'round_1_sig_str_leg_1': '7 of 15', 'round_1_sig_str_leg_2': '1 of 16', 'round_1_sig_str_dist_1': '46%', 'round_1_sig_str_dist_2': '6%', 'round_1_sig_str_clinch_1': '5 of 13', 'round_1_sig_str_clinch_2': '1 of 12', 'round_1_sig_str_ground_1': '2 of 2', 'round_1_sig_str_ground_2': '0 of 4'}","{'round_2_sig_str_head_1': '', 'round_2_sig_str_head_2': '', 'round_2_sig_str_body_1': '', 'round_2_sig_str_body_2': '', 'round_2_sig_str_leg_1': '7 of 15', 'round_2_sig_str_leg_2': '1 of 16', 'round_2_sig_str_dist_1': '46%', 'round_2_sig_str_dist_2': '6%', 'round_2_sig_str_clinch_1': '5 of 13', 'round_2_sig_str_clinch_2': '1 of 12', 'round_2_sig_str_ground_1': '2 of 2', 'round_2_sig_str_ground_2': '0 of 4'}","{'round_3_sig_str_head_1': '', 'round_3_sig_str_head_2': '', 'round_3_sig_str_body_1': '', 'round_3_sig_str_body_2': '', 'round_3_sig_str_leg_1': '7 of 15', 'round_3_sig_str_leg_2': '1 of 16', 'round_3_sig_str_dist_1': '46%', 'round_3_sig_str_dist_2': '6%', 'round_3_sig_str_clinch_1': '5 of 13', 'round_3_sig_str_clinch_2': '1 of 12', 'round_3_sig_str_ground_1': '2 of 2', 'round_3_sig_str_ground_2': '0 of 4'}","{'round_4_sig_str_head_1': '', 'round_4_sig_str_head_2': '', 'round_4_sig_str_body_1': '', 'round_4_sig_str_body_2': '', 'round_4_sig_str_leg_1': '7 of 15', 'round_4_sig_str_leg_2': '1 of 16', 'round_4_sig_str_dist_1': '46%', 'round_4_sig_str_dist_2': '6%', 'round_4_sig_str_clinch_1': '5 of 13', 'round_4_sig_str_clinch_2': '1 of 12', 'round_4_sig_str_ground_1': '2 of 2', 'round_4_sig_str_ground_2': '0 of 4'}","{'round_5_sig_str_head_1': '', 'round_5_sig_str_head_2': '', 'round_5_sig_str_body_1': '', 'round_5_sig_str_body_2': '', 'round_5_sig_str_leg_1': '7 of 15', 'round_5_sig_str_leg_2': '1 of 16', 'round_5_sig_str_dist_1': '46%', 'round_5_sig_str_dist_2': '6%', 'round_5_sig_str_clinch_1': '5 of 13', 'round_5_sig_str_clinch_2': '1 of 12', 'round_5_sig_str_ground_1': '2 of 2', 'round_5_sig_str_ground_2': '0 of 4'}",,,,,,,,,,,,,,,,,,
http://ufcstats.com/fight-details/edf7ce89ad672e85,"December 14, 2024","Tampa, Florida, USA",L,Josefine Knutsson,"""Thunder""",W,Piera Rodriguez,"""La Fiera""",Women's Strawweight Bout,Decision - Unanimous,,,,,Eric Colon 27 - 30. Jason Grenier 27 - 30. Sal D'amato 27 - 30.,,,,,0,0,26 of 55,36 of 64,47%,56%,67 of 100,85 of 137,0 of 0,8 of 10,---,80%,0,0,,,,,,,,,,,,,,,,,,,,,,,0,0,18 of 30,19 of 31,60%,61%,31 of 46,24 of 36,0 of 0,4 of 5,---,80%,0,0,,,,,0,0,6 of 19,12 of 19,31%,63%,16 of 29,21 of 34,0 of 0,3 of 4,---,75%,0,0,,,,,0,0,2 of 6,5 of 14,33%,35%,20 of 25,40 of 67,0 of 0,1 of 1,---,100%,0,0,,,,,,,,,,,,,,,,,,,,,,,,,,,,,,,,,,,,,,,,,,,,,,,,,,,,,,,,,,,,,,,,,,,,,,,,,,,,,,,,,,,,,,,,,,,0,0,26 of 55,36 of 64,47%,56%,67 of 100,85 of 137,0 of 0,8 of 10,---,80%,"{'round_1_sig_str_head_1': '', 'round_1_sig_str_head_2': '', 'round_1_sig_str_body_1': '', 'round_1_sig_str_body_2': '', 'round_1_sig_str_leg_1': '18 of 30', 'round_1_sig_str_leg_2': '19 of 31', 'round_1_sig_str_dist_1': '60%', 'round_1_sig_str_dist_2': '61%', 'round_1_sig_str_clinch_1': '12 of 24', 'round_1_sig_str_clinch_2': '16 of 26', 'round_1_sig_str_ground_1': '5 of 5', 'round_1_sig_str_ground_2': '3 of 4'}","{'round_2_sig_str_head_1': '', 'round_2_sig_str_head_2': '', 'round_2_sig_str_body_1': '', 'round_2_sig_str_body_2': '', 'round_2_sig_str_leg_1': '18 of 30', 'round_2_sig_str_leg_2': '19 of 31', 'round_2_sig_str_dist_1': '60%', 'round_2_sig_str_dist_2': '61%', 'round_2_sig_str_clinch_1': '12 of 24', 'round_2_sig_str_clinch_2': '16 of 26', 'round_2_sig_str_ground_1': '5 of 5', 'round_2_sig_str_ground_2': '3 of 4'}","{'round_3_sig_str_head_1': '', 'round_3_sig_str_head_2': '', 'round_3_sig_str_body_1': '', 'round_3_sig_str_body_2': '', 'round_3_sig_str_leg_1': '18 of 30', 'round_3_sig_str_leg_2': '19 of 31', 'round_3_sig_str_dist_1': '60%', 'round_3_sig_str_dist_2': '61%', 'round_3_sig_str_clinch_1': '12 of 24', 'round_3_sig_str_clinch_2': '16 of 26', 'round_3_sig_str_ground_1': '5 of 5', 'round_3_sig_str_ground_2': '3 of 4'}","{'round_4_sig_str_head_1': '', 'round_4_sig_str_head_2': '', 'round_4_sig_str_body_1': '', 'round_4_sig_str_body_2': '', 'round_4_sig_str_leg_1': '18 of 30', 'round_4_sig_str_leg_2': '19 of 31', 'round_4_sig_str_dist_1': '60%', 'round_4_sig_str_dist_2': '61%', 'round_4_sig_str_clinch_1': '12 of 24', 'round_4_sig_str_clinch_2': '16 of 26', 'round_4_sig_str_ground_1': '5 of 5', 'round_4_sig_str_ground_2': '3 of 4'}","{'round_5_sig_str_head_1': '', 'round_5_sig_str_head_2': '', 'round_5_sig_str_body_1': '', 'round_5_sig_str_body_2': '', 'round_5_sig_str_leg_1': '18 of 30', 'round_5_sig_str_leg_2': '19 of 31', 'round_5_sig_str_dist_1': '60%', 'round_5_sig_str_dist_2': '61%', 'round_5_sig_str_clinch_1': '12 of 24', 'round_5_sig_str_clinch_2': '16 of 26', 'round_5_sig_str_ground_1': '5 of 5', 'round_5_sig_str_ground_2': '3 of 4'}",,,,,,,,,,,,,,,,,,
http://ufcstats.com/fight-details/e5f9d59d00fe3c73,"December 14, 2024","Tampa, Florida, USA",W,Miranda Maverick,"""Fear The""",L,Jamey-Lyn Horth,,Women's Flyweight Bout,Decision - Unanimous,,,,,Solimar Miranda 28 - 29. Derek Cleary 28 - 29. Sal D'amato 28 - 29.,,,,,0,0,24 of 68,15 of 55,35%,27%,61 of 117,63 of 111,2 of 9,1 of 3,22%,33%,0,1,,,,,,,,,,,,,,,,,,,,,,,0,0,8 of 24,4 of 19,33%,21%,20 of 37,21 of 37,0 of 6,0 of 0,0%,---,0,0,,,,,0,0,3 of 4,2 of 4,75%,50%,15 of 17,22 of 27,1 of 2,1 of 3,50%,33%,0,1,,,,,0,0,13 of 40,9 of 32,32%,28%,26 of 63,20 of 47,1 of 1,0 of 0,100%,---,0,0,,,,,,,,,,,,,,,,,,,,,,,,,,,,,,,,,,,,,,,,,,,,,,,,,,,,,,,,,,,,,,,,,,,,,,,,,,,,,,,,,,,,,,,,,,,0,0,24 of 68,15 of 55,35%,27%,61 of 117,63 of 111,2 of 9,1 of 3,22%,33%,"{'round_1_sig_str_head_1': '', 'round_1_sig_str_head_2': '', 'round_1_sig_str_body_1': '', 'round_1_sig_str_body_2': '', 'round_1_sig_str_leg_1': '8 of 24', 'round_1_sig_str_leg_2': '4 of 19', 'round_1_sig_str_dist_1': '33%', 'round_1_sig_str_dist_2': '21%', 'round_1_sig_str_clinch_1': '3 of 15', 'round_1_sig_str_clinch_2': '2 of 15', 'round_1_sig_str_ground_1': '2 of 2', 'round_1_sig_str_ground_2': '1 of 3'}","{'round_2_sig_str_head_1': '', 'round_2_sig_str_head_2': '', 'round_2_sig_str_body_1': '', 'round_2_sig_str_body_2': '', 'round_2_sig_str_leg_1': '8 of 24', 'round_2_sig_str_leg_2': '4 of 19', 'round_2_sig_str_dist_1': '33%', 'round_2_sig_str_dist_2': '21%', 'round_2_sig_str_clinch_1': '3 of 15', 'round_2_sig_str_clinch_2': '2 of 15', 'round_2_sig_str_ground_1': '2 of 2', 'round_2_sig_str_ground_2': '1 of 3'}","{'round_3_sig_str_head_1': '', 'round_3_sig_str_head_2': '', 'round_3_sig_str_body_1': '', 'round_3_sig_str_body_2': '', 'round_3_sig_str_leg_1': '8 of 24', 'round_3_sig_str_leg_2': '4 of 19', 'round_3_sig_str_dist_1': '33%', 'round_3_sig_str_dist_2': '21%', 'round_3_sig_str_clinch_1': '3 of 15', 'round_3_sig_str_clinch_2': '2 of 15', 'round_3_sig_str_ground_1': '2 of 2', 'round_3_sig_str_ground_2': '1 of 3'}","{'round_4_sig_str_head_1': '', 'round_4_sig_str_head_2': '', 'round_4_sig_str_body_1': '', 'round_4_sig_str_body_2': '', 'round_4_sig_str_leg_1': '8 of 24', 'round_4_sig_str_leg_2': '4 of 19', 'round_4_sig_str_dist_1': '33%', 'round_4_sig_str_dist_2': '21%', 'round_4_sig_str_clinch_1': '3 of 15', 'round_4_sig_str_clinch_2': '2 of 15', 'round_4_sig_str_ground_1': '2 of 2', 'round_4_sig_str_ground_2': '1 of 3'}","{'round_5_sig_str_head_1': '', 'round_5_sig_str_head_2': '', 'round_5_sig_str_body_1': '', 'round_5_sig_str_body_2': '', 'round_5_sig_str_leg_1': '8 of 24', 'round_5_sig_str_leg_2': '4 of 19', 'round_5_sig_str_dist_1': '33%', 'round_5_sig_str_dist_2': '21%', 'round_5_sig_str_clinch_1': '3 of 15', 'round_5_sig_str_clinch_2': '2 of 15', 'round_5_sig_str_ground_1': '2 of 2', 'round_5_sig_str_ground_2': '1 of 3'}",,,,,,,,,,,,,,,,,,
http://ufcstats.com/fight-details/b40e4deb48658851,"December 14, 2024","Tampa, Florida, USA",W,Davey Grant,"""Dangerous""",L,Ramon Taveras,"""The Savage""",Bantamweight Bout,Decision - Unanimous,,,,,Derek Cleary 28 - 29. Eric Colon 27 - 30. Christopher Edgehill 27 - 30.,,,,,0,0,147 of 290,69 of 156,50%,44%,147 of 290,69 of 156,0 of 1,0 of 0,0%,---,0,0,,,,,,,,,,,,,,,,,,,,,,,0,0,39 of 72,12 of 34,54%,35%,39 of 72,12 of 34,0 of 0,0 of 0,---,---,0,0,,,,,0,0,45 of 89,25 of 49,50%,51%,45 of 89,25 of 49,0 of 1,0 of 0,0%,---,0,0,,,,,0,0,63 of 129,32 of 73,48%,43%,63 of 129,32 of 73,0 of 0,0 of 0,---,---,0,0,,,,,,,,,,,,,,,,,,,,,,,,,,,,,,,,,,,,,,,,,,,,,,,,,,,,,,,,,,,,,,,,,,,,,,,,,,,,,,,,,,,,,,,,,,,0,0,147 of 290,69 of 156,50%,44%,147 of 290,69 of 156,0 of 1,0 of 0,0%,---,"{'round_1_sig_str_head_1': '', 'round_1_sig_str_head_2': '', 'round_1_sig_str_body_1': '', 'round_1_sig_str_body_2': '', 'round_1_sig_str_leg_1': '39 of 72', 'round_1_sig_str_leg_2': '12 of 34', 'round_1_sig_str_dist_1': '54%', 'round_1_sig_str_dist_2': '35%', 'round_1_sig_str_clinch_1': '5 of 28', 'round_1_sig_str_clinch_2': '10 of 32', 'round_1_sig_str_ground_1': '15 of 22', 'round_1_sig_str_ground_2': '2 of 2'}","{'round_2_sig_str_head_1': '', 'round_2_sig_str_head_2': '', 'round_2_sig_str_body_1': '', 'round_2_sig_str_body_2': '', 'round_2_sig_str_leg_1': '39 of 72', 'round_2_sig_str_leg_2': '12 of 34', 'round_2_sig_str_dist_1': '54%', 'round_2_sig_str_dist_2': '35%', 'round_2_sig_str_clinch_1': '5 of 28', 'round_2_sig_str_clinch_2': '10 of 32', 'round_2_sig_str_ground_1': '15 of 22', 'round_2_sig_str_ground_2': '2 of 2'}","{'round_3_sig_str_head_1': '', 'round_3_sig_str_head_2': '', 'round_3_sig_str_body_1': '', 'round_3_sig_str_body_2': '', 'round_3_sig_str_leg_1': '39 of 72', 'round_3_sig_str_leg_2': '12 of 34', 'round_3_sig_str_dist_1': '54%', 'round_3_sig_str_dist_2': '35%', 'round_3_sig_str_clinch_1': '5 of 28', 'round_3_sig_str_clinch_2': '10 of 32', 'round_3_sig_str_ground_1': '15 of 22', 'round_3_sig_str_ground_2': '2 of 2'}","{'round_4_sig_str_head_1': '', 'round_4_sig_str_head_2': '', 'round_4_sig_str_body_1': '', 'round_4_sig_str_body_2': '', 'round_4_sig_str_leg_1': '39 of 72', 'round_4_sig_str_leg_2': '12 of 34', 'round_4_sig_str_dist_1': '54%', 'round_4_sig_str_dist_2': '35%', 'round_4_sig_str_clinch_1': '5 of 28', 'round_4_sig_str_clinch_2': '10 of 32', 'round_4_sig_str_ground_1': '15 of 22', 'round_4_sig_str_ground_2': '2 of 2'}","{'round_5_sig_str_head_1': '', 'round_5_sig_str_head_2': '', 'round_5_sig_str_body_1': '', 'round_5_sig_str_body_2': '', 'round_5_sig_str_leg_1': '39 of 72', 'round_5_sig_str_leg_2': '12 of 34', 'round_5_sig_str_dist_1': '54%', 'round_5_sig_str_dist_2': '35%', 'round_5_sig_str_clinch_1': '5 of 28', 'round_5_sig_str_clinch_2': '10 of 32', 'round_5_sig_str_ground_1': '15 of 22', 'round_5_sig_str_ground_2': '2 of 2'}",,,,,,,,,,,,,,,,,,
http://ufcstats.com/fight-details/cf258c17234d649e,"December 14, 2024","Tampa, Florida, USA",L,Miles Johns,"""Chapo""",W,Felipe Lima,"""Jungle Boy""",Featherweight Bout,Decision - Unanimous,,,,,Troy Wincapaw 27 - 30. Chris Lee 27 - 30. Sal D'amato 27 - 30.,,,,,0,0,31 of 137,55 of 134,22%,41%,35 of 143,60 of 140,0 of 1,2 of 5,0%,40%,0,1,,,,,,,,,,,,,,,,,,,,,,,0,0,12 of 43,20 of 48,27%,41%,12 of 43,20 of 48,0 of 0,0 of 1,---,0%,0,0,,,,,0,0,15 of 61,24 of 58,24%,41%,18 of 65,27 of 61,0 of 1,1 of 1,0%,100%,0,0,,,,,0,0,4 of 33,11 of 28,12%,39%,5 of 35,13 of 31,0 of 0,1 of 3,---,33%,0,1,,,,,,,,,,,,,,,,,,,,,,,,,,,,,,,,,,,,,,,,,,,,,,,,,,,,,,,,,,,,,,,,,,,,,,,,,,,,,,,,,,,,,,,,,,,0,0,31 of 137,55 of 134,22%,41%,35 of 143,60 of 140,0 of 1,2 of 5,0%,40%,"{'round_1_sig_str_head_1': '', 'round_1_sig_str_head_2': '', 'round_1_sig_str_body_1': '', 'round_1_sig_str_body_2': '', 'round_1_sig_str_leg_1': '12 of 43', 'round_1_sig_str_leg_2': '20 of 48', 'round_1_sig_str_dist_1': '27%', 'round_1_sig_str_dist_2': '41%', 'round_1_sig_str_clinch_1': '9 of 39', 'round_1_sig_str_clinch_2': '13 of 34', 'round_1_sig_str_ground_1': '2 of 2', 'round_1_sig_str_ground_2': '4 of 5'}","{'round_2_sig_str_head_1': '', 'round_2_sig_str_head_2': '', 'round_2_sig_str_body_1': '', 'round_2_sig_str_body_2': '', 'round_2_sig_str_leg_1': '12 of 43', 'round_2_sig_str_leg_2': '20 of 48', 'round_2_sig_str_dist_1': '27%', 'round_2_sig_str_dist_2': '41%', 'round_2_sig_str_clinch_1': '9 of 39', 'round_2_sig_str_clinch_2': '13 of 34', 'round_2_sig_str_ground_1': '2 of 2', 'round_2_sig_str_ground_2': '4 of 5'}","{'round_3_sig_str_head_1': '', 'round_3_sig_str_head_2': '', 'round_3_sig_str_body_1': '', 'round_3_sig_str_body_2': '', 'round_3_sig_str_leg_1': '12 of 43', 'round_3_sig_str_leg_2': '20 of 48', 'round_3_sig_str_dist_1': '27%', 'round_3_sig_str_dist_2': '41%', 'round_3_sig_str_clinch_1': '9 of 39', 'round_3_sig_str_clinch_2': '13 of 34', 'round_3_sig_str_ground_1': '2 of 2', 'round_3_sig_str_ground_2': '4 of 5'}","{'round_4_sig_str_head_1': '', 'round_4_sig_str_head_2': '', 'round_4_sig_str_body_1': '', 'round_4_sig_str_body_2': '', 'round_4_sig_str_leg_1': '12 of 43', 'round_4_sig_str_leg_2': '20 of 48', 'round_4_sig_str_dist_1': '27%', 'round_4_sig_str_dist_2': '41%', 'round_4_sig_str_clinch_1': '9 of 39', 'round_4_sig_str_clinch_2': '13 of 34', 'round_4_sig_str_ground_1': '2 of 2', 'round_4_sig_str_ground_2': '4 of 5'}","{'round_5_sig_str_head_1': '', 'round_5_sig_str_head_2': '', 'round_5_sig_str_body_1': '', 'round_5_sig_str_body_2': '', 'round_5_sig_str_leg_1': '12 of 43', 'round_5_sig_str_leg_2': '20 of 48', 'round_5_sig_str_dist_1': '27%', 'round_5_sig_str_dist_2': '41%', 'round_5_sig_str_clinch_1': '9 of 39', 'round_5_sig_str_clinch_2': '13 of 34', 'round_5_sig_str_ground_1': '2 of 2', 'round_5_sig_str_ground_2': '4 of 5'}",,,,,,,,,,,,,,,,,,
http://ufcstats.com/fight-details/365e2d891b98b86d,"February 15, 2025","Las Vegas, Nevada, USA",W,Jared Cannonier,"""The Killa Gorilla""",L,Gregory Rodrigues,"""Robocop""",,KO/TKO,,,,,Punches to Head At Distance,,,,,2,2,98 of 201,93 of 221,48%,42%,109 of 215,95 of 225,1 of 3,0 of 3,33%,0%,0,0,,,,,,,,,,,,,,,,,,,,,,,0,2,22 of 38,25 of 66,57%,37%,31 of 49,26 of 68,1 of 1,0 of 1,100%,0%,0,0,,,,,0,0,33 of 72,25 of 68,45%,36%,35 of 74,26 of 70,0 of 1,0 of 0,0%,---,0,0,,,,,1,0,34 of 78,43 of 87,43%,49%,34 of 79,43 of 87,0 of 1,0 of 2,0%,0%,0,0,,,,,,,,,,,,,,,,,,,,,,,,,,,,,,,,,,,,,,,,,,,,,,,,,,,,,,,,,,,,,,,,,,,,,,,,,,,,,,,,,,,,,,,,,,,2,2,98 of 201,93 of 221,48%,42%,109 of 215,95 of 225,1 of 3,0 of 3,33%,0%,"{'round_1_sig_str_head_1': '', 'round_1_sig_str_head_2': '', 'round_1_sig_str_body_1': '', 'round_1_sig_str_body_2': '', 'round_1_sig_str_leg_1': '22 of 38', 'round_1_sig_str_leg_2': '25 of 66', 'round_1_sig_str_dist_1': '57%', 'round_1_sig_str_dist_2': '37%', 'round_1_sig_str_clinch_1': '10 of 25', 'round_1_sig_str_clinch_2': '16 of 53', 'round_1_sig_str_ground_1': '5 of 5', 'round_1_sig_str_ground_2': '8 of 11'}","{'round_2_sig_str_head_1': '', 'round_2_sig_str_head_2': '', 'round_2_sig_str_body_1': '', 'round_2_sig_str_body_2': '', 'round_2_sig_str_leg_1': '22 of 38', 'round_2_sig_str_leg_2': '25 of 66', 'round_2_sig_str_dist_1': '57%', 'round_2_sig_str_dist_2': '37%', 'round_2_sig_str_clinch_1': '10 of 25', 'round_2_sig_str_clinch_2': '16 of 53', 'round_2_sig_str_ground_1': '5 of 5', 'round_2_sig_str_ground_2': '8 of 11'}","{'round_3_sig_str_head_1': '', 'round_3_sig_str_head_2': '', 'round_3_sig_str_body_1': '', 'round_3_sig_str_body_2': '', 'round_3_sig_str_leg_1': '22 of 38', 'round_3_sig_str_leg_2': '25 of 66', 'round_3_sig_str_dist_1': '57%', 'round_3_sig_str_dist_2': '37%', 'round_3_sig_str_clinch_1': '10 of 25', 'round_3_sig_str_clinch_2': '16 of 53', 'round_3_sig_str_ground_1': '5 of 5', 'round_3_sig_str_ground_2': '8 of 11'}","{'round_4_sig_str_head_1': '', 'round_4_sig_str_head_2': '', 'round_4_sig_str_body_1': '', 'round_4_sig_str_body_2': '', 'round_4_sig_str_leg_1': '22 of 38', 'round_4_sig_str_leg_2': '25 of 66', 'round_4_sig_str_dist_1': '57%', 'round_4_sig_str_dist_2': '37%', 'round_4_sig_str_clinch_1': '10 of 25', 'round_4_sig_str_clinch_2': '16 of 53', 'round_4_sig_str_ground_1': '5 of 5', 'round_4_sig_str_ground_2': '8 of 11'}","{'round_5_sig_str_head_1': '', 'round_5_sig_str_head_2': '', 'round_5_sig_str_body_1': '', 'round_5_sig_str_body_2': '', 'round_5_sig_str_leg_1': '22 of 38', 'round_5_sig_str_leg_2': '25 of 66', 'round_5_sig_str_dist_1': '57%', 'round_5_sig_str_dist_2': '37%', 'round_5_sig_str_clinch_1': '10 of 25', 'round_5_sig_str_clinch_2': '16 of 53', 'round_5_sig_str_ground_1': '5 of 5', 'round_5_sig_str_ground_2': '8 of 11'}",,,,,1,0,9 of 13,0 of 0,69%,---,9 of 13,0 of 0,0 of 0,0 of 0,---,---,0,0
http://ufcstats.com/fight-details/ebeeed2595266bbc,"December 14, 2024","Tampa, Florida, USA",W,Sean Woodson,"""The Sniper""",L,Fernando Padilla,"""El Valiente""",Featherweight Bout,KO/TKO,,,,,Punches to Head At Distance,,,,,1,0,38 of 71,22 of 69,53%,31%,38 of 71,24 of 72,0 of 0,0 of 0,---,---,0,0,,,,,,,,,,,,,,,,,,,,,,,1,0,38 of 71,22 of 69,53%,31%,38 of 71,24 of 72,0 of 0,0 of 0,---,---,0,0,,,,,,,,,,,,,,,,,,,,,,,,,,,,,,,,,,,,,,,,,,,,,,,,,,,,,,,,,,,,,,,,,,,,,,,,,,,,,,,,,,,,,,,,,,,,,,,,,,,,,,,,,,,,,,,,,,,,,,,,,,,,,,,1,0,38 of 71,22 of 69,53%,31%,38 of 71,24 of 72,0 of 0,0 of 0,---,---,"{'round_1_sig_str_head_1': '', 'round_1_sig_str_head_2': '', 'round_1_sig_str_body_1': '', 'round_1_sig_str_body_2': '', 'round_1_sig_str_leg_1': '38 of 71', 'round_1_sig_str_leg_2': '22 of 69', 'round_1_sig_str_dist_1': '53%', 'round_1_sig_str_dist_2': '31%', 'round_1_sig_str_clinch_1': '35 of 64', 'round_1_sig_str_clinch_2': '14 of 59', 'round_1_sig_str_ground_1': '0 of 3', 'round_1_sig_str_ground_2': '4 of 6'}","{'round_2_sig_str_head_1': '', 'round_2_sig_str_head_2': '', 'round_2_sig_str_body_1': '', 'round_2_sig_str_body_2': '', 'round_2_sig_str_leg_1': '38 of 71', 'round_2_sig_str_leg_2': '22 of 69', 'round_2_sig_str_dist_1': '53%', 'round_2_sig_str_dist_2': '31%', 'round_2_sig_str_clinch_1': '35 of 64', 'round_2_sig_str_clinch_2': '14 of 59', 'round_2_sig_str_ground_1': '0 of 3', 'round_2_sig_str_ground_2': '4 of 6'}","{'round_3_sig_str_head_1': '', 'round_3_sig_str_head_2': '', 'round_3_sig_str_body_1': '', 'round_3_sig_str_body_2': '', 'round_3_sig_str_leg_1': '38 of 71', 'round_3_sig_str_leg_2': '22 of 69', 'round_3_sig_str_dist_1': '53%', 'round_3_sig_str_dist_2': '31%', 'round_3_sig_str_clinch_1': '35 of 64', 'round_3_sig_str_clinch_2': '14 of 59', 'round_3_sig_str_ground_1': '0 of 3', 'round_3_sig_str_ground_2': '4 of 6'}","{'round_4_sig_str_head_1': '', 'round_4_sig_str_head_2': '', 'round_4_sig_str_body_1': '', 'round_4_sig_str_body_2': '', 'round_4_sig_str_leg_1': '38 of 71', 'round_4_sig_str_leg_2': '22 of 69', 'round_4_sig_str_dist_1': '53%', 'round_4_sig_str_dist_2': '31%', 'round_4_sig_str_clinch_1': '35 of 64', 'round_4_sig_str_clinch_2': '14 of 59', 'round_4_sig_str_ground_1': '0 of 3', 'round_4_sig_str_ground_2': '4 of 6'}","{'round_5_sig_str_head_1': '', 'round_5_sig_str_head_2': '', 'round_5_sig_str_body_1': '', 'round_5_sig_str_body_2': '', 'round_5_sig_str_leg_1': '38 of 71', 'round_5_sig_str_leg_2': '22 of 69', 'round_5_sig_str_dist_1': '53%', 'round_5_sig_str_dist_2': '31%', 'round_5_sig_str_clinch_1': '35 of 64', 'round_5_sig_str_clinch_2': '14 of 59', 'round_5_sig_str_ground_1': '0 of 3', 'round_5_sig_str_ground_2': '4 of 6'}",,,,,,,,,,,,,,,,,,
http://ufcstats.com/fight-details/2b6a75175bbca4e9,"December 14, 2024","Tampa, Florida, USA",W,Navajo Stirling,,L,Tuco Tokkos,,Light Heavyweight Bout,Decision - Unanimous,,,,,Jason Grenier 27 - 30. Eric Colon 27 - 30. Derek Cleary 27 - 30.,,,,,0,0,78 of 155,32 of 90,50%,35%,99 of 181,34 of 93,0 of 0,3 of 9,---,33%,0,0,,,,,,,,,,,,,,,,,,,,,,,0,0,21 of 57,10 of 24,36%,41%,24 of 62,10 of 24,0 of 0,0 of 2,---,0%,0,0,,,,,0,0,22 of 35,10 of 35,62%,28%,25 of 39,12 of 37,0 of 0,3 of 5,---,60%,0,0,,,,,0,0,35 of 63,12 of 31,55%,38%,50 of 80,12 of 32,0 of 0,0 of 2,---,0%,0,0,,,,,,,,,,,,,,,,,,,,,,,,,,,,,,,,,,,,,,,,,,,,,,,,,,,,,,,,,,,,,,,,,,,,,,,,,,,,,,,,,,,,,,,,,,,0,0,78 of 155,32 of 90,50%,35%,99 of 181,34 of 93,0 of 0,3 of 9,---,33%,"{'round_1_sig_str_head_1': '', 'round_1_sig_str_head_2': '', 'round_1_sig_str_body_1': '', 'round_1_sig_str_body_2': '', 'round_1_sig_str_leg_1': '21 of 57', 'round_1_sig_str_leg_2': '10 of 24', 'round_1_sig_str_dist_1': '36%', 'round_1_sig_str_dist_2': '41%', 'round_1_sig_str_clinch_1': '8 of 35', 'round_1_sig_str_clinch_2': '3 of 14', 'round_1_sig_str_ground_1': '9 of 15', 'round_1_sig_str_ground_2': '3 of 3'}","{'round_2_sig_str_head_1': '', 'round_2_sig_str_head_2': '', 'round_2_sig_str_body_1': '', 'round_2_sig_str_body_2': '', 'round_2_sig_str_leg_1': '21 of 57', 'round_2_sig_str_leg_2': '10 of 24', 'round_2_sig_str_dist_1': '36%', 'round_2_sig_str_dist_2': '41%', 'round_2_sig_str_clinch_1': '8 of 35', 'round_2_sig_str_clinch_2': '3 of 14', 'round_2_sig_str_ground_1': '9 of 15', 'round_2_sig_str_ground_2': '3 of 3'}","{'round_3_sig_str_head_1': '', 'round_3_sig_str_head_2': '', 'round_3_sig_str_body_1': '', 'round_3_sig_str_body_2': '', 'round_3_sig_str_leg_1': '21 of 57', 'round_3_sig_str_leg_2': '10 of 24', 'round_3_sig_str_dist_1': '36%', 'round_3_sig_str_dist_2': '41%', 'round_3_sig_str_clinch_1': '8 of 35', 'round_3_sig_str_clinch_2': '3 of 14', 'round_3_sig_str_ground_1': '9 of 15', 'round_3_sig_str_ground_2': '3 of 3'}","{'round_4_sig_str_head_1': '', 'round_4_sig_str_head_2': '', 'round_4_sig_str_body_1': '', 'round_4_sig_str_body_2': '', 'round_4_sig_str_leg_1': '21 of 57', 'round_4_sig_str_leg_2': '10 of 24', 'round_4_sig_str_dist_1': '36%', 'round_4_sig_str_dist_2': '41%', 'round_4_sig_str_clinch_1': '8 of 35', 'round_4_sig_str_clinch_2': '3 of 14', 'round_4_sig_str_ground_1': '9 of 15', 'round_4_sig_str_ground_2': '3 of 3'}","{'round_5_sig_str_head_1': '', 'round_5_sig_str_head_2': '', 'round_5_sig_str_body_1': '', 'round_5_sig_str_body_2': '', 'round_5_sig_str_leg_1': '21 of 57', 'round_5_sig_str_leg_2': '10 of 24', 'round_5_sig_str_dist_1': '36%', 'round_5_sig_str_dist_2': '41%', 'round_5_sig_str_clinch_1': '8 of 35', 'round_5_sig_str_clinch_2': '3 of 14', 'round_5_sig_str_ground_1': '9 of 15', 'round_5_sig_str_ground_2': '3 of 3'}",,,,,,,,,,,,,,,,,,
http://ufcstats.com/fight-details/5238f6470d0557fb,"December 14, 2024","Tampa, Florida, USA",L,Adrian Yanez,,W,Daniel Marcos,"""Soncora""",Bantamweight Bout,Decision - Split,,,,,Derek Cleary 27 - 30. Chris Lee 29 - 28. Eric Colon 28 - 29.,,,,,0,0,79 of 183,86 of 147,43%,58%,85 of 189,95 of 156,0 of 1,2 of 4,0%,50%,0,0,,,,,,,,,,,,,,,,,,,,,,,0,0,24 of 55,29 of 46,43%,63%,29 of 60,30 of 47,0 of 0,0 of 0,---,---,0,0,,,,,0,0,41 of 98,39 of 70,41%,55%,41 of 98,39 of 70,0 of 0,0 of 2,---,0%,0,0,,,,,0,0,14 of 30,18 of 31,46%,58%,15 of 31,26 of 39,0 of 1,2 of 2,0%,100%,0,0,,,,,,,,,,,,,,,,,,,,,,,,,,,,,,,,,,,,,,,,,,,,,,,,,,,,,,,,,,,,,,,,,,,,,,,,,,,,,,,,,,,,,,,,,,,0,0,79 of 183,86 of 147,43%,58%,85 of 189,95 of 156,0 of 1,2 of 4,0%,50%,"{'round_1_sig_str_head_1': '', 'round_1_sig_str_head_2': '', 'round_1_sig_str_body_1': '', 'round_1_sig_str_body_2': '', 'round_1_sig_str_leg_1': '24 of 55', 'round_1_sig_str_leg_2': '29 of 46', 'round_1_sig_str_dist_1': '43%', 'round_1_sig_str_dist_2': '63%', 'round_1_sig_str_clinch_1': '15 of 46', 'round_1_sig_str_clinch_2': '14 of 30', 'round_1_sig_str_ground_1': '2 of 2', 'round_1_sig_str_ground_2': '4 of 5'}","{'round_2_sig_str_head_1': '', 'round_2_sig_str_head_2': '', 'round_2_sig_str_body_1': '', 'round_2_sig_str_body_2': '', 'round_2_sig_str_leg_1': '24 of 55', 'round_2_sig_str_leg_2': '29 of 46', 'round_2_sig_str_dist_1': '43%', 'round_2_sig_str_dist_2': '63%', 'round_2_sig_str_clinch_1': '15 of 46', 'round_2_sig_str_clinch_2': '14 of 30', 'round_2_sig_str_ground_1': '2 of 2', 'round_2_sig_str_ground_2': '4 of 5'}","{'round_3_sig_str_head_1': '', 'round_3_sig_str_head_2': '', 'round_3_sig_str_body_1': '', 'round_3_sig_str_body_2': '', 'round_3_sig_str_leg_1': '24 of 55', 'round_3_sig_str_leg_2': '29 of 46', 'round_3_sig_str_dist_1': '43%', 'round_3_sig_str_dist_2': '63%', 'round_3_sig_str_clinch_1': '15 of 46', 'round_3_sig_str_clinch_2': '14 of 30', 'round_3_sig_str_ground_1': '2 of 2', 'round_3_sig_str_ground_2': '4 of 5'}","{'round_4_sig_str_head_1': '', 'round_4_sig_str_head_2': '', 'round_4_sig_str_body_1': '', 'round_4_sig_str_body_2': '', 'round_4_sig_str_leg_1': '24 of 55', 'round_4_sig_str_leg_2': '29 of 46', 'round_4_sig_str_dist_1': '43%', 'round_4_sig_str_dist_2': '63%', 'round_4_sig_str_clinch_1': '15 of 46', 'round_4_sig_str_clinch_2': '14 of 30', 'round_4_sig_str_ground_1': '2 of 2', 'round_4_sig_str_ground_2': '4 of 5'}","{'round_5_sig_str_head_1': '', 'round_5_sig_str_head_2': '', 'round_5_sig_str_body_1': '', 'round_5_sig_str_body_2': '', 'round_5_sig_str_leg_1': '24 of 55', 'round_5_sig_str_leg_2': '29 of 46', 'round_5_sig_str_dist_1': '43%', 'round_5_sig_str_dist_2': '63%', 'round_5_sig_str_clinch_1': '15 of 46', 'round_5_sig_str_clinch_2': '14 of 30', 'round_5_sig_str_ground_1': '2 of 2', 'round_5_sig_str_ground_2': '4 of 5'}",,,,,,,,,,,,,,,,,,
http://ufcstats.com/fight-details/9c24c03131d5b49a,"December 14, 2024","Tampa, Florida, USA",W,Michael Johnson,"""The Menace""",L,Ottman Azaitar,"""Bulldozer""",,KO/TKO,,,,,Punch to Head At Distance,,,,,1,0,19 of 50,16 of 56,38%,28%,19 of 50,20 of 61,0 of 1,0 of 0,0%,---,0,0,,,,,,,,,,,,,,,,,,,,,,,0,0,11 of 31,10 of 37,35%,27%,11 of 31,14 of 42,0 of 1,0 of 0,0%,---,0,0,,,,,1,0,8 of 19,6 of 19,42%,31%,8 of 19,6 of 19,0 of 0,0 of 0,---,---,0,0,,,,,,,,,,,,,,,,,,,,,,,,,,,,,,,,,,,,,,,,,,,,,,,,,,,,,,,,,,,,,,,,,,,,,,,,,,,,,,,,,,,,,,,,,,,,,,,,,,,,,,,,,,,,,1,0,19 of 50,16 of 56,38%,28%,19 of 50,20 of 61,0 of 1,0 of 0,0%,---,"{'round_1_sig_str_head_1': '', 'round_1_sig_str_head_2': '', 'round_1_sig_str_body_1': '', 'round_1_sig_str_body_2': '', 'round_1_sig_str_leg_1': '11 of 31', 'round_1_sig_str_leg_2': '10 of 37', 'round_1_sig_str_dist_1': '35%', 'round_1_sig_str_dist_2': '27%', 'round_1_sig_str_clinch_1': '6 of 21', 'round_1_sig_str_clinch_2': '5 of 25', 'round_1_sig_str_ground_1': '3 of 6', 'round_1_sig_str_ground_2': '5 of 9'}","{'round_2_sig_str_head_1': '', 'round_2_sig_str_head_2': '', 'round_2_sig_str_body_1': '', 'round_2_sig_str_body_2': '', 'round_2_sig_str_leg_1': '11 of 31', 'round_2_sig_str_leg_2': '10 of 37', 'round_2_sig_str_dist_1': '35%', 'round_2_sig_str_dist_2': '27%', 'round_2_sig_str_clinch_1': '6 of 21', 'round_2_sig_str_clinch_2': '5 of 25', 'round_2_sig_str_ground_1': '3 of 6', 'round_2_sig_str_ground_2': '5 of 9'}","{'round_3_sig_str_head_1': '', 'round_3_sig_str_head_2': '', 'round_3_sig_str_body_1': '', 'round_3_sig_str_body_2': '', 'round_3_sig_str_leg_1': '11 of 31', 'round_3_sig_str_leg_2': '10 of 37', 'round_3_sig_str_dist_1': '35%', 'round_3_sig_str_dist_2': '27%', 'round_3_sig_str_clinch_1': '6 of 21', 'round_3_sig_str_clinch_2': '5 of 25', 'round_3_sig_str_ground_1': '3 of 6', 'round_3_sig_str_ground_2': '5 of 9'}","{'round_4_sig_str_head_1': '', 'round_4_sig_str_head_2': '', 'round_4_sig_str_body_1': '', 'round_4_sig_str_body_2': '', 'round_4_sig_str_leg_1': '11 of 31', 'round_4_sig_str_leg_2': '10 of 37', 'round_4_sig_str_dist_1': '35%', 'round_4_sig_str_dist_2': '27%', 'round_4_sig_str_clinch_1': '6 of 21', 'round_4_sig_str_clinch_2': '5 of 25', 'round_4_sig_str_ground_1': '3 of 6', 'round_4_sig_str_ground_2': '5 of 9'}","{'round_5_sig_str_head_1': '', 'round_5_sig_str_head_2': '', 'round_5_sig_str_body_1': '', 'round_5_sig_str_body_2': '', 'round_5_sig_str_leg_1': '11 of 31', 'round_5_sig_str_leg_2': '10 of 37', 'round_5_sig_str_dist_1': '35%', 'round_5_sig_str_dist_2': '27%', 'round_5_sig_str_clinch_1': '6 of 21', 'round_5_sig_str_clinch_2': '5 of 25', 'round_5_sig_str_ground_1': '3 of 6', 'round_5_sig_str_ground_2': '5 of 9'}",,,,,,,,,,,,,,,,,,
http://ufcstats.com/fight-details/b0be38110c2d8b84,"December 14, 2024","Tampa, Florida, USA",W,Joel Alvarez,"""El Fenomeno""",L,Drakkar Klose,,Lightweight Bout,KO/TKO,,,,,Knee to Head At Distance,,,,,0,0,20 of 24,7 of 13,83%,53%,39 of 44,16 of 23,0 of 0,1 of 1,---,100%,0,0,,,,,,,,,,,,,,,,,,,,,,,0,0,20 of 24,7 of 13,83%,53%,39 of 44,16 of 23,0 of 0,1 of 1,---,100%,0,0,,,,,,,,,,,,,,,,,,,,,,,,,,,,,,,,,,,,,,,,,,,,,,,,,,,,,,,,,,,,,,,,,,,,,,,,,,,,,,,,,,,,,,,,,,,,,,,,,,,,,,,,,,,,,,,,,,,,,,,,,,,,,,,0,0,20 of 24,7 of 13,83%,53%,39 of 44,16 of 23,0 of 0,1 of 1,---,100%,"{'round_1_sig_str_head_1': '', 'round_1_sig_str_head_2': '', 'round_1_sig_str_body_1': '', 'round_1_sig_str_body_2': '', 'round_1_sig_str_leg_1': '20 of 24', 'round_1_sig_str_leg_2': '7 of 13', 'round_1_sig_str_dist_1': '83%', 'round_1_sig_str_dist_2': '53%', 'round_1_sig_str_clinch_1': '15 of 19', 'round_1_sig_str_clinch_2': '1 of 6', 'round_1_sig_str_ground_1': '4 of 4', 'round_1_sig_str_ground_2': '2 of 3'}","{'round_2_sig_str_head_1': '', 'round_2_sig_str_head_2': '', 'round_2_sig_str_body_1': '', 'round_2_sig_str_body_2': '', 'round_2_sig_str_leg_1': '20 of 24', 'round_2_sig_str_leg_2': '7 of 13', 'round_2_sig_str_dist_1': '83%', 'round_2_sig_str_dist_2': '53%', 'round_2_sig_str_clinch_1': '15 of 19', 'round_2_sig_str_clinch_2': '1 of 6', 'round_2_sig_str_ground_1': '4 of 4', 'round_2_sig_str_ground_2': '2 of 3'}","{'round_3_sig_str_head_1': '', 'round_3_sig_str_head_2': '', 'round_3_sig_str_body_1': '', 'round_3_sig_str_body_2': '', 'round_3_sig_str_leg_1': '20 of 24', 'round_3_sig_str_leg_2': '7 of 13', 'round_3_sig_str_dist_1': '83%', 'round_3_sig_str_dist_2': '53%', 'round_3_sig_str_clinch_1': '15 of 19', 'round_3_sig_str_clinch_2': '1 of 6', 'round_3_sig_str_ground_1': '4 of 4', 'round_3_sig_str_ground_2': '2 of 3'}","{'round_4_sig_str_head_1': '', 'round_4_sig_str_head_2': '', 'round_4_sig_str_body_1': '', 'round_4_sig_str_body_2': '', 'round_4_sig_str_leg_1': '20 of 24', 'round_4_sig_str_leg_2': '7 of 13', 'round_4_sig_str_dist_1': '83%', 'round_4_sig_str_dist_2': '53%', 'round_4_sig_str_clinch_1': '15 of 19', 'round_4_sig_str_clinch_2': '1 of 6', 'round_4_sig_str_ground_1': '4 of 4', 'round_4_sig_str_ground_2': '2 of 3'}","{'round_5_sig_str_head_1': '', 'round_5_sig_str_head_2': '', 'round_5_sig_str_body_1': '', 'round_5_sig_str_body_2': '', 'round_5_sig_str_leg_1': '20 of 24', 'round_5_sig_str_leg_2': '7 of 13', 'round_5_sig_str_dist_1': '83%', 'round_5_sig_str_dist_2': '53%', 'round_5_sig_str_clinch_1': '15 of 19', 'round_5_sig_str_clinch_2': '1 of 6', 'round_5_sig_str_ground_1': '4 of 4', 'round_5_sig_str_ground_2': '2 of 3'}",,,,,,,,,,,,,,,,,,
http://ufcstats.com/fight-details/7b1bc4ff776f12c1,"December 14, 2024","Tampa, Florida, USA",L,Vitor Petrino,,W,Dustin Jacoby,"""The Hanyak""",,KO/TKO,,,,,Punch to Head At Distance,,,,,0,1,40 of 96,45 of 96,41%,46%,40 of 96,47 of 100,0 of 4,0 of 0,0%,---,0,0,,,,,,,,,,,,,,,,,,,,,,,0,0,10 of 26,12 of 32,38%,37%,10 of 26,12 of 32,0 of 1,0 of 0,0%,---,0,0,,,,,0,0,19 of 47,18 of 36,40%,50%,19 of 47,18 of 36,0 of 0,0 of 0,---,---,0,0,,,,,0,1,11 of 23,15 of 28,47%,53%,11 of 23,17 of 32,0 of 3,0 of 0,0%,---,0,0,,,,,,,,,,,,,,,,,,,,,,,,,,,,,,,,,,,,,,,,,,,,,,,,,,,,,,,,,,,,,,,,,,,,,,,,,,,,,,,,,,,,,,,,,,,0,1,40 of 96,45 of 96,41%,46%,40 of 96,47 of 100,0 of 4,0 of 0,0%,---,"{'round_1_sig_str_head_1': '', 'round_1_sig_str_head_2': '', 'round_1_sig_str_body_1': '', 'round_1_sig_str_body_2': '', 'round_1_sig_str_leg_1': '10 of 26', 'round_1_sig_str_leg_2': '12 of 32', 'round_1_sig_str_dist_1': '38%', 'round_1_sig_str_dist_2': '37%', 'round_1_sig_str_clinch_1': '5 of 19', 'round_1_sig_str_clinch_2': '5 of 22', 'round_1_sig_str_ground_1': '2 of 2', 'round_1_sig_str_ground_2': '1 of 2'}","{'round_2_sig_str_head_1': '', 'round_2_sig_str_head_2': '', 'round_2_sig_str_body_1': '', 'round_2_sig_str_body_2': '', 'round_2_sig_str_leg_1': '10 of 26', 'round_2_sig_str_leg_2': '12 of 32', 'round_2_sig_str_dist_1': '38%', 'round_2_sig_str_dist_2': '37%', 'round_2_sig_str_clinch_1': '5 of 19', 'round_2_sig_str_clinch_2': '5 of 22', 'round_2_sig_str_ground_1': '2 of 2', 'round_2_sig_str_ground_2': '1 of 2'}","{'round_3_sig_str_head_1': '', 'round_3_sig_str_head_2': '', 'round_3_sig_str_body_1': '', 'round_3_sig_str_body_2': '', 'round_3_sig_str_leg_1': '10 of 26', 'round_3_sig_str_leg_2': '12 of 32', 'round_3_sig_str_dist_1': '38%', 'round_3_sig_str_dist_2': '37%', 'round_3_sig_str_clinch_1': '5 of 19', 'round_3_sig_str_clinch_2': '5 of 22', 'round_3_sig_str_ground_1': '2 of 2', 'round_3_sig_str_ground_2': '1 of 2'}","{'round_4_sig_str_head_1': '', 'round_4_sig_str_head_2': '', 'round_4_sig_str_body_1': '', 'round_4_sig_str_body_2': '', 'round_4_sig_str_leg_1': '10 of 26', 'round_4_sig_str_leg_2': '12 of 32', 'round_4_sig_str_dist_1': '38%', 'round_4_sig_str_dist_2': '37%', 'round_4_sig_str_clinch_1': '5 of 19', 'round_4_sig_str_clinch_2': '5 of 22', 'round_4_sig_str_ground_1': '2 of 2', 'round_4_sig_str_ground_2': '1 of 2'}","{'round_5_sig_str_head_1': '', 'round_5_sig_str_head_2': '', 'round_5_sig_str_body_1': '', 'round_5_sig_str_body_2': '', 'round_5_sig_str_leg_1': '10 of 26', 'round_5_sig_str_leg_2': '12 of 32', 'round_5_sig_str_dist_1': '38%', 'round_5_sig_str_dist_2': '37%', 'round_5_sig_str_clinch_1': '5 of 19', 'round_5_sig_str_clinch_2': '5 of 22', 'round_5_sig_str_ground_1': '2 of 2', 'round_5_sig_str_ground_2': '1 of 2'}",,,,,,,,,,,,,,,,,,
http://ufcstats.com/fight-details/7521015554088962,"December 14, 2024","Tampa, Florida, USA",W,Cub Swanson,,L,Billy Quarantillo,,,KO/TKO,,,,,Punch to Head At Distance,,,,,1,0,99 of 158,97 of 237,62%,40%,114 of 173,108 of 249,0 of 0,3 of 11,---,27%,0,0,,,,,,,,,,,,,,,,,,,,,,,0,0,39 of 57,37 of 88,68%,42%,40 of 58,37 of 88,0 of 0,1 of 3,---,33%,0,0,,,,,0,0,40 of 69,38 of 105,57%,36%,54 of 83,49 of 117,0 of 0,2 of 5,---,40%,0,0,,,,,1,0,20 of 32,22 of 44,62%,50%,20 of 32,22 of 44,0 of 0,0 of 3,---,0%,0,0,,,,,,,,,,,,,,,,,,,,,,,,,,,,,,,,,,,,,,,,,,,,,,,,,,,,,,,,,,,,,,,,,,,,,,,,,,,,,,,,,,,,,,,,,,,1,0,99 of 158,97 of 237,62%,40%,114 of 173,108 of 249,0 of 0,3 of 11,---,27%,"{'round_1_sig_str_head_1': '', 'round_1_sig_str_head_2': '', 'round_1_sig_str_body_1': '', 'round_1_sig_str_body_2': '', 'round_1_sig_str_leg_1': '39 of 57', 'round_1_sig_str_leg_2': '37 of 88', 'round_1_sig_str_dist_1': '68%', 'round_1_sig_str_dist_2': '42%', 'round_1_sig_str_clinch_1': '23 of 38', 'round_1_sig_str_clinch_2': '22 of 66', 'round_1_sig_str_ground_1': '7 of 10', 'round_1_sig_str_ground_2': '6 of 10'}","{'round_2_sig_str_head_1': '', 'round_2_sig_str_head_2': '', 'round_2_sig_str_body_1': '', 'round_2_sig_str_body_2': '', 'round_2_sig_str_leg_1': '39 of 57', 'round_2_sig_str_leg_2': '37 of 88', 'round_2_sig_str_dist_1': '68%', 'round_2_sig_str_dist_2': '42%', 'round_2_sig_str_clinch_1': '23 of 38', 'round_2_sig_str_clinch_2': '22 of 66', 'round_2_sig_str_ground_1': '7 of 10', 'round_2_sig_str_ground_2': '6 of 10'}","{'round_3_sig_str_head_1': '', 'round_3_sig_str_head_2': '', 'round_3_sig_str_body_1': '', 'round_3_sig_str_body_2': '', 'round_3_sig_str_leg_1': '39 of 57', 'round_3_sig_str_leg_2': '37 of 88', 'round_3_sig_str_dist_1': '68%', 'round_3_sig_str_dist_2': '42%', 'round_3_sig_str_clinch_1': '23 of 38', 'round_3_sig_str_clinch_2': '22 of 66', 'round_3_sig_str_ground_1': '7 of 10', 'round_3_sig_str_ground_2': '6 of 10'}","{'round_4_sig_str_head_1': '', 'round_4_sig_str_head_2': '', 'round_4_sig_str_body_1': '', 'round_4_sig_str_body_2': '', 'round_4_sig_str_leg_1': '39 of 57', 'round_4_sig_str_leg_2': '37 of 88', 'round_4_sig_str_dist_1': '68%', 'round_4_sig_str_dist_2': '42%', 'round_4_sig_str_clinch_1': '23 of 38', 'round_4_sig_str_clinch_2': '22 of 66', 'round_4_sig_str_ground_1': '7 of 10', 'round_4_sig_str_ground_2': '6 of 10'}","{'round_5_sig_str_head_1': '', 'round_5_sig_str_head_2': '', 'round_5_sig_str_body_1': '', 'round_5_sig_str_body_2': '', 'round_5_sig_str_leg_1': '39 of 57', 'round_5_sig_str_leg_2': '37 of 88', 'round_5_sig_str_dist_1': '68%', 'round_5_sig_str_dist_2': '42%', 'round_5_sig_str_clinch_1': '23 of 38', 'round_5_sig_str_clinch_2': '22 of 66', 'round_5_sig_str_ground_1': '7 of 10', 'round_5_sig_str_ground_2': '6 of 10'}",,,,,,,,,,,,,,,,,,
http://ufcstats.com/fight-details/1a635a5e4551e7d5,"December 14, 2024","Tampa, Florida, USA",W,Manel Kape,"""StarBoy""",L,Bruno Silva,"""Bulldog""",Flyweight Bout,KO/TKO,,,,,Punches to Head At Distance,,,,,1,0,111 of 168,57 of 112,66%,50%,111 of 168,60 of 115,0 of 0,0 of 5,---,0%,0,0,,,,,,,,,,,,,,,,,,,,,,,0,0,32 of 48,19 of 34,66%,55%,32 of 48,21 of 36,0 of 0,0 of 2,---,0%,0,0,,,,,0,0,39 of 66,27 of 43,59%,62%,39 of 66,28 of 44,0 of 0,0 of 3,---,0%,0,0,,,,,1,0,40 of 54,11 of 35,74%,31%,40 of 54,11 of 35,0 of 0,0 of 0,---,---,0,0,,,,,,,,,,,,,,,,,,,,,,,,,,,,,,,,,,,,,,,,,,,,,,,,,,,,,,,,,,,,,,,,,,,,,,,,,,,,,,,,,,,,,,,,,,,1,0,111 of 168,57 of 112,66%,50%,111 of 168,60 of 115,0 of 0,0 of 5,---,0%,"{'round_1_sig_str_head_1': '', 'round_1_sig_str_head_2': '', 'round_1_sig_str_body_1': '', 'round_1_sig_str_body_2': '', 'round_1_sig_str_leg_1': '32 of 48', 'round_1_sig_str_leg_2': '19 of 34', 'round_1_sig_str_dist_1': '66%', 'round_1_sig_str_dist_2': '55%', 'round_1_sig_str_clinch_1': '21 of 37', 'round_1_sig_str_clinch_2': '7 of 18', 'round_1_sig_str_ground_1': '2 of 2', 'round_1_sig_str_ground_2': '10 of 14'}","{'round_2_sig_str_head_1': '', 'round_2_sig_str_head_2': '', 'round_2_sig_str_body_1': '', 'round_2_sig_str_body_2': '', 'round_2_sig_str_leg_1': '32 of 48', 'round_2_sig_str_leg_2': '19 of 34', 'round_2_sig_str_dist_1': '66%', 'round_2_sig_str_dist_2': '55%', 'round_2_sig_str_clinch_1': '21 of 37', 'round_2_sig_str_clinch_2': '7 of 18', 'round_2_sig_str_ground_1': '2 of 2', 'round_2_sig_str_ground_2': '10 of 14'}","{'round_3_sig_str_head_1': '', 'round_3_sig_str_head_2': '', 'round_3_sig_str_body_1': '', 'round_3_sig_str_body_2': '', 'round_3_sig_str_leg_1': '32 of 48', 'round_3_sig_str_leg_2': '19 of 34', 'round_3_sig_str_dist_1': '66%', 'round_3_sig_str_dist_2': '55%', 'round_3_sig_str_clinch_1': '21 of 37', 'round_3_sig_str_clinch_2': '7 of 18', 'round_3_sig_str_ground_1': '2 of 2', 'round_3_sig_str_ground_2': '10 of 14'}","{'round_4_sig_str_head_1': '', 'round_4_sig_str_head_2': '', 'round_4_sig_str_body_1': '', 'round_4_sig_str_body_2': '', 'round_4_sig_str_leg_1': '32 of 48', 'round_4_sig_str_leg_2': '19 of 34', 'round_4_sig_str_dist_1': '66%', 'round_4_sig_str_dist_2': '55%', 'round_4_sig_str_clinch_1': '21 of 37', 'round_4_sig_str_clinch_2': '7 of 18', 'round_4_sig_str_ground_1': '2 of 2', 'round_4_sig_str_ground_2': '10 of 14'}","{'round_5_sig_str_head_1': '', 'round_5_sig_str_head_2': '', 'round_5_sig_str_body_1': '', 'round_5_sig_str_body_2': '', 'round_5_sig_str_leg_1': '32 of 48', 'round_5_sig_str_leg_2': '19 of 34', 'round_5_sig_str_dist_1': '66%', 'round_5_sig_str_dist_2': '55%', 'round_5_sig_str_clinch_1': '21 of 37', 'round_5_sig_str_clinch_2': '7 of 18', 'round_5_sig_str_ground_1': '2 of 2', 'round_5_sig_str_ground_2': '10 of 14'}",,,,,,,,,,,,,,,,,,
http://ufcstats.com/fight-details/95ba27bea09cd84e,"January 18, 2025","Inglewood, California, USA",L,Ricky Turcios,,W,Benardo Sopaj,"""Lion King""",Bantamweight Bout,Decision - Unanimous,,,,,Brian Tyler 27 - 30. Felicia Oh 27 - 30. Ron McCarthy 28 - 29.,,,,,0,1,78 of 144,81 of 139,54%,58%,113 of 187,97 of 155,1 of 9,2 of 3,11%,66%,0,0,,,,,,,,,,,,,,,,,,,,,,,0,0,25 of 44,18 of 35,56%,51%,45 of 64,20 of 37,0 of 3,0 of 0,0%,---,0,0,,,,,0,0,30 of 52,25 of 48,57%,52%,42 of 68,29 of 52,0 of 3,1 of 2,0%,50%,0,0,,,,,0,1,23 of 48,38 of 56,47%,67%,26 of 55,48 of 66,1 of 3,1 of 1,33%,100%,0,0,,,,,,,,,,,,,,,,,,,,,,,,,,,,,,,,,,,,,,,,,,,,,,,,,,,,,,,,,,,,,,,,,,,,,,,,,,,,,,,,,,,,,,,,,,,0,1,78 of 144,81 of 139,54%,58%,113 of 187,97 of 155,1 of 9,2 of 3,11%,66%,"{'round_1_sig_str_head_1': '', 'round_1_sig_str_head_2': '', 'round_1_sig_str_body_1': '', 'round_1_sig_str_body_2': '', 'round_1_sig_str_leg_1': '25 of 44', 'round_1_sig_str_leg_2': '18 of 35', 'round_1_sig_str_dist_1': '56%', 'round_1_sig_str_dist_2': '51%', 'round_1_sig_str_clinch_1': '6 of 23', 'round_1_sig_str_clinch_2': '13 of 28', 'round_1_sig_str_ground_1': '8 of 10', 'round_1_sig_str_ground_2': '1 of 3'}","{'round_2_sig_str_head_1': '', 'round_2_sig_str_head_2': '', 'round_2_sig_str_body_1': '', 'round_2_sig_str_body_2': '', 'round_2_sig_str_leg_1': '25 of 44', 'round_2_sig_str_leg_2': '18 of 35', 'round_2_sig_str_dist_1': '56%', 'round_2_sig_str_dist_2': '51%', 'round_2_sig_str_clinch_1': '6 of 23', 'round_2_sig_str_clinch_2': '13 of 28', 'round_2_sig_str_ground_1': '8 of 10', 'round_2_sig_str_ground_2': '1 of 3'}","{'round_3_sig_str_head_1': '', 'round_3_sig_str_head_2': '', 'round_3_sig_str_body_1': '', 'round_3_sig_str_body_2': '', 'round_3_sig_str_leg_1': '25 of 44', 'round_3_sig_str_leg_2': '18 of 35', 'round_3_sig_str_dist_1': '56%', 'round_3_sig_str_dist_2': '51%', 'round_3_sig_str_clinch_1': '6 of 23', 'round_3_sig_str_clinch_2': '13 of 28', 'round_3_sig_str_ground_1': '8 of 10', 'round_3_sig_str_ground_2': '1 of 3'}","{'round_4_sig_str_head_1': '', 'round_4_sig_str_head_2': '', 'round_4_sig_str_body_1': '', 'round_4_sig_str_body_2': '', 'round_4_sig_str_leg_1': '25 of 44', 'round_4_sig_str_leg_2': '18 of 35', 'round_4_sig_str_dist_1': '56%', 'round_4_sig_str_dist_2': '51%', 'round_4_sig_str_clinch_1': '6 of 23', 'round_4_sig_str_clinch_2': '13 of 28', 'round_4_sig_str_ground_1': '8 of 10', 'round_4_sig_str_ground_2': '1 of 3'}","{'round_5_sig_str_head_1': '', 'round_5_sig_str_head_2': '', 'round_5_sig_str_body_1': '', 'round_5_sig_str_body_2': '', 'round_5_sig_str_leg_1': '25 of 44', 'round_5_sig_str_leg_2': '18 of 35', 'round_5_sig_str_dist_1': '56%', 'round_5_sig_str_dist_2': '51%', 'round_5_sig_str_clinch_1': '6 of 23', 'round_5_sig_str_clinch_2': '13 of 28', 'round_5_sig_str_ground_1': '8 of 10', 'round_5_sig_str_ground_2': '1 of 3'}",,,,,,,,,,,,,,,,,,
http://ufcstats.com/fight-details/00c6a2ef07ca51da,"December 14, 2024","Tampa, Florida, USA",L,Colby Covington,"""Chaos""",W,Joaquin Buckley,"""New Mansa""",Welterweight Bout,TKO - Doctor's Stoppage,,,,,Cut above eye,,,,,0,0,37 of 124,75 of 151,29%,49%,71 of 161,81 of 160,1 of 8,0 of 1,12%,0%,0,1,,,,,,,,,,,,,,,,,,,,,,,0,0,10 of 51,23 of 55,19%,41%,10 of 51,23 of 55,0 of 2,0 of 0,0%,---,0,0,,,,,0,0,19 of 50,28 of 55,38%,50%,25 of 56,29 of 56,1 of 3,0 of 1,33%,0%,0,0,,,,,0,0,8 of 23,24 of 41,34%,58%,36 of 54,29 of 49,0 of 3,0 of 0,0%,---,0,1,,,,,,,,,,,,,,,,,,,,,,,,,,,,,,,,,,,,,,,,,,,,,,,,,,,,,,,,,,,,,,,,,,,,,,,,,,,,,,,,,,,,,,,,,,,0,0,37 of 124,75 of 151,29%,49%,71 of 161,81 of 160,1 of 8,0 of 1,12%,0%,"{'round_1_sig_str_head_1': '', 'round_1_sig_str_head_2': '', 'round_1_sig_str_body_1': '', 'round_1_sig_str_body_2': '', 'round_1_sig_str_leg_1': '10 of 51', 'round_1_sig_str_leg_2': '23 of 55', 'round_1_sig_str_dist_1': '19%', 'round_1_sig_str_dist_2': '41%', 'round_1_sig_str_clinch_1': '5 of 42', 'round_1_sig_str_clinch_2': '18 of 47', 'round_1_sig_str_ground_1': '4 of 6', 'round_1_sig_str_ground_2': '4 of 7'}","{'round_2_sig_str_head_1': '', 'round_2_sig_str_head_2': '', 'round_2_sig_str_body_1': '', 'round_2_sig_str_body_2': '', 'round_2_sig_str_leg_1': '10 of 51', 'round_2_sig_str_leg_2': '23 of 55', 'round_2_sig_str_dist_1': '19%', 'round_2_sig_str_dist_2': '41%', 'round_2_sig_str_clinch_1': '5 of 42', 'round_2_sig_str_clinch_2': '18 of 47', 'round_2_sig_str_ground_1': '4 of 6', 'round_2_sig_str_ground_2': '4 of 7'}","{'round_3_sig_str_head_1': '', 'round_3_sig_str_head_2': '', 'round_3_sig_str_body_1': '', 'round_3_sig_str_body_2': '', 'round_3_sig_str_leg_1': '10 of 51', 'round_3_sig_str_leg_2': '23 of 55', 'round_3_sig_str_dist_1': '19%', 'round_3_sig_str_dist_2': '41%', 'round_3_sig_str_clinch_1': '5 of 42', 'round_3_sig_str_clinch_2': '18 of 47', 'round_3_sig_str_ground_1': '4 of 6', 'round_3_sig_str_ground_2': '4 of 7'}","{'round_4_sig_str_head_1': '', 'round_4_sig_str_head_2': '', 'round_4_sig_str_body_1': '', 'round_4_sig_str_body_2': '', 'round_4_sig_str_leg_1': '10 of 51', 'round_4_sig_str_leg_2': '23 of 55', 'round_4_sig_str_dist_1': '19%', 'round_4_sig_str_dist_2': '41%', 'round_4_sig_str_clinch_1': '5 of 42', 'round_4_sig_str_clinch_2': '18 of 47', 'round_4_sig_str_ground_1': '4 of 6', 'round_4_sig_str_ground_2': '4 of 7'}","{'round_5_sig_str_head_1': '', 'round_5_sig_str_head_2': '', 'round_5_sig_str_body_1': '', 'round_5_sig_str_body_2': '', 'round_5_sig_str_leg_1': '10 of 51', 'round_5_sig_str_leg_2': '23 of 55', 'round_5_sig_str_dist_1': '19%', 'round_5_sig_str_dist_2': '41%', 'round_5_sig_str_clinch_1': '5 of 42', 'round_5_sig_str_clinch_2': '18 of 47', 'round_5_sig_str_ground_1': '4 of 6', 'round_5_sig_str_ground_2': '4 of 7'}",,,,,,,,,,,,,,,,,,
http://ufcstats.com/fight-details/aa3fca085d476636,"January 18, 2025","Inglewood, California, USA",W,Grant Dawson,"""KGD""",L,Diego Ferreira,,Lightweight Bout,Decision - Unanimous,,,,,Felicia Oh 27 - 30. Raphael  Davis 27 - 30. Ron McCarthy 27 - 30.,,,,,0,0,56 of 98,41 of 61,57%,67%,195 of 269,84 of 113,6 of 11,0 of 0,54%,---,0,0,,,,,,,,,,,,,,,,,,,,,,,0,0,21 of 31,11 of 16,67%,68%,43 of 54,27 of 34,3 of 5,0 of 0,60%,---,0,0,,,,,0,0,21 of 39,17 of 28,53%,60%,64 of 90,29 of 43,1 of 2,0 of 0,50%,---,0,0,,,,,0,0,14 of 28,13 of 17,50%,76%,88 of 125,28 of 36,2 of 4,0 of 0,50%,---,0,0,,,,,,,,,,,,,,,,,,,,,,,,,,,,,,,,,,,,,,,,,,,,,,,,,,,,,,,,,,,,,,,,,,,,,,,,,,,,,,,,,,,,,,,,,,,0,0,56 of 98,41 of 61,57%,67%,195 of 269,84 of 113,6 of 11,0 of 0,54%,---,"{'round_1_sig_str_head_1': '', 'round_1_sig_str_head_2': '', 'round_1_sig_str_body_1': '', 'round_1_sig_str_body_2': '', 'round_1_sig_str_leg_1': '21 of 31', 'round_1_sig_str_leg_2': '11 of 16', 'round_1_sig_str_dist_1': '67%', 'round_1_sig_str_dist_2': '68%', 'round_1_sig_str_clinch_1': '19 of 28', 'round_1_sig_str_clinch_2': '5 of 9', 'round_1_sig_str_ground_1': '0 of 1', 'round_1_sig_str_ground_2': '2 of 3'}","{'round_2_sig_str_head_1': '', 'round_2_sig_str_head_2': '', 'round_2_sig_str_body_1': '', 'round_2_sig_str_body_2': '', 'round_2_sig_str_leg_1': '21 of 31', 'round_2_sig_str_leg_2': '11 of 16', 'round_2_sig_str_dist_1': '67%', 'round_2_sig_str_dist_2': '68%', 'round_2_sig_str_clinch_1': '19 of 28', 'round_2_sig_str_clinch_2': '5 of 9', 'round_2_sig_str_ground_1': '0 of 1', 'round_2_sig_str_ground_2': '2 of 3'}","{'round_3_sig_str_head_1': '', 'round_3_sig_str_head_2': '', 'round_3_sig_str_body_1': '', 'round_3_sig_str_body_2': '', 'round_3_sig_str_leg_1': '21 of 31', 'round_3_sig_str_leg_2': '11 of 16', 'round_3_sig_str_dist_1': '67%', 'round_3_sig_str_dist_2': '68%', 'round_3_sig_str_clinch_1': '19 of 28', 'round_3_sig_str_clinch_2': '5 of 9', 'round_3_sig_str_ground_1': '0 of 1', 'round_3_sig_str_ground_2': '2 of 3'}","{'round_4_sig_str_head_1': '', 'round_4_sig_str_head_2': '', 'round_4_sig_str_body_1': '', 'round_4_sig_str_body_2': '', 'round_4_sig_str_leg_1': '21 of 31', 'round_4_sig_str_leg_2': '11 of 16', 'round_4_sig_str_dist_1': '67%', 'round_4_sig_str_dist_2': '68%', 'round_4_sig_str_clinch_1': '19 of 28', 'round_4_sig_str_clinch_2': '5 of 9', 'round_4_sig_str_ground_1': '0 of 1', 'round_4_sig_str_ground_2': '2 of 3'}","{'round_5_sig_str_head_1': '', 'round_5_sig_str_head_2': '', 'round_5_sig_str_body_1': '', 'round_5_sig_str_body_2': '', 'round_5_sig_str_leg_1': '21 of 31', 'round_5_sig_str_leg_2': '11 of 16', 'round_5_sig_str_dist_1': '67%', 'round_5_sig_str_dist_2': '68%', 'round_5_sig_str_clinch_1': '19 of 28', 'round_5_sig_str_clinch_2': '5 of 9', 'round_5_sig_str_ground_1': '0 of 1', 'round_5_sig_str_ground_2': '2 of 3'}",,,,,,,,,,,,,,,,,,
http://ufcstats.com/fight-details/e5e3d396a9b1c5ae,"January 18, 2025","Inglewood, California, USA",L,Rinya Nakamura,"""Hybred""",W,Muin Gafurov,"""Tajik""",Bantamweight Bout,Decision - Unanimous,,,,,Chris Leben 27 - 30. Derek Cleary 27 - 30. Felicia Oh 27 - 30.,,,,,0,1,31 of 73,37 of 90,42%,41%,39 of 82,73 of 130,0 of 1,0 of 1,0%,0%,1,0,,,,,,,,,,,,,,,,,,,,,,,0,0,10 of 24,12 of 29,41%,41%,14 of 29,42 of 63,0 of 0,0 of 0,---,---,0,0,,,,,0,1,9 of 24,14 of 32,37%,43%,9 of 24,17 of 35,0 of 1,0 of 0,0%,---,0,0,,,,,0,0,12 of 25,11 of 29,48%,37%,16 of 29,14 of 32,0 of 0,0 of 1,---,0%,1,0,,,,,,,,,,,,,,,,,,,,,,,,,,,,,,,,,,,,,,,,,,,,,,,,,,,,,,,,,,,,,,,,,,,,,,,,,,,,,,,,,,,,,,,,,,,0,1,31 of 73,37 of 90,42%,41%,39 of 82,73 of 130,0 of 1,0 of 1,0%,0%,"{'round_1_sig_str_head_1': '', 'round_1_sig_str_head_2': '', 'round_1_sig_str_body_1': '', 'round_1_sig_str_body_2': '', 'round_1_sig_str_leg_1': '10 of 24', 'round_1_sig_str_leg_2': '12 of 29', 'round_1_sig_str_dist_1': '41%', 'round_1_sig_str_dist_2': '41%', 'round_1_sig_str_clinch_1': '0 of 8', 'round_1_sig_str_clinch_2': '6 of 21', 'round_1_sig_str_ground_1': '3 of 4', 'round_1_sig_str_ground_2': '3 of 4'}","{'round_2_sig_str_head_1': '', 'round_2_sig_str_head_2': '', 'round_2_sig_str_body_1': '', 'round_2_sig_str_body_2': '', 'round_2_sig_str_leg_1': '10 of 24', 'round_2_sig_str_leg_2': '12 of 29', 'round_2_sig_str_dist_1': '41%', 'round_2_sig_str_dist_2': '41%', 'round_2_sig_str_clinch_1': '0 of 8', 'round_2_sig_str_clinch_2': '6 of 21', 'round_2_sig_str_ground_1': '3 of 4', 'round_2_sig_str_ground_2': '3 of 4'}","{'round_3_sig_str_head_1': '', 'round_3_sig_str_head_2': '', 'round_3_sig_str_body_1': '', 'round_3_sig_str_body_2': '', 'round_3_sig_str_leg_1': '10 of 24', 'round_3_sig_str_leg_2': '12 of 29', 'round_3_sig_str_dist_1': '41%', 'round_3_sig_str_dist_2': '41%', 'round_3_sig_str_clinch_1': '0 of 8', 'round_3_sig_str_clinch_2': '6 of 21', 'round_3_sig_str_ground_1': '3 of 4', 'round_3_sig_str_ground_2': '3 of 4'}","{'round_4_sig_str_head_1': '', 'round_4_sig_str_head_2': '', 'round_4_sig_str_body_1': '', 'round_4_sig_str_body_2': '', 'round_4_sig_str_leg_1': '10 of 24', 'round_4_sig_str_leg_2': '12 of 29', 'round_4_sig_str_dist_1': '41%', 'round_4_sig_str_dist_2': '41%', 'round_4_sig_str_clinch_1': '0 of 8', 'round_4_sig_str_clinch_2': '6 of 21', 'round_4_sig_str_ground_1': '3 of 4', 'round_4_sig_str_ground_2': '3 of 4'}","{'round_5_sig_str_head_1': '', 'round_5_sig_str_head_2': '', 'round_5_sig_str_body_1': '', 'round_5_sig_str_body_2': '', 'round_5_sig_str_leg_1': '10 of 24', 'round_5_sig_str_leg_2': '12 of 29', 'round_5_sig_str_dist_1': '41%', 'round_5_sig_str_dist_2': '41%', 'round_5_sig_str_clinch_1': '0 of 8', 'round_5_sig_str_clinch_2': '6 of 21', 'round_5_sig_str_ground_1': '3 of 4', 'round_5_sig_str_ground_2': '3 of 4'}",,,,,,,,,,,,,,,,,,
http://ufcstats.com/fight-details/a6db8eb1fb3eebf2,"January 18, 2025","Inglewood, California, USA",W,Bogdan Guskov,"""Czarevitch""",L,Billy Elekana,"""Son of Susie""",Light Heavyweight Bout,Submission,,,,,Guillotine Choke On Ground,,,,,0,0,47 of 71,20 of 28,66%,71%,59 of 85,28 of 37,0 of 0,1 of 1,---,100%,2,0,,,,,,,,,,,,,,,,,,,,,,,0,0,12 of 17,8 of 9,70%,88%,19 of 25,16 of 18,0 of 0,1 of 1,---,100%,1,0,,,,,0,0,35 of 54,12 of 19,64%,63%,40 of 60,12 of 19,0 of 0,0 of 0,---,---,1,0,,,,,,,,,,,,,,,,,,,,,,,,,,,,,,,,,,,,,,,,,,,,,,,,,,,,,,,,,,,,,,,,,,,,,,,,,,,,,,,,,,,,,,,,,,,,,,,,,,,,,,,,,,,,,0,0,47 of 71,20 of 28,66%,71%,59 of 85,28 of 37,0 of 0,1 of 1,---,100%,"{'round_1_sig_str_head_1': '', 'round_1_sig_str_head_2': '', 'round_1_sig_str_body_1': '', 'round_1_sig_str_body_2': '', 'round_1_sig_str_leg_1': '12 of 17', 'round_1_sig_str_leg_2': '8 of 9', 'round_1_sig_str_dist_1': '70%', 'round_1_sig_str_dist_2': '88%', 'round_1_sig_str_clinch_1': '9 of 14', 'round_1_sig_str_clinch_2': '7 of 8', 'round_1_sig_str_ground_1': '0 of 0', 'round_1_sig_str_ground_2': '1 of 1'}","{'round_2_sig_str_head_1': '', 'round_2_sig_str_head_2': '', 'round_2_sig_str_body_1': '', 'round_2_sig_str_body_2': '', 'round_2_sig_str_leg_1': '12 of 17', 'round_2_sig_str_leg_2': '8 of 9', 'round_2_sig_str_dist_1': '70%', 'round_2_sig_str_dist_2': '88%', 'round_2_sig_str_clinch_1': '9 of 14', 'round_2_sig_str_clinch_2': '7 of 8', 'round_2_sig_str_ground_1': '0 of 0', 'round_2_sig_str_ground_2': '1 of 1'}","{'round_3_sig_str_head_1': '', 'round_3_sig_str_head_2': '', 'round_3_sig_str_body_1': '', 'round_3_sig_str_body_2': '', 'round_3_sig_str_leg_1': '12 of 17', 'round_3_sig_str_leg_2': '8 of 9', 'round_3_sig_str_dist_1': '70%', 'round_3_sig_str_dist_2': '88%', 'round_3_sig_str_clinch_1': '9 of 14', 'round_3_sig_str_clinch_2': '7 of 8', 'round_3_sig_str_ground_1': '0 of 0', 'round_3_sig_str_ground_2': '1 of 1'}","{'round_4_sig_str_head_1': '', 'round_4_sig_str_head_2': '', 'round_4_sig_str_body_1': '', 'round_4_sig_str_body_2': '', 'round_4_sig_str_leg_1': '12 of 17', 'round_4_sig_str_leg_2': '8 of 9', 'round_4_sig_str_dist_1': '70%', 'round_4_sig_str_dist_2': '88%', 'round_4_sig_str_clinch_1': '9 of 14', 'round_4_sig_str_clinch_2': '7 of 8', 'round_4_sig_str_ground_1': '0 of 0', 'round_4_sig_str_ground_2': '1 of 1'}","{'round_5_sig_str_head_1': '', 'round_5_sig_str_head_2': '', 'round_5_sig_str_body_1': '', 'round_5_sig_str_body_2': '', 'round_5_sig_str_leg_1': '12 of 17', 'round_5_sig_str_leg_2': '8 of 9', 'round_5_sig_str_dist_1': '70%', 'round_5_sig_str_dist_2': '88%', 'round_5_sig_str_clinch_1': '9 of 14', 'round_5_sig_str_clinch_2': '7 of 8', 'round_5_sig_str_ground_1': '0 of 0', 'round_5_sig_str_ground_2': '1 of 1'}",,,,,,,,,,,,,,,,,,
http://ufcstats.com/fight-details/938081fae11dcbbf,"January 18, 2025","Inglewood, California, USA",L,Zachary Reese,"""Savage""",W,Azamat Bekoev,"""Iron""",Middleweight Bout,KO/TKO,,,,,Punches to Head From Guard,,,,,0,0,13 of 24,21 of 26,54%,80%,22 of 35,52 of 59,0 of 0,1 of 2,---,50%,0,0,,,,,,,,,,,,,,,,,,,,,,,0,0,13 of 24,21 of 26,54%,80%,22 of 35,52 of 59,0 of 0,1 of 2,---,50%,0,0,,,,,,,,,,,,,,,,,,,,,,,,,,,,,,,,,,,,,,,,,,,,,,,,,,,,,,,,,,,,,,,,,,,,,,,,,,,,,,,,,,,,,,,,,,,,,,,,,,,,,,,,,,,,,,,,,,,,,,,,,,,,,,,0,0,13 of 24,21 of 26,54%,80%,22 of 35,52 of 59,0 of 0,1 of 2,---,50%,"{'round_1_sig_str_head_1': '', 'round_1_sig_str_head_2': '', 'round_1_sig_str_body_1': '', 'round_1_sig_str_body_2': '', 'round_1_sig_str_leg_1': '13 of 24', 'round_1_sig_str_leg_2': '21 of 26', 'round_1_sig_str_dist_1': '54%', 'round_1_sig_str_dist_2': '80%', 'round_1_sig_str_clinch_1': '13 of 22', 'round_1_sig_str_clinch_2': '16 of 19', 'round_1_sig_str_ground_1': '0 of 2', 'round_1_sig_str_ground_2': '3 of 4'}","{'round_2_sig_str_head_1': '', 'round_2_sig_str_head_2': '', 'round_2_sig_str_body_1': '', 'round_2_sig_str_body_2': '', 'round_2_sig_str_leg_1': '13 of 24', 'round_2_sig_str_leg_2': '21 of 26', 'round_2_sig_str_dist_1': '54%', 'round_2_sig_str_dist_2': '80%', 'round_2_sig_str_clinch_1': '13 of 22', 'round_2_sig_str_clinch_2': '16 of 19', 'round_2_sig_str_ground_1': '0 of 2', 'round_2_sig_str_ground_2': '3 of 4'}","{'round_3_sig_str_head_1': '', 'round_3_sig_str_head_2': '', 'round_3_sig_str_body_1': '', 'round_3_sig_str_body_2': '', 'round_3_sig_str_leg_1': '13 of 24', 'round_3_sig_str_leg_2': '21 of 26', 'round_3_sig_str_dist_1': '54%', 'round_3_sig_str_dist_2': '80%', 'round_3_sig_str_clinch_1': '13 of 22', 'round_3_sig_str_clinch_2': '16 of 19', 'round_3_sig_str_ground_1': '0 of 2', 'round_3_sig_str_ground_2': '3 of 4'}","{'round_4_sig_str_head_1': '', 'round_4_sig_str_head_2': '', 'round_4_sig_str_body_1': '', 'round_4_sig_str_body_2': '', 'round_4_sig_str_leg_1': '13 of 24', 'round_4_sig_str_leg_2': '21 of 26', 'round_4_sig_str_dist_1': '54%', 'round_4_sig_str_dist_2': '80%', 'round_4_sig_str_clinch_1': '13 of 22', 'round_4_sig_str_clinch_2': '16 of 19', 'round_4_sig_str_ground_1': '0 of 2', 'round_4_sig_str_ground_2': '3 of 4'}","{'round_5_sig_str_head_1': '', 'round_5_sig_str_head_2': '', 'round_5_sig_str_body_1': '', 'round_5_sig_str_body_2': '', 'round_5_sig_str_leg_1': '13 of 24', 'round_5_sig_str_leg_2': '21 of 26', 'round_5_sig_str_dist_1': '54%', 'round_5_sig_str_dist_2': '80%', 'round_5_sig_str_clinch_1': '13 of 22', 'round_5_sig_str_clinch_2': '16 of 19', 'round_5_sig_str_ground_1': '0 of 2', 'round_5_sig_str_ground_2': '3 of 4'}",,,,,,,,,,,,,,,,,,
http://ufcstats.com/fight-details/340fcdcabc49f142,"January 18, 2025","Inglewood, California, USA",L,Karol Rosa,,W,Ailin Perez,"""Fiona""",Women's Bantamweight Bout,Decision - Unanimous,,,,,Sal D'amato 28 - 29. Jonathan Romero 28 - 29. Chris Crail 27 - 30.,,,,,0,0,53 of 112,62 of 131,47%,47%,120 of 182,81 of 155,0 of 0,2 of 8,---,25%,0,0,,,,,,,,,,,,,,,,,,,,,,,0,0,18 of 25,13 of 23,72%,56%,48 of 56,21 of 33,0 of 0,1 of 4,---,25%,0,0,,,,,0,0,11 of 33,16 of 41,33%,39%,45 of 68,27 of 53,0 of 0,1 of 3,---,33%,0,0,,,,,0,0,24 of 54,33 of 67,44%,49%,27 of 58,33 of 69,0 of 0,0 of 1,---,0%,0,0,,,,,,,,,,,,,,,,,,,,,,,,,,,,,,,,,,,,,,,,,,,,,,,,,,,,,,,,,,,,,,,,,,,,,,,,,,,,,,,,,,,,,,,,,,,0,0,53 of 112,62 of 131,47%,47%,120 of 182,81 of 155,0 of 0,2 of 8,---,25%,"{'round_1_sig_str_head_1': '', 'round_1_sig_str_head_2': '', 'round_1_sig_str_body_1': '', 'round_1_sig_str_body_2': '', 'round_1_sig_str_leg_1': '18 of 25', 'round_1_sig_str_leg_2': '13 of 23', 'round_1_sig_str_dist_1': '72%', 'round_1_sig_str_dist_2': '56%', 'round_1_sig_str_clinch_1': '8 of 14', 'round_1_sig_str_clinch_2': '10 of 18', 'round_1_sig_str_ground_1': '1 of 2', 'round_1_sig_str_ground_2': '1 of 1'}","{'round_2_sig_str_head_1': '', 'round_2_sig_str_head_2': '', 'round_2_sig_str_body_1': '', 'round_2_sig_str_body_2': '', 'round_2_sig_str_leg_1': '18 of 25', 'round_2_sig_str_leg_2': '13 of 23', 'round_2_sig_str_dist_1': '72%', 'round_2_sig_str_dist_2': '56%', 'round_2_sig_str_clinch_1': '8 of 14', 'round_2_sig_str_clinch_2': '10 of 18', 'round_2_sig_str_ground_1': '1 of 2', 'round_2_sig_str_ground_2': '1 of 1'}","{'round_3_sig_str_head_1': '', 'round_3_sig_str_head_2': '', 'round_3_sig_str_body_1': '', 'round_3_sig_str_body_2': '', 'round_3_sig_str_leg_1': '18 of 25', 'round_3_sig_str_leg_2': '13 of 23', 'round_3_sig_str_dist_1': '72%', 'round_3_sig_str_dist_2': '56%', 'round_3_sig_str_clinch_1': '8 of 14', 'round_3_sig_str_clinch_2': '10 of 18', 'round_3_sig_str_ground_1': '1 of 2', 'round_3_sig_str_ground_2': '1 of 1'}","{'round_4_sig_str_head_1': '', 'round_4_sig_str_head_2': '', 'round_4_sig_str_body_1': '', 'round_4_sig_str_body_2': '', 'round_4_sig_str_leg_1': '18 of 25', 'round_4_sig_str_leg_2': '13 of 23', 'round_4_sig_str_dist_1': '72%', 'round_4_sig_str_dist_2': '56%', 'round_4_sig_str_clinch_1': '8 of 14', 'round_4_sig_str_clinch_2': '10 of 18', 'round_4_sig_str_ground_1': '1 of 2', 'round_4_sig_str_ground_2': '1 of 1'}","{'round_5_sig_str_head_1': '', 'round_5_sig_str_head_2': '', 'round_5_sig_str_body_1': '', 'round_5_sig_str_body_2': '', 'round_5_sig_str_leg_1': '18 of 25', 'round_5_sig_str_leg_2': '13 of 23', 'round_5_sig_str_dist_1': '72%', 'round_5_sig_str_dist_2': '56%', 'round_5_sig_str_clinch_1': '8 of 14', 'round_5_sig_str_clinch_2': '10 of 18', 'round_5_sig_str_ground_1': '1 of 2', 'round_5_sig_str_ground_2': '1 of 1'}",,,,,,,,,,,,,,,,,,
http://ufcstats.com/fight-details/f39941b3743bf18c,"January 18, 2025","Inglewood, California, USA",W,Merab Dvalishvili,"""The Machine""",L,Umar Nurmagomedov,,,Decision - Unanimous,,,,,Chris Leben 47 - 48. Chris Crail 46 - 49. Mike Bell 47 - 48.,,,,,0,0,111 of 259,104 of 237,42%,43%,142 of 293,113 of 246,7 of 30,2 of 15,23%,13%,0,0,,,,,,,,,,,,,,,,,,,,,,,0,0,20 of 47,18 of 49,42%,36%,21 of 48,18 of 49,0 of 1,0 of 2,0%,0%,0,0,,,,,0,0,20 of 49,25 of 47,40%,53%,27 of 58,26 of 48,0 of 3,1 of 3,0%,33%,0,0,,,,,0,0,21 of 54,22 of 48,38%,45%,25 of 58,25 of 51,1 of 5,1 of 5,20%,20%,0,0,,,,,,,,,,,,,,,,,,,,,,,,,,,,,,,,,,,,,,,,,,,,,,,,,,,,,,,,,,,,,,,,,,,,,,,,,,,,,,,,,,,,,,,,,,,0,0,111 of 259,104 of 237,42%,43%,142 of 293,113 of 246,7 of 30,2 of 15,23%,13%,"{'round_1_sig_str_head_1': '', 'round_1_sig_str_head_2': '', 'round_1_sig_str_body_1': '', 'round_1_sig_str_body_2': '', 'round_1_sig_str_leg_1': '20 of 47', 'round_1_sig_str_leg_2': '18 of 49', 'round_1_sig_str_dist_1': '42%', 'round_1_sig_str_dist_2': '36%', 'round_1_sig_str_clinch_1': '10 of 35', 'round_1_sig_str_clinch_2': '11 of 38', 'round_1_sig_str_ground_1': '6 of 6', 'round_1_sig_str_ground_2': '7 of 11'}","{'round_2_sig_str_head_1': '', 'round_2_sig_str_head_2': '', 'round_2_sig_str_body_1': '', 'round_2_sig_str_body_2': '', 'round_2_sig_str_leg_1': '20 of 47', 'round_2_sig_str_leg_2': '18 of 49', 'round_2_sig_str_dist_1': '42%', 'round_2_sig_str_dist_2': '36%', 'round_2_sig_str_clinch_1': '10 of 35', 'round_2_sig_str_clinch_2': '11 of 38', 'round_2_sig_str_ground_1': '6 of 6', 'round_2_sig_str_ground_2': '7 of 11'}","{'round_3_sig_str_head_1': '', 'round_3_sig_str_head_2': '', 'round_3_sig_str_body_1': '', 'round_3_sig_str_body_2': '', 'round_3_sig_str_leg_1': '20 of 47', 'round_3_sig_str_leg_2': '18 of 49', 'round_3_sig_str_dist_1': '42%', 'round_3_sig_str_dist_2': '36%', 'round_3_sig_str_clinch_1': '10 of 35', 'round_3_sig_str_clinch_2': '11 of 38', 'round_3_sig_str_ground_1': '6 of 6', 'round_3_sig_str_ground_2': '7 of 11'}","{'round_4_sig_str_head_1': '', 'round_4_sig_str_head_2': '', 'round_4_sig_str_body_1': '', 'round_4_sig_str_body_2': '', 'round_4_sig_str_leg_1': '20 of 47', 'round_4_sig_str_leg_2': '18 of 49', 'round_4_sig_str_dist_1': '42%', 'round_4_sig_str_dist_2': '36%', 'round_4_sig_str_clinch_1': '10 of 35', 'round_4_sig_str_clinch_2': '11 of 38', 'round_4_sig_str_ground_1': '6 of 6', 'round_4_sig_str_ground_2': '7 of 11'}","{'round_5_sig_str_head_1': '', 'round_5_sig_str_head_2': '', 'round_5_sig_str_body_1': '', 'round_5_sig_str_body_2': '', 'round_5_sig_str_leg_1': '20 of 47', 'round_5_sig_str_leg_2': '18 of 49', 'round_5_sig_str_dist_1': '42%', 'round_5_sig_str_dist_2': '36%', 'round_5_sig_str_clinch_1': '10 of 35', 'round_5_sig_str_clinch_2': '11 of 38', 'round_5_sig_str_ground_1': '6 of 6', 'round_5_sig_str_ground_2': '7 of 11'}",,,,,0,0,36 of 70,21 of 47,51%,44%,48 of 82,26 of 52,4 of 9,0 of 4,44%,0%,0,0
http://ufcstats.com/fight-details/d14f98b24691d082,"January 18, 2025","Inglewood, California, USA",L,Payton Talbott,,W,Raoni Barcelos,,Bantamweight Bout,Decision - Unanimous,,,,,Chris Leben 27 - 30. Jonathan Romero 27 - 30. Chris Crail 26 - 30.,,,,,0,0,49 of 84,62 of 85,58%,72%,59 of 95,91 of 115,1 of 1,8 of 15,100%,53%,0,2,,,,,,,,,,,,,,,,,,,,,,,0,0,2 of 2,8 of 11,100%,72%,2 of 3,19 of 23,0 of 0,3 of 4,---,75%,0,1,,,,,0,0,25 of 44,17 of 22,56%,77%,26 of 45,23 of 28,0 of 0,3 of 8,---,37%,0,0,,,,,0,0,22 of 38,37 of 52,57%,71%,31 of 47,49 of 64,1 of 1,2 of 3,100%,66%,0,1,,,,,,,,,,,,,,,,,,,,,,,,,,,,,,,,,,,,,,,,,,,,,,,,,,,,,,,,,,,,,,,,,,,,,,,,,,,,,,,,,,,,,,,,,,,0,0,49 of 84,62 of 85,58%,72%,59 of 95,91 of 115,1 of 1,8 of 15,100%,53%,"{'round_1_sig_str_head_1': '', 'round_1_sig_str_head_2': '', 'round_1_sig_str_body_1': '', 'round_1_sig_str_body_2': '', 'round_1_sig_str_leg_1': '2 of 2', 'round_1_sig_str_leg_2': '8 of 11', 'round_1_sig_str_dist_1': '100%', 'round_1_sig_str_dist_2': '72%', 'round_1_sig_str_clinch_1': '0 of 0', 'round_1_sig_str_clinch_2': '8 of 11', 'round_1_sig_str_ground_1': '1 of 1', 'round_1_sig_str_ground_2': '0 of 0'}","{'round_2_sig_str_head_1': '', 'round_2_sig_str_head_2': '', 'round_2_sig_str_body_1': '', 'round_2_sig_str_body_2': '', 'round_2_sig_str_leg_1': '2 of 2', 'round_2_sig_str_leg_2': '8 of 11', 'round_2_sig_str_dist_1': '100%', 'round_2_sig_str_dist_2': '72%', 'round_2_sig_str_clinch_1': '0 of 0', 'round_2_sig_str_clinch_2': '8 of 11', 'round_2_sig_str_ground_1': '1 of 1', 'round_2_sig_str_ground_2': '0 of 0'}","{'round_3_sig_str_head_1': '', 'round_3_sig_str_head_2': '', 'round_3_sig_str_body_1': '', 'round_3_sig_str_body_2': '', 'round_3_sig_str_leg_1': '2 of 2', 'round_3_sig_str_leg_2': '8 of 11', 'round_3_sig_str_dist_1': '100%', 'round_3_sig_str_dist_2': '72%', 'round_3_sig_str_clinch_1': '0 of 0', 'round_3_sig_str_clinch_2': '8 of 11', 'round_3_sig_str_ground_1': '1 of 1', 'round_3_sig_str_ground_2': '0 of 0'}","{'round_4_sig_str_head_1': '', 'round_4_sig_str_head_2': '', 'round_4_sig_str_body_1': '', 'round_4_sig_str_body_2': '', 'round_4_sig_str_leg_1': '2 of 2', 'round_4_sig_str_leg_2': '8 of 11', 'round_4_sig_str_dist_1': '100%', 'round_4_sig_str_dist_2': '72%', 'round_4_sig_str_clinch_1': '0 of 0', 'round_4_sig_str_clinch_2': '8 of 11', 'round_4_sig_str_ground_1': '1 of 1', 'round_4_sig_str_ground_2': '0 of 0'}","{'round_5_sig_str_head_1': '', 'round_5_sig_str_head_2': '', 'round_5_sig_str_body_1': '', 'round_5_sig_str_body_2': '', 'round_5_sig_str_leg_1': '2 of 2', 'round_5_sig_str_leg_2': '8 of 11', 'round_5_sig_str_dist_1': '100%', 'round_5_sig_str_dist_2': '72%', 'round_5_sig_str_clinch_1': '0 of 0', 'round_5_sig_str_clinch_2': '8 of 11', 'round_5_sig_str_ground_1': '1 of 1', 'round_5_sig_str_ground_2': '0 of 0'}",,,,,,,,,,,,,,,,,,
http://ufcstats.com/fight-details/69d63c057aebffaf,"January 18, 2025","Inglewood, California, USA",L,Kevin Holland,"""Trailblazer""",W,Reinier de Ridder,"""RdR""",Middleweight Bout,Submission,,,,,Rear Naked Choke,,,,,0,0,11 of 13,12 of 21,84%,57%,27 of 32,26 of 35,0 of 0,2 of 2,---,100%,0,1,,,,,,,,,,,,,,,,,,,,,,,0,0,11 of 13,12 of 21,84%,57%,27 of 32,26 of 35,0 of 0,2 of 2,---,100%,0,1,,,,,,,,,,,,,,,,,,,,,,,,,,,,,,,,,,,,,,,,,,,,,,,,,,,,,,,,,,,,,,,,,,,,,,,,,,,,,,,,,,,,,,,,,,,,,,,,,,,,,,,,,,,,,,,,,,,,,,,,,,,,,,,0,0,11 of 13,12 of 21,84%,57%,27 of 32,26 of 35,0 of 0,2 of 2,---,100%,"{'round_1_sig_str_head_1': '', 'round_1_sig_str_head_2': '', 'round_1_sig_str_body_1': '', 'round_1_sig_str_body_2': '', 'round_1_sig_str_leg_1': '11 of 13', 'round_1_sig_str_leg_2': '12 of 21', 'round_1_sig_str_dist_1': '84%', 'round_1_sig_str_dist_2': '57%', 'round_1_sig_str_clinch_1': '10 of 12', 'round_1_sig_str_clinch_2': '11 of 20', 'round_1_sig_str_ground_1': '1 of 1', 'round_1_sig_str_ground_2': '1 of 1'}","{'round_2_sig_str_head_1': '', 'round_2_sig_str_head_2': '', 'round_2_sig_str_body_1': '', 'round_2_sig_str_body_2': '', 'round_2_sig_str_leg_1': '11 of 13', 'round_2_sig_str_leg_2': '12 of 21', 'round_2_sig_str_dist_1': '84%', 'round_2_sig_str_dist_2': '57%', 'round_2_sig_str_clinch_1': '10 of 12', 'round_2_sig_str_clinch_2': '11 of 20', 'round_2_sig_str_ground_1': '1 of 1', 'round_2_sig_str_ground_2': '1 of 1'}","{'round_3_sig_str_head_1': '', 'round_3_sig_str_head_2': '', 'round_3_sig_str_body_1': '', 'round_3_sig_str_body_2': '', 'round_3_sig_str_leg_1': '11 of 13', 'round_3_sig_str_leg_2': '12 of 21', 'round_3_sig_str_dist_1': '84%', 'round_3_sig_str_dist_2': '57%', 'round_3_sig_str_clinch_1': '10 of 12', 'round_3_sig_str_clinch_2': '11 of 20', 'round_3_sig_str_ground_1': '1 of 1', 'round_3_sig_str_ground_2': '1 of 1'}","{'round_4_sig_str_head_1': '', 'round_4_sig_str_head_2': '', 'round_4_sig_str_body_1': '', 'round_4_sig_str_body_2': '', 'round_4_sig_str_leg_1': '11 of 13', 'round_4_sig_str_leg_2': '12 of 21', 'round_4_sig_str_dist_1': '84%', 'round_4_sig_str_dist_2': '57%', 'round_4_sig_str_clinch_1': '10 of 12', 'round_4_sig_str_clinch_2': '11 of 20', 'round_4_sig_str_ground_1': '1 of 1', 'round_4_sig_str_ground_2': '1 of 1'}","{'round_5_sig_str_head_1': '', 'round_5_sig_str_head_2': '', 'round_5_sig_str_body_1': '', 'round_5_sig_str_body_2': '', 'round_5_sig_str_leg_1': '11 of 13', 'round_5_sig_str_leg_2': '12 of 21', 'round_5_sig_str_dist_1': '84%', 'round_5_sig_str_dist_2': '57%', 'round_5_sig_str_clinch_1': '10 of 12', 'round_5_sig_str_clinch_2': '11 of 20', 'round_5_sig_str_ground_1': '1 of 1', 'round_5_sig_str_ground_2': '1 of 1'}",,,,,,,,,,,,,,,,,,
http://ufcstats.com/fight-details/daef1691c7d6b1e4,"January 18, 2025","Inglewood, California, USA",W,Islam Makhachev,,L,Renato Moicano,,,Submission,,,,,D'Arce Choke On Ground,,,,,0,0,6 of 19,9 of 27,31%,33%,18 of 31,18 of 37,1 of 2,0 of 0,50%,---,1,0,,,,,,,,,,,,,,,,,,,,,,,0,0,6 of 19,9 of 27,31%,33%,18 of 31,18 of 37,1 of 2,0 of 0,50%,---,1,0,,,,,,,,,,,,,,,,,,,,,,,,,,,,,,,,,,,,,,,,,,,,,,,,,,,,,,,,,,,,,,,,,,,,,,,,,,,,,,,,,,,,,,,,,,,,,,,,,,,,,,,,,,,,,,,,,,,,,,,,,,,,,,,0,0,6 of 19,9 of 27,31%,33%,18 of 31,18 of 37,1 of 2,0 of 0,50%,---,"{'round_1_sig_str_head_1': '', 'round_1_sig_str_head_2': '', 'round_1_sig_str_body_1': '', 'round_1_sig_str_body_2': '', 'round_1_sig_str_leg_1': '6 of 19', 'round_1_sig_str_leg_2': '9 of 27', 'round_1_sig_str_dist_1': '31%', 'round_1_sig_str_dist_2': '33%', 'round_1_sig_str_clinch_1': '5 of 17', 'round_1_sig_str_clinch_2': '2 of 18', 'round_1_sig_str_ground_1': '1 of 2', 'round_1_sig_str_ground_2': '3 of 5'}","{'round_2_sig_str_head_1': '', 'round_2_sig_str_head_2': '', 'round_2_sig_str_body_1': '', 'round_2_sig_str_body_2': '', 'round_2_sig_str_leg_1': '6 of 19', 'round_2_sig_str_leg_2': '9 of 27', 'round_2_sig_str_dist_1': '31%', 'round_2_sig_str_dist_2': '33%', 'round_2_sig_str_clinch_1': '5 of 17', 'round_2_sig_str_clinch_2': '2 of 18', 'round_2_sig_str_ground_1': '1 of 2', 'round_2_sig_str_ground_2': '3 of 5'}","{'round_3_sig_str_head_1': '', 'round_3_sig_str_head_2': '', 'round_3_sig_str_body_1': '', 'round_3_sig_str_body_2': '', 'round_3_sig_str_leg_1': '6 of 19', 'round_3_sig_str_leg_2': '9 of 27', 'round_3_sig_str_dist_1': '31%', 'round_3_sig_str_dist_2': '33%', 'round_3_sig_str_clinch_1': '5 of 17', 'round_3_sig_str_clinch_2': '2 of 18', 'round_3_sig_str_ground_1': '1 of 2', 'round_3_sig_str_ground_2': '3 of 5'}","{'round_4_sig_str_head_1': '', 'round_4_sig_str_head_2': '', 'round_4_sig_str_body_1': '', 'round_4_sig_str_body_2': '', 'round_4_sig_str_leg_1': '6 of 19', 'round_4_sig_str_leg_2': '9 of 27', 'round_4_sig_str_dist_1': '31%', 'round_4_sig_str_dist_2': '33%', 'round_4_sig_str_clinch_1': '5 of 17', 'round_4_sig_str_clinch_2': '2 of 18', 'round_4_sig_str_ground_1': '1 of 2', 'round_4_sig_str_ground_2': '3 of 5'}","{'round_5_sig_str_head_1': '', 'round_5_sig_str_head_2': '', 'round_5_sig_str_body_1': '', 'round_5_sig_str_body_2': '', 'round_5_sig_str_leg_1': '6 of 19', 'round_5_sig_str_leg_2': '9 of 27', 'round_5_sig_str_dist_1': '31%', 'round_5_sig_str_dist_2': '33%', 'round_5_sig_str_clinch_1': '5 of 17', 'round_5_sig_str_clinch_2': '2 of 18', 'round_5_sig_str_ground_1': '1 of 2', 'round_5_sig_str_ground_2': '3 of 5'}",,,,,,,,,,,,,,,,,,
http://ufcstats.com/fight-details/54d48b33e7240452,"January 18, 2025","Inglewood, California, USA",W,Jailton Almeida,"""Malhadinho""",L,Serghei Spivac,"""Polar Bear""",,KO/TKO,,,,,Punches to Head From Back Control,,,,,0,0,23 of 31,15 of 28,74%,53%,36 of 49,34 of 47,1 of 1,1 of 1,100%,100%,0,0,,,,,,,,,,,,,,,,,,,,,,,0,0,23 of 31,15 of 28,74%,53%,36 of 49,34 of 47,1 of 1,1 of 1,100%,100%,0,0,,,,,,,,,,,,,,,,,,,,,,,,,,,,,,,,,,,,,,,,,,,,,,,,,,,,,,,,,,,,,,,,,,,,,,,,,,,,,,,,,,,,,,,,,,,,,,,,,,,,,,,,,,,,,,,,,,,,,,,,,,,,,,,0,0,23 of 31,15 of 28,74%,53%,36 of 49,34 of 47,1 of 1,1 of 1,100%,100%,"{'round_1_sig_str_head_1': '', 'round_1_sig_str_head_2': '', 'round_1_sig_str_body_1': '', 'round_1_sig_str_body_2': '', 'round_1_sig_str_leg_1': '23 of 31', 'round_1_sig_str_leg_2': '15 of 28', 'round_1_sig_str_dist_1': '74%', 'round_1_sig_str_dist_2': '53%', 'round_1_sig_str_clinch_1': '20 of 27', 'round_1_sig_str_clinch_2': '14 of 27', 'round_1_sig_str_ground_1': '1 of 2', 'round_1_sig_str_ground_2': '1 of 1'}","{'round_2_sig_str_head_1': '', 'round_2_sig_str_head_2': '', 'round_2_sig_str_body_1': '', 'round_2_sig_str_body_2': '', 'round_2_sig_str_leg_1': '23 of 31', 'round_2_sig_str_leg_2': '15 of 28', 'round_2_sig_str_dist_1': '74%', 'round_2_sig_str_dist_2': '53%', 'round_2_sig_str_clinch_1': '20 of 27', 'round_2_sig_str_clinch_2': '14 of 27', 'round_2_sig_str_ground_1': '1 of 2', 'round_2_sig_str_ground_2': '1 of 1'}","{'round_3_sig_str_head_1': '', 'round_3_sig_str_head_2': '', 'round_3_sig_str_body_1': '', 'round_3_sig_str_body_2': '', 'round_3_sig_str_leg_1': '23 of 31', 'round_3_sig_str_leg_2': '15 of 28', 'round_3_sig_str_dist_1': '74%', 'round_3_sig_str_dist_2': '53%', 'round_3_sig_str_clinch_1': '20 of 27', 'round_3_sig_str_clinch_2': '14 of 27', 'round_3_sig_str_ground_1': '1 of 2', 'round_3_sig_str_ground_2': '1 of 1'}","{'round_4_sig_str_head_1': '', 'round_4_sig_str_head_2': '', 'round_4_sig_str_body_1': '', 'round_4_sig_str_body_2': '', 'round_4_sig_str_leg_1': '23 of 31', 'round_4_sig_str_leg_2': '15 of 28', 'round_4_sig_str_dist_1': '74%', 'round_4_sig_str_dist_2': '53%', 'round_4_sig_str_clinch_1': '20 of 27', 'round_4_sig_str_clinch_2': '14 of 27', 'round_4_sig_str_ground_1': '1 of 2', 'round_4_sig_str_ground_2': '1 of 1'}","{'round_5_sig_str_head_1': '', 'round_5_sig_str_head_2': '', 'round_5_sig_str_body_1': '', 'round_5_sig_str_body_2': '', 'round_5_sig_str_leg_1': '23 of 31', 'round_5_sig_str_leg_2': '15 of 28', 'round_5_sig_str_dist_1': '74%', 'round_5_sig_str_dist_2': '53%', 'round_5_sig_str_clinch_1': '20 of 27', 'round_5_sig_str_clinch_2': '14 of 27', 'round_5_sig_str_ground_1': '1 of 2', 'round_5_sig_str_ground_2': '1 of 1'}",,,,,,,,,,,,,,,,,,
http://ufcstats.com/fight-details/6c1faa6284428e5d,"November 16, 2024","New York City, New York, USA",W,Marcin Tybura,"""Tybur""",L,Jhonata Diniz,,Heavyweight Bout,TKO - Doctor's Stoppage,,,,,,,,,,0,0,35 of 49,15 of 29,71%,51%,153 of 187,27 of 44,1 of 3,0 of 0,33%,---,0,0,,,,,,,,,,,,,,,,,,,,,,,0,0,3 of 5,7 of 14,60%,50%,66 of 82,17 of 26,0 of 1,0 of 0,0%,---,0,0,,,,,0,0,32 of 44,8 of 15,72%,53%,87 of 105,10 of 18,1 of 2,0 of 0,50%,---,0,0,,,,,,,,,,,,,,,,,,,,,,,,,,,,,,,,,,,,,,,,,,,,,,,,,,,,,,,,,,,,,,,,,,,,,,,,,,,,,,,,,,,,,,,,,,,,,,,,,,,,,,,,,,,,,0,0,35 of 49,15 of 29,71%,51%,153 of 187,27 of 44,1 of 3,0 of 0,33%,---,"{'round_1_sig_str_head_1': '', 'round_1_sig_str_head_2': '', 'round_1_sig_str_body_1': '', 'round_1_sig_str_body_2': '', 'round_1_sig_str_leg_1': '3 of 5', 'round_1_sig_str_leg_2': '7 of 14', 'round_1_sig_str_dist_1': '60%', 'round_1_sig_str_dist_2': '50%', 'round_1_sig_str_clinch_1': '2 of 4', 'round_1_sig_str_clinch_2': '7 of 14', 'round_1_sig_str_ground_1': '1 of 1', 'round_1_sig_str_ground_2': '0 of 0'}","{'round_2_sig_str_head_1': '', 'round_2_sig_str_head_2': '', 'round_2_sig_str_body_1': '', 'round_2_sig_str_body_2': '', 'round_2_sig_str_leg_1': '3 of 5', 'round_2_sig_str_leg_2': '7 of 14', 'round_2_sig_str_dist_1': '60%', 'round_2_sig_str_dist_2': '50%', 'round_2_sig_str_clinch_1': '2 of 4', 'round_2_sig_str_clinch_2': '7 of 14', 'round_2_sig_str_ground_1': '1 of 1', 'round_2_sig_str_ground_2': '0 of 0'}","{'round_3_sig_str_head_1': '', 'round_3_sig_str_head_2': '', 'round_3_sig_str_body_1': '', 'round_3_sig_str_body_2': '', 'round_3_sig_str_leg_1': '3 of 5', 'round_3_sig_str_leg_2': '7 of 14', 'round_3_sig_str_dist_1': '60%', 'round_3_sig_str_dist_2': '50%', 'round_3_sig_str_clinch_1': '2 of 4', 'round_3_sig_str_clinch_2': '7 of 14', 'round_3_sig_str_ground_1': '1 of 1', 'round_3_sig_str_ground_2': '0 of 0'}","{'round_4_sig_str_head_1': '', 'round_4_sig_str_head_2': '', 'round_4_sig_str_body_1': '', 'round_4_sig_str_body_2': '', 'round_4_sig_str_leg_1': '3 of 5', 'round_4_sig_str_leg_2': '7 of 14', 'round_4_sig_str_dist_1': '60%', 'round_4_sig_str_dist_2': '50%', 'round_4_sig_str_clinch_1': '2 of 4', 'round_4_sig_str_clinch_2': '7 of 14', 'round_4_sig_str_ground_1': '1 of 1', 'round_4_sig_str_ground_2': '0 of 0'}","{'round_5_sig_str_head_1': '', 'round_5_sig_str_head_2': '', 'round_5_sig_str_body_1': '', 'round_5_sig_str_body_2': '', 'round_5_sig_str_leg_1': '3 of 5', 'round_5_sig_str_leg_2': '7 of 14', 'round_5_sig_str_dist_1': '60%', 'round_5_sig_str_dist_2': '50%', 'round_5_sig_str_clinch_1': '2 of 4', 'round_5_sig_str_clinch_2': '7 of 14', 'round_5_sig_str_ground_1': '1 of 1', 'round_5_sig_str_ground_2': '0 of 0'}",,,,,,,,,,,,,,,,,,
http://ufcstats.com/fight-details/959fea398ffa5778,"January 18, 2025","Inglewood, California, USA",W,Jiri Prochazka,,L,Jamahal Hill,"""Sweet Dreams""",,KO/TKO,,,,,Punches to Head On Ground,,,,,2,0,97 of 165,81 of 177,58%,45%,101 of 170,84 of 180,0 of 0,0 of 0,---,---,0,0,,,,,,,,,,,,,,,,,,,,,,,1,0,32 of 58,23 of 64,55%,35%,32 of 58,25 of 66,0 of 0,0 of 0,---,---,0,0,,,,,0,0,22 of 49,38 of 74,44%,51%,22 of 49,38 of 74,0 of 0,0 of 0,---,---,0,0,,,,,1,0,43 of 58,20 of 39,74%,51%,47 of 63,21 of 40,0 of 0,0 of 0,---,---,0,0,,,,,,,,,,,,,,,,,,,,,,,,,,,,,,,,,,,,,,,,,,,,,,,,,,,,,,,,,,,,,,,,,,,,,,,,,,,,,,,,,,,,,,,,,,,2,0,97 of 165,81 of 177,58%,45%,101 of 170,84 of 180,0 of 0,0 of 0,---,---,"{'round_1_sig_str_head_1': '', 'round_1_sig_str_head_2': '', 'round_1_sig_str_body_1': '', 'round_1_sig_str_body_2': '', 'round_1_sig_str_leg_1': '32 of 58', 'round_1_sig_str_leg_2': '23 of 64', 'round_1_sig_str_dist_1': '55%', 'round_1_sig_str_dist_2': '35%', 'round_1_sig_str_clinch_1': '27 of 51', 'round_1_sig_str_clinch_2': '17 of 56', 'round_1_sig_str_ground_1': '3 of 4', 'round_1_sig_str_ground_2': '5 of 6'}","{'round_2_sig_str_head_1': '', 'round_2_sig_str_head_2': '', 'round_2_sig_str_body_1': '', 'round_2_sig_str_body_2': '', 'round_2_sig_str_leg_1': '32 of 58', 'round_2_sig_str_leg_2': '23 of 64', 'round_2_sig_str_dist_1': '55%', 'round_2_sig_str_dist_2': '35%', 'round_2_sig_str_clinch_1': '27 of 51', 'round_2_sig_str_clinch_2': '17 of 56', 'round_2_sig_str_ground_1': '3 of 4', 'round_2_sig_str_ground_2': '5 of 6'}","{'round_3_sig_str_head_1': '', 'round_3_sig_str_head_2': '', 'round_3_sig_str_body_1': '', 'round_3_sig_str_body_2': '', 'round_3_sig_str_leg_1': '32 of 58', 'round_3_sig_str_leg_2': '23 of 64', 'round_3_sig_str_dist_1': '55%', 'round_3_sig_str_dist_2': '35%', 'round_3_sig_str_clinch_1': '27 of 51', 'round_3_sig_str_clinch_2': '17 of 56', 'round_3_sig_str_ground_1': '3 of 4', 'round_3_sig_str_ground_2': '5 of 6'}","{'round_4_sig_str_head_1': '', 'round_4_sig_str_head_2': '', 'round_4_sig_str_body_1': '', 'round_4_sig_str_body_2': '', 'round_4_sig_str_leg_1': '32 of 58', 'round_4_sig_str_leg_2': '23 of 64', 'round_4_sig_str_dist_1': '55%', 'round_4_sig_str_dist_2': '35%', 'round_4_sig_str_clinch_1': '27 of 51', 'round_4_sig_str_clinch_2': '17 of 56', 'round_4_sig_str_ground_1': '3 of 4', 'round_4_sig_str_ground_2': '5 of 6'}","{'round_5_sig_str_head_1': '', 'round_5_sig_str_head_2': '', 'round_5_sig_str_body_1': '', 'round_5_sig_str_body_2': '', 'round_5_sig_str_leg_1': '32 of 58', 'round_5_sig_str_leg_2': '23 of 64', 'round_5_sig_str_dist_1': '55%', 'round_5_sig_str_dist_2': '35%', 'round_5_sig_str_clinch_1': '27 of 51', 'round_5_sig_str_clinch_2': '17 of 56', 'round_5_sig_str_ground_1': '3 of 4', 'round_5_sig_str_ground_2': '5 of 6'}",,,,,,,,,,,,,,,,,,
http://ufcstats.com/fight-details/8545a2495db16538,"November 16, 2024","New York City, New York, USA",W,Viviane Araujo,"""Vivi""",L,Karine Silva,"""Killer""",Women's Flyweight Bout,Decision - Unanimous,,,,,Derek Cleary 28 - 29. Junichiro Kamijo 28 - 29. Chris Lee 28 - 29.,,,,,0,0,48 of 85,58 of 132,56%,43%,105 of 152,76 of 155,3 of 3,1 of 7,100%,14%,1,1,,,,,,,,,,,,,,,,,,,,,,,0,0,17 of 30,22 of 65,56%,33%,20 of 33,22 of 65,0 of 0,0 of 0,---,---,0,0,,,,,0,0,14 of 25,11 of 15,56%,73%,49 of 64,16 of 20,0 of 0,1 of 4,---,25%,1,1,,,,,0,0,17 of 30,25 of 52,56%,48%,36 of 55,38 of 70,3 of 3,0 of 3,100%,0%,0,0,,,,,,,,,,,,,,,,,,,,,,,,,,,,,,,,,,,,,,,,,,,,,,,,,,,,,,,,,,,,,,,,,,,,,,,,,,,,,,,,,,,,,,,,,,,0,0,48 of 85,58 of 132,56%,43%,105 of 152,76 of 155,3 of 3,1 of 7,100%,14%,"{'round_1_sig_str_head_1': '', 'round_1_sig_str_head_2': '', 'round_1_sig_str_body_1': '', 'round_1_sig_str_body_2': '', 'round_1_sig_str_leg_1': '17 of 30', 'round_1_sig_str_leg_2': '22 of 65', 'round_1_sig_str_dist_1': '56%', 'round_1_sig_str_dist_2': '33%', 'round_1_sig_str_clinch_1': '13 of 26', 'round_1_sig_str_clinch_2': '10 of 43', 'round_1_sig_str_ground_1': '1 of 1', 'round_1_sig_str_ground_2': '1 of 6'}","{'round_2_sig_str_head_1': '', 'round_2_sig_str_head_2': '', 'round_2_sig_str_body_1': '', 'round_2_sig_str_body_2': '', 'round_2_sig_str_leg_1': '17 of 30', 'round_2_sig_str_leg_2': '22 of 65', 'round_2_sig_str_dist_1': '56%', 'round_2_sig_str_dist_2': '33%', 'round_2_sig_str_clinch_1': '13 of 26', 'round_2_sig_str_clinch_2': '10 of 43', 'round_2_sig_str_ground_1': '1 of 1', 'round_2_sig_str_ground_2': '1 of 6'}","{'round_3_sig_str_head_1': '', 'round_3_sig_str_head_2': '', 'round_3_sig_str_body_1': '', 'round_3_sig_str_body_2': '', 'round_3_sig_str_leg_1': '17 of 30', 'round_3_sig_str_leg_2': '22 of 65', 'round_3_sig_str_dist_1': '56%', 'round_3_sig_str_dist_2': '33%', 'round_3_sig_str_clinch_1': '13 of 26', 'round_3_sig_str_clinch_2': '10 of 43', 'round_3_sig_str_ground_1': '1 of 1', 'round_3_sig_str_ground_2': '1 of 6'}","{'round_4_sig_str_head_1': '', 'round_4_sig_str_head_2': '', 'round_4_sig_str_body_1': '', 'round_4_sig_str_body_2': '', 'round_4_sig_str_leg_1': '17 of 30', 'round_4_sig_str_leg_2': '22 of 65', 'round_4_sig_str_dist_1': '56%', 'round_4_sig_str_dist_2': '33%', 'round_4_sig_str_clinch_1': '13 of 26', 'round_4_sig_str_clinch_2': '10 of 43', 'round_4_sig_str_ground_1': '1 of 1', 'round_4_sig_str_ground_2': '1 of 6'}","{'round_5_sig_str_head_1': '', 'round_5_sig_str_head_2': '', 'round_5_sig_str_body_1': '', 'round_5_sig_str_body_2': '', 'round_5_sig_str_leg_1': '17 of 30', 'round_5_sig_str_leg_2': '22 of 65', 'round_5_sig_str_dist_1': '56%', 'round_5_sig_str_dist_2': '33%', 'round_5_sig_str_clinch_1': '13 of 26', 'round_5_sig_str_clinch_2': '10 of 43', 'round_5_sig_str_ground_1': '1 of 1', 'round_5_sig_str_ground_2': '1 of 6'}",,,,,,,,,,,,,,,,,,
http://ufcstats.com/fight-details/00414fc5519233b4,"November 16, 2024","New York City, New York, USA",L,Mickey Gall,,W,Ramiz Brahimaj,,,KO/TKO,,,,,Punch to Head At Distance,,,,,0,1,28 of 41,31 of 56,68%,55%,30 of 43,31 of 56,0 of 0,0 of 0,---,---,0,0,,,,,,,,,,,,,,,,,,,,,,,0,1,28 of 41,31 of 56,68%,55%,30 of 43,31 of 56,0 of 0,0 of 0,---,---,0,0,,,,,,,,,,,,,,,,,,,,,,,,,,,,,,,,,,,,,,,,,,,,,,,,,,,,,,,,,,,,,,,,,,,,,,,,,,,,,,,,,,,,,,,,,,,,,,,,,,,,,,,,,,,,,,,,,,,,,,,,,,,,,,,0,1,28 of 41,31 of 56,68%,55%,30 of 43,31 of 56,0 of 0,0 of 0,---,---,"{'round_1_sig_str_head_1': '', 'round_1_sig_str_head_2': '', 'round_1_sig_str_body_1': '', 'round_1_sig_str_body_2': '', 'round_1_sig_str_leg_1': '28 of 41', 'round_1_sig_str_leg_2': '31 of 56', 'round_1_sig_str_dist_1': '68%', 'round_1_sig_str_dist_2': '55%', 'round_1_sig_str_clinch_1': '25 of 38', 'round_1_sig_str_clinch_2': '27 of 50', 'round_1_sig_str_ground_1': '3 of 3', 'round_1_sig_str_ground_2': '1 of 3'}","{'round_2_sig_str_head_1': '', 'round_2_sig_str_head_2': '', 'round_2_sig_str_body_1': '', 'round_2_sig_str_body_2': '', 'round_2_sig_str_leg_1': '28 of 41', 'round_2_sig_str_leg_2': '31 of 56', 'round_2_sig_str_dist_1': '68%', 'round_2_sig_str_dist_2': '55%', 'round_2_sig_str_clinch_1': '25 of 38', 'round_2_sig_str_clinch_2': '27 of 50', 'round_2_sig_str_ground_1': '3 of 3', 'round_2_sig_str_ground_2': '1 of 3'}","{'round_3_sig_str_head_1': '', 'round_3_sig_str_head_2': '', 'round_3_sig_str_body_1': '', 'round_3_sig_str_body_2': '', 'round_3_sig_str_leg_1': '28 of 41', 'round_3_sig_str_leg_2': '31 of 56', 'round_3_sig_str_dist_1': '68%', 'round_3_sig_str_dist_2': '55%', 'round_3_sig_str_clinch_1': '25 of 38', 'round_3_sig_str_clinch_2': '27 of 50', 'round_3_sig_str_ground_1': '3 of 3', 'round_3_sig_str_ground_2': '1 of 3'}","{'round_4_sig_str_head_1': '', 'round_4_sig_str_head_2': '', 'round_4_sig_str_body_1': '', 'round_4_sig_str_body_2': '', 'round_4_sig_str_leg_1': '28 of 41', 'round_4_sig_str_leg_2': '31 of 56', 'round_4_sig_str_dist_1': '68%', 'round_4_sig_str_dist_2': '55%', 'round_4_sig_str_clinch_1': '25 of 38', 'round_4_sig_str_clinch_2': '27 of 50', 'round_4_sig_str_ground_1': '3 of 3', 'round_4_sig_str_ground_2': '1 of 3'}","{'round_5_sig_str_head_1': '', 'round_5_sig_str_head_2': '', 'round_5_sig_str_body_1': '', 'round_5_sig_str_body_2': '', 'round_5_sig_str_leg_1': '28 of 41', 'round_5_sig_str_leg_2': '31 of 56', 'round_5_sig_str_dist_1': '68%', 'round_5_sig_str_dist_2': '55%', 'round_5_sig_str_clinch_1': '25 of 38', 'round_5_sig_str_clinch_2': '27 of 50', 'round_5_sig_str_ground_1': '3 of 3', 'round_5_sig_str_ground_2': '1 of 3'}",,,,,,,,,,,,,,,,,,
http://ufcstats.com/fight-details/c565e2baa27cc7e5,"November 16, 2024","New York City, New York, USA",W,David Onama,,L,Roberto Romero,"""El Charro Negro""",Lightweight Bout,Decision - Unanimous,,,,,Chris Bolinski 27 - 30. Chris Lee 27 - 30. Ron McCarthy 27 - 30.,,,,,1,1,121 of 213,74 of 155,56%,47%,145 of 242,79 of 165,1 of 3,0 of 0,33%,---,1,0,,,,,,,,,,,,,,,,,,,,,,,1,1,44 of 69,39 of 68,63%,57%,48 of 73,42 of 72,0 of 0,0 of 0,---,---,1,0,,,,,0,0,36 of 74,26 of 61,48%,42%,47 of 87,26 of 61,0 of 0,0 of 0,---,---,0,0,,,,,0,0,41 of 70,9 of 26,58%,34%,50 of 82,11 of 32,1 of 3,0 of 0,33%,---,0,0,,,,,,,,,,,,,,,,,,,,,,,,,,,,,,,,,,,,,,,,,,,,,,,,,,,,,,,,,,,,,,,,,,,,,,,,,,,,,,,,,,,,,,,,,,,1,1,121 of 213,74 of 155,56%,47%,145 of 242,79 of 165,1 of 3,0 of 0,33%,---,"{'round_1_sig_str_head_1': '', 'round_1_sig_str_head_2': '', 'round_1_sig_str_body_1': '', 'round_1_sig_str_body_2': '', 'round_1_sig_str_leg_1': '44 of 69', 'round_1_sig_str_leg_2': '39 of 68', 'round_1_sig_str_dist_1': '63%', 'round_1_sig_str_dist_2': '57%', 'round_1_sig_str_clinch_1': '29 of 50', 'round_1_sig_str_clinch_2': '14 of 38', 'round_1_sig_str_ground_1': '7 of 10', 'round_1_sig_str_ground_2': '6 of 11'}","{'round_2_sig_str_head_1': '', 'round_2_sig_str_head_2': '', 'round_2_sig_str_body_1': '', 'round_2_sig_str_body_2': '', 'round_2_sig_str_leg_1': '44 of 69', 'round_2_sig_str_leg_2': '39 of 68', 'round_2_sig_str_dist_1': '63%', 'round_2_sig_str_dist_2': '57%', 'round_2_sig_str_clinch_1': '29 of 50', 'round_2_sig_str_clinch_2': '14 of 38', 'round_2_sig_str_ground_1': '7 of 10', 'round_2_sig_str_ground_2': '6 of 11'}","{'round_3_sig_str_head_1': '', 'round_3_sig_str_head_2': '', 'round_3_sig_str_body_1': '', 'round_3_sig_str_body_2': '', 'round_3_sig_str_leg_1': '44 of 69', 'round_3_sig_str_leg_2': '39 of 68', 'round_3_sig_str_dist_1': '63%', 'round_3_sig_str_dist_2': '57%', 'round_3_sig_str_clinch_1': '29 of 50', 'round_3_sig_str_clinch_2': '14 of 38', 'round_3_sig_str_ground_1': '7 of 10', 'round_3_sig_str_ground_2': '6 of 11'}","{'round_4_sig_str_head_1': '', 'round_4_sig_str_head_2': '', 'round_4_sig_str_body_1': '', 'round_4_sig_str_body_2': '', 'round_4_sig_str_leg_1': '44 of 69', 'round_4_sig_str_leg_2': '39 of 68', 'round_4_sig_str_dist_1': '63%', 'round_4_sig_str_dist_2': '57%', 'round_4_sig_str_clinch_1': '29 of 50', 'round_4_sig_str_clinch_2': '14 of 38', 'round_4_sig_str_ground_1': '7 of 10', 'round_4_sig_str_ground_2': '6 of 11'}","{'round_5_sig_str_head_1': '', 'round_5_sig_str_head_2': '', 'round_5_sig_str_body_1': '', 'round_5_sig_str_body_2': '', 'round_5_sig_str_leg_1': '44 of 69', 'round_5_sig_str_leg_2': '39 of 68', 'round_5_sig_str_dist_1': '63%', 'round_5_sig_str_dist_2': '57%', 'round_5_sig_str_clinch_1': '29 of 50', 'round_5_sig_str_clinch_2': '14 of 38', 'round_5_sig_str_ground_1': '7 of 10', 'round_5_sig_str_ground_2': '6 of 11'}",,,,,,,,,,,,,,,,,,
http://ufcstats.com/fight-details/2a930e2d7e1f87a9,"November 16, 2024","New York City, New York, USA",L,Jonathan Martinez,"""Dragon""",W,Marcus McGhee,"""The Maniac""",Bantamweight Bout,Decision - Unanimous,,,,,Chris Bolinski 28 - 29. Sal D'amato 28 - 29. Chris Lee 28 - 29.,,,,,0,0,48 of 108,102 of 223,44%,45%,49 of 109,105 of 226,0 of 0,0 of 0,---,---,0,0,,,,,,,,,,,,,,,,,,,,,,,0,0,7 of 18,33 of 75,38%,44%,7 of 18,33 of 75,0 of 0,0 of 0,---,---,0,0,,,,,0,0,17 of 47,42 of 93,36%,45%,17 of 47,45 of 96,0 of 0,0 of 0,---,---,0,0,,,,,0,0,24 of 43,27 of 55,55%,49%,25 of 44,27 of 55,0 of 0,0 of 0,---,---,0,0,,,,,,,,,,,,,,,,,,,,,,,,,,,,,,,,,,,,,,,,,,,,,,,,,,,,,,,,,,,,,,,,,,,,,,,,,,,,,,,,,,,,,,,,,,,0,0,48 of 108,102 of 223,44%,45%,49 of 109,105 of 226,0 of 0,0 of 0,---,---,"{'round_1_sig_str_head_1': '', 'round_1_sig_str_head_2': '', 'round_1_sig_str_body_1': '', 'round_1_sig_str_body_2': '', 'round_1_sig_str_leg_1': '7 of 18', 'round_1_sig_str_leg_2': '33 of 75', 'round_1_sig_str_dist_1': '38%', 'round_1_sig_str_dist_2': '44%', 'round_1_sig_str_clinch_1': '0 of 11', 'round_1_sig_str_clinch_2': '17 of 52', 'round_1_sig_str_ground_1': '1 of 1', 'round_1_sig_str_ground_2': '5 of 11'}","{'round_2_sig_str_head_1': '', 'round_2_sig_str_head_2': '', 'round_2_sig_str_body_1': '', 'round_2_sig_str_body_2': '', 'round_2_sig_str_leg_1': '7 of 18', 'round_2_sig_str_leg_2': '33 of 75', 'round_2_sig_str_dist_1': '38%', 'round_2_sig_str_dist_2': '44%', 'round_2_sig_str_clinch_1': '0 of 11', 'round_2_sig_str_clinch_2': '17 of 52', 'round_2_sig_str_ground_1': '1 of 1', 'round_2_sig_str_ground_2': '5 of 11'}","{'round_3_sig_str_head_1': '', 'round_3_sig_str_head_2': '', 'round_3_sig_str_body_1': '', 'round_3_sig_str_body_2': '', 'round_3_sig_str_leg_1': '7 of 18', 'round_3_sig_str_leg_2': '33 of 75', 'round_3_sig_str_dist_1': '38%', 'round_3_sig_str_dist_2': '44%', 'round_3_sig_str_clinch_1': '0 of 11', 'round_3_sig_str_clinch_2': '17 of 52', 'round_3_sig_str_ground_1': '1 of 1', 'round_3_sig_str_ground_2': '5 of 11'}","{'round_4_sig_str_head_1': '', 'round_4_sig_str_head_2': '', 'round_4_sig_str_body_1': '', 'round_4_sig_str_body_2': '', 'round_4_sig_str_leg_1': '7 of 18', 'round_4_sig_str_leg_2': '33 of 75', 'round_4_sig_str_dist_1': '38%', 'round_4_sig_str_dist_2': '44%', 'round_4_sig_str_clinch_1': '0 of 11', 'round_4_sig_str_clinch_2': '17 of 52', 'round_4_sig_str_ground_1': '1 of 1', 'round_4_sig_str_ground_2': '5 of 11'}","{'round_5_sig_str_head_1': '', 'round_5_sig_str_head_2': '', 'round_5_sig_str_body_1': '', 'round_5_sig_str_body_2': '', 'round_5_sig_str_leg_1': '7 of 18', 'round_5_sig_str_leg_2': '33 of 75', 'round_5_sig_str_dist_1': '38%', 'round_5_sig_str_dist_2': '44%', 'round_5_sig_str_clinch_1': '0 of 11', 'round_5_sig_str_clinch_2': '17 of 52', 'round_5_sig_str_ground_1': '1 of 1', 'round_5_sig_str_ground_2': '5 of 11'}",,,,,,,,,,,,,,,,,,
http://ufcstats.com/fight-details/35c8223cc967fe0a,"November 16, 2024","New York City, New York, USA",W,Jim Miller,"""A-10""",L,Damon Jackson,"""The Leech""",Lightweight Bout,Submission,,,,,Guillotine Choke After Drop to Guard,,,,,0,0,10 of 24,16 of 31,41%,51%,11 of 25,16 of 31,0 of 0,0 of 3,---,0%,1,0,,,,,,,,,,,,,,,,,,,,,,,0,0,10 of 24,16 of 31,41%,51%,11 of 25,16 of 31,0 of 0,0 of 3,---,0%,1,0,,,,,,,,,,,,,,,,,,,,,,,,,,,,,,,,,,,,,,,,,,,,,,,,,,,,,,,,,,,,,,,,,,,,,,,,,,,,,,,,,,,,,,,,,,,,,,,,,,,,,,,,,,,,,,,,,,,,,,,,,,,,,,,0,0,10 of 24,16 of 31,41%,51%,11 of 25,16 of 31,0 of 0,0 of 3,---,0%,"{'round_1_sig_str_head_1': '', 'round_1_sig_str_head_2': '', 'round_1_sig_str_body_1': '', 'round_1_sig_str_body_2': '', 'round_1_sig_str_leg_1': '10 of 24', 'round_1_sig_str_leg_2': '16 of 31', 'round_1_sig_str_dist_1': '41%', 'round_1_sig_str_dist_2': '51%', 'round_1_sig_str_clinch_1': '5 of 19', 'round_1_sig_str_clinch_2': '8 of 17', 'round_1_sig_str_ground_1': '2 of 2', 'round_1_sig_str_ground_2': '6 of 12'}","{'round_2_sig_str_head_1': '', 'round_2_sig_str_head_2': '', 'round_2_sig_str_body_1': '', 'round_2_sig_str_body_2': '', 'round_2_sig_str_leg_1': '10 of 24', 'round_2_sig_str_leg_2': '16 of 31', 'round_2_sig_str_dist_1': '41%', 'round_2_sig_str_dist_2': '51%', 'round_2_sig_str_clinch_1': '5 of 19', 'round_2_sig_str_clinch_2': '8 of 17', 'round_2_sig_str_ground_1': '2 of 2', 'round_2_sig_str_ground_2': '6 of 12'}","{'round_3_sig_str_head_1': '', 'round_3_sig_str_head_2': '', 'round_3_sig_str_body_1': '', 'round_3_sig_str_body_2': '', 'round_3_sig_str_leg_1': '10 of 24', 'round_3_sig_str_leg_2': '16 of 31', 'round_3_sig_str_dist_1': '41%', 'round_3_sig_str_dist_2': '51%', 'round_3_sig_str_clinch_1': '5 of 19', 'round_3_sig_str_clinch_2': '8 of 17', 'round_3_sig_str_ground_1': '2 of 2', 'round_3_sig_str_ground_2': '6 of 12'}","{'round_4_sig_str_head_1': '', 'round_4_sig_str_head_2': '', 'round_4_sig_str_body_1': '', 'round_4_sig_str_body_2': '', 'round_4_sig_str_leg_1': '10 of 24', 'round_4_sig_str_leg_2': '16 of 31', 'round_4_sig_str_dist_1': '41%', 'round_4_sig_str_dist_2': '51%', 'round_4_sig_str_clinch_1': '5 of 19', 'round_4_sig_str_clinch_2': '8 of 17', 'round_4_sig_str_ground_1': '2 of 2', 'round_4_sig_str_ground_2': '6 of 12'}","{'round_5_sig_str_head_1': '', 'round_5_sig_str_head_2': '', 'round_5_sig_str_body_1': '', 'round_5_sig_str_body_2': '', 'round_5_sig_str_leg_1': '10 of 24', 'round_5_sig_str_leg_2': '16 of 31', 'round_5_sig_str_dist_1': '41%', 'round_5_sig_str_dist_2': '51%', 'round_5_sig_str_clinch_1': '5 of 19', 'round_5_sig_str_clinch_2': '8 of 17', 'round_5_sig_str_ground_1': '2 of 2', 'round_5_sig_str_ground_2': '6 of 12'}",,,,,,,,,,,,,,,,,,
http://ufcstats.com/fight-details/cfd3e62c638fbd1f,"November 16, 2024","New York City, New York, USA",W,Bo Nickal,,L,Paul Craig,"""Bearjew""",Middleweight Bout,Decision - Unanimous,,,,,Chris Bolinski 27 - 30. Sal D'amato 27 - 30. Bryan Miner 27 - 30.,,,,,0,0,54 of 85,47 of 129,63%,36%,54 of 85,48 of 130,0 of 0,0 of 0,---,---,0,0,,,,,,,,,,,,,,,,,,,,,,,0,0,16 of 31,13 of 35,51%,37%,16 of 31,14 of 36,0 of 0,0 of 0,---,---,0,0,,,,,0,0,22 of 26,21 of 48,84%,43%,22 of 26,21 of 48,0 of 0,0 of 0,---,---,0,0,,,,,0,0,16 of 28,13 of 46,57%,28%,16 of 28,13 of 46,0 of 0,0 of 0,---,---,0,0,,,,,,,,,,,,,,,,,,,,,,,,,,,,,,,,,,,,,,,,,,,,,,,,,,,,,,,,,,,,,,,,,,,,,,,,,,,,,,,,,,,,,,,,,,,0,0,54 of 85,47 of 129,63%,36%,54 of 85,48 of 130,0 of 0,0 of 0,---,---,"{'round_1_sig_str_head_1': '', 'round_1_sig_str_head_2': '', 'round_1_sig_str_body_1': '', 'round_1_sig_str_body_2': '', 'round_1_sig_str_leg_1': '16 of 31', 'round_1_sig_str_leg_2': '13 of 35', 'round_1_sig_str_dist_1': '51%', 'round_1_sig_str_dist_2': '37%', 'round_1_sig_str_clinch_1': '5 of 17', 'round_1_sig_str_clinch_2': '4 of 24', 'round_1_sig_str_ground_1': '3 of 5', 'round_1_sig_str_ground_2': '4 of 6'}","{'round_2_sig_str_head_1': '', 'round_2_sig_str_head_2': '', 'round_2_sig_str_body_1': '', 'round_2_sig_str_body_2': '', 'round_2_sig_str_leg_1': '16 of 31', 'round_2_sig_str_leg_2': '13 of 35', 'round_2_sig_str_dist_1': '51%', 'round_2_sig_str_dist_2': '37%', 'round_2_sig_str_clinch_1': '5 of 17', 'round_2_sig_str_clinch_2': '4 of 24', 'round_2_sig_str_ground_1': '3 of 5', 'round_2_sig_str_ground_2': '4 of 6'}","{'round_3_sig_str_head_1': '', 'round_3_sig_str_head_2': '', 'round_3_sig_str_body_1': '', 'round_3_sig_str_body_2': '', 'round_3_sig_str_leg_1': '16 of 31', 'round_3_sig_str_leg_2': '13 of 35', 'round_3_sig_str_dist_1': '51%', 'round_3_sig_str_dist_2': '37%', 'round_3_sig_str_clinch_1': '5 of 17', 'round_3_sig_str_clinch_2': '4 of 24', 'round_3_sig_str_ground_1': '3 of 5', 'round_3_sig_str_ground_2': '4 of 6'}","{'round_4_sig_str_head_1': '', 'round_4_sig_str_head_2': '', 'round_4_sig_str_body_1': '', 'round_4_sig_str_body_2': '', 'round_4_sig_str_leg_1': '16 of 31', 'round_4_sig_str_leg_2': '13 of 35', 'round_4_sig_str_dist_1': '51%', 'round_4_sig_str_dist_2': '37%', 'round_4_sig_str_clinch_1': '5 of 17', 'round_4_sig_str_clinch_2': '4 of 24', 'round_4_sig_str_ground_1': '3 of 5', 'round_4_sig_str_ground_2': '4 of 6'}","{'round_5_sig_str_head_1': '', 'round_5_sig_str_head_2': '', 'round_5_sig_str_body_1': '', 'round_5_sig_str_body_2': '', 'round_5_sig_str_leg_1': '16 of 31', 'round_5_sig_str_leg_2': '13 of 35', 'round_5_sig_str_dist_1': '51%', 'round_5_sig_str_dist_2': '37%', 'round_5_sig_str_clinch_1': '5 of 17', 'round_5_sig_str_clinch_2': '4 of 24', 'round_5_sig_str_ground_1': '3 of 5', 'round_5_sig_str_ground_2': '4 of 6'}",,,,,,,,,,,,,,,,,,
http://ufcstats.com/fight-details/b35e47f2f58ef026,"November 16, 2024","New York City, New York, USA",W,Jon Jones,"""Bones""",L,Stipe Miocic,,,KO/TKO,,,,,Spinning Back Kick Body,,,,,1,0,96 of 119,37 of 89,80%,41%,104 of 128,42 of 94,1 of 1,0 of 0,100%,---,0,0,,,,,,,,,,,,,,,,,,,,,,,0,0,42 of 48,6 of 13,87%,46%,49 of 56,11 of 18,1 of 1,0 of 0,100%,---,0,0,,,,,0,0,20 of 28,16 of 37,71%,43%,20 of 28,16 of 37,0 of 0,0 of 0,---,---,0,0,,,,,1,0,34 of 43,15 of 39,79%,38%,35 of 44,15 of 39,0 of 0,0 of 0,---,---,0,0,,,,,,,,,,,,,,,,,,,,,,,,,,,,,,,,,,,,,,,,,,,,,,,,,,,,,,,,,,,,,,,,,,,,,,,,,,,,,,,,,,,,,,,,,,,1,0,96 of 119,37 of 89,80%,41%,104 of 128,42 of 94,1 of 1,0 of 0,100%,---,"{'round_1_sig_str_head_1': '', 'round_1_sig_str_head_2': '', 'round_1_sig_str_body_1': '', 'round_1_sig_str_body_2': '', 'round_1_sig_str_leg_1': '42 of 48', 'round_1_sig_str_leg_2': '6 of 13', 'round_1_sig_str_dist_1': '87%', 'round_1_sig_str_dist_2': '46%', 'round_1_sig_str_clinch_1': '36 of 42', 'round_1_sig_str_clinch_2': '3 of 10', 'round_1_sig_str_ground_1': '4 of 4', 'round_1_sig_str_ground_2': '1 of 1'}","{'round_2_sig_str_head_1': '', 'round_2_sig_str_head_2': '', 'round_2_sig_str_body_1': '', 'round_2_sig_str_body_2': '', 'round_2_sig_str_leg_1': '42 of 48', 'round_2_sig_str_leg_2': '6 of 13', 'round_2_sig_str_dist_1': '87%', 'round_2_sig_str_dist_2': '46%', 'round_2_sig_str_clinch_1': '36 of 42', 'round_2_sig_str_clinch_2': '3 of 10', 'round_2_sig_str_ground_1': '4 of 4', 'round_2_sig_str_ground_2': '1 of 1'}","{'round_3_sig_str_head_1': '', 'round_3_sig_str_head_2': '', 'round_3_sig_str_body_1': '', 'round_3_sig_str_body_2': '', 'round_3_sig_str_leg_1': '42 of 48', 'round_3_sig_str_leg_2': '6 of 13', 'round_3_sig_str_dist_1': '87%', 'round_3_sig_str_dist_2': '46%', 'round_3_sig_str_clinch_1': '36 of 42', 'round_3_sig_str_clinch_2': '3 of 10', 'round_3_sig_str_ground_1': '4 of 4', 'round_3_sig_str_ground_2': '1 of 1'}","{'round_4_sig_str_head_1': '', 'round_4_sig_str_head_2': '', 'round_4_sig_str_body_1': '', 'round_4_sig_str_body_2': '', 'round_4_sig_str_leg_1': '42 of 48', 'round_4_sig_str_leg_2': '6 of 13', 'round_4_sig_str_dist_1': '87%', 'round_4_sig_str_dist_2': '46%', 'round_4_sig_str_clinch_1': '36 of 42', 'round_4_sig_str_clinch_2': '3 of 10', 'round_4_sig_str_ground_1': '4 of 4', 'round_4_sig_str_ground_2': '1 of 1'}","{'round_5_sig_str_head_1': '', 'round_5_sig_str_head_2': '', 'round_5_sig_str_body_1': '', 'round_5_sig_str_body_2': '', 'round_5_sig_str_leg_1': '42 of 48', 'round_5_sig_str_leg_2': '6 of 13', 'round_5_sig_str_dist_1': '87%', 'round_5_sig_str_dist_2': '46%', 'round_5_sig_str_clinch_1': '36 of 42', 'round_5_sig_str_clinch_2': '3 of 10', 'round_5_sig_str_ground_1': '4 of 4', 'round_5_sig_str_ground_2': '1 of 1'}",,,,,,,,,,,,,,,,,,
http://ufcstats.com/fight-details/7ba432e218edc17d,"September 28, 2024","Paris, Ile-de-France, France",W,Ailin Perez,"""Fiona""",L,Daria Zhelezniakova,"""Iron Lady""",Women's Bantamweight Bout,Submission,,,,,Arm Triangle From Half Guard,,,,,0,0,7 of 12,5 of 12,58%,41%,22 of 27,12 of 21,2 of 4,1 of 1,50%,100%,1,0,,,,,,,,,,,,,,,,,,,,,,,0,0,7 of 12,5 of 12,58%,41%,22 of 27,12 of 21,2 of 4,1 of 1,50%,100%,1,0,,,,,,,,,,,,,,,,,,,,,,,,,,,,,,,,,,,,,,,,,,,,,,,,,,,,,,,,,,,,,,,,,,,,,,,,,,,,,,,,,,,,,,,,,,,,,,,,,,,,,,,,,,,,,,,,,,,,,,,,,,,,,,,0,0,7 of 12,5 of 12,58%,41%,22 of 27,12 of 21,2 of 4,1 of 1,50%,100%,"{'round_1_sig_str_head_1': '', 'round_1_sig_str_head_2': '', 'round_1_sig_str_body_1': '', 'round_1_sig_str_body_2': '', 'round_1_sig_str_leg_1': '7 of 12', 'round_1_sig_str_leg_2': '5 of 12', 'round_1_sig_str_dist_1': '58%', 'round_1_sig_str_dist_2': '41%', 'round_1_sig_str_clinch_1': '5 of 7', 'round_1_sig_str_clinch_2': '4 of 10', 'round_1_sig_str_ground_1': '0 of 1', 'round_1_sig_str_ground_2': '1 of 2'}","{'round_2_sig_str_head_1': '', 'round_2_sig_str_head_2': '', 'round_2_sig_str_body_1': '', 'round_2_sig_str_body_2': '', 'round_2_sig_str_leg_1': '7 of 12', 'round_2_sig_str_leg_2': '5 of 12', 'round_2_sig_str_dist_1': '58%', 'round_2_sig_str_dist_2': '41%', 'round_2_sig_str_clinch_1': '5 of 7', 'round_2_sig_str_clinch_2': '4 of 10', 'round_2_sig_str_ground_1': '0 of 1', 'round_2_sig_str_ground_2': '1 of 2'}","{'round_3_sig_str_head_1': '', 'round_3_sig_str_head_2': '', 'round_3_sig_str_body_1': '', 'round_3_sig_str_body_2': '', 'round_3_sig_str_leg_1': '7 of 12', 'round_3_sig_str_leg_2': '5 of 12', 'round_3_sig_str_dist_1': '58%', 'round_3_sig_str_dist_2': '41%', 'round_3_sig_str_clinch_1': '5 of 7', 'round_3_sig_str_clinch_2': '4 of 10', 'round_3_sig_str_ground_1': '0 of 1', 'round_3_sig_str_ground_2': '1 of 2'}","{'round_4_sig_str_head_1': '', 'round_4_sig_str_head_2': '', 'round_4_sig_str_body_1': '', 'round_4_sig_str_body_2': '', 'round_4_sig_str_leg_1': '7 of 12', 'round_4_sig_str_leg_2': '5 of 12', 'round_4_sig_str_dist_1': '58%', 'round_4_sig_str_dist_2': '41%', 'round_4_sig_str_clinch_1': '5 of 7', 'round_4_sig_str_clinch_2': '4 of 10', 'round_4_sig_str_ground_1': '0 of 1', 'round_4_sig_str_ground_2': '1 of 2'}","{'round_5_sig_str_head_1': '', 'round_5_sig_str_head_2': '', 'round_5_sig_str_body_1': '', 'round_5_sig_str_body_2': '', 'round_5_sig_str_leg_1': '7 of 12', 'round_5_sig_str_leg_2': '5 of 12', 'round_5_sig_str_dist_1': '58%', 'round_5_sig_str_dist_2': '41%', 'round_5_sig_str_clinch_1': '5 of 7', 'round_5_sig_str_clinch_2': '4 of 10', 'round_5_sig_str_ground_1': '0 of 1', 'round_5_sig_str_ground_2': '1 of 2'}",,,,,,,,,,,,,,,,,,
http://ufcstats.com/fight-details/55eebc2ee92bf00a,"November 16, 2024","New York City, New York, USA",W,Mauricio Ruffy,,L,James Llontop,"""Goku""",Catch Weight Bout,Decision - Unanimous,,,,,Eric Colon 28 - 29. Ron McCarthy 28 - 29. Bryan Miner 28 - 29.,,,,,1,0,67 of 113,90 of 236,59%,38%,74 of 120,112 of 260,0 of 0,0 of 6,---,0%,0,0,,,,,,,,,,,,,,,,,,,,,,,0,0,21 of 31,19 of 63,67%,30%,21 of 31,19 of 63,0 of 0,0 of 0,---,---,0,0,,,,,1,0,24 of 42,26 of 78,57%,33%,25 of 43,28 of 80,0 of 0,0 of 2,---,0%,0,0,,,,,0,0,22 of 40,45 of 95,55%,47%,28 of 46,65 of 117,0 of 0,0 of 4,---,0%,0,0,,,,,,,,,,,,,,,,,,,,,,,,,,,,,,,,,,,,,,,,,,,,,,,,,,,,,,,,,,,,,,,,,,,,,,,,,,,,,,,,,,,,,,,,,,,1,0,67 of 113,90 of 236,59%,38%,74 of 120,112 of 260,0 of 0,0 of 6,---,0%,"{'round_1_sig_str_head_1': '', 'round_1_sig_str_head_2': '', 'round_1_sig_str_body_1': '', 'round_1_sig_str_body_2': '', 'round_1_sig_str_leg_1': '21 of 31', 'round_1_sig_str_leg_2': '19 of 63', 'round_1_sig_str_dist_1': '67%', 'round_1_sig_str_dist_2': '30%', 'round_1_sig_str_clinch_1': '13 of 23', 'round_1_sig_str_clinch_2': '6 of 36', 'round_1_sig_str_ground_1': '3 of 3', 'round_1_sig_str_ground_2': '7 of 14'}","{'round_2_sig_str_head_1': '', 'round_2_sig_str_head_2': '', 'round_2_sig_str_body_1': '', 'round_2_sig_str_body_2': '', 'round_2_sig_str_leg_1': '21 of 31', 'round_2_sig_str_leg_2': '19 of 63', 'round_2_sig_str_dist_1': '67%', 'round_2_sig_str_dist_2': '30%', 'round_2_sig_str_clinch_1': '13 of 23', 'round_2_sig_str_clinch_2': '6 of 36', 'round_2_sig_str_ground_1': '3 of 3', 'round_2_sig_str_ground_2': '7 of 14'}","{'round_3_sig_str_head_1': '', 'round_3_sig_str_head_2': '', 'round_3_sig_str_body_1': '', 'round_3_sig_str_body_2': '', 'round_3_sig_str_leg_1': '21 of 31', 'round_3_sig_str_leg_2': '19 of 63', 'round_3_sig_str_dist_1': '67%', 'round_3_sig_str_dist_2': '30%', 'round_3_sig_str_clinch_1': '13 of 23', 'round_3_sig_str_clinch_2': '6 of 36', 'round_3_sig_str_ground_1': '3 of 3', 'round_3_sig_str_ground_2': '7 of 14'}","{'round_4_sig_str_head_1': '', 'round_4_sig_str_head_2': '', 'round_4_sig_str_body_1': '', 'round_4_sig_str_body_2': '', 'round_4_sig_str_leg_1': '21 of 31', 'round_4_sig_str_leg_2': '19 of 63', 'round_4_sig_str_dist_1': '67%', 'round_4_sig_str_dist_2': '30%', 'round_4_sig_str_clinch_1': '13 of 23', 'round_4_sig_str_clinch_2': '6 of 36', 'round_4_sig_str_ground_1': '3 of 3', 'round_4_sig_str_ground_2': '7 of 14'}","{'round_5_sig_str_head_1': '', 'round_5_sig_str_head_2': '', 'round_5_sig_str_body_1': '', 'round_5_sig_str_body_2': '', 'round_5_sig_str_leg_1': '21 of 31', 'round_5_sig_str_leg_2': '19 of 63', 'round_5_sig_str_dist_1': '67%', 'round_5_sig_str_dist_2': '30%', 'round_5_sig_str_clinch_1': '13 of 23', 'round_5_sig_str_clinch_2': '6 of 36', 'round_5_sig_str_ground_1': '3 of 3', 'round_5_sig_str_ground_2': '7 of 14'}",,,,,,,,,,,,,,,,,,
http://ufcstats.com/fight-details/3599e9de4ae0e171,"September 28, 2024","Paris, Ile-de-France, France",W,Oumar Sy,,L,Da Woon Jung,"""Sseda""",Light Heavyweight Bout,Decision - Unanimous,,,,,Ben Cartlidge 27 - 30. Sal D'amato 27 - 30. David Lethaby 27 - 30.,,,,,0,0,90 of 150,29 of 117,60%,24%,97 of 160,36 of 124,2 of 7,0 of 1,28%,0%,0,0,,,,,,,,,,,,,,,,,,,,,,,0,0,23 of 42,14 of 40,54%,35%,23 of 42,21 of 47,1 of 4,0 of 0,25%,---,0,0,,,,,0,0,43 of 75,8 of 43,57%,18%,43 of 76,8 of 43,0 of 1,0 of 0,0%,---,0,0,,,,,0,0,24 of 33,7 of 34,72%,20%,31 of 42,7 of 34,1 of 2,0 of 1,50%,0%,0,0,,,,,,,,,,,,,,,,,,,,,,,,,,,,,,,,,,,,,,,,,,,,,,,,,,,,,,,,,,,,,,,,,,,,,,,,,,,,,,,,,,,,,,,,,,,0,0,90 of 150,29 of 117,60%,24%,97 of 160,36 of 124,2 of 7,0 of 1,28%,0%,"{'round_1_sig_str_head_1': '', 'round_1_sig_str_head_2': '', 'round_1_sig_str_body_1': '', 'round_1_sig_str_body_2': '', 'round_1_sig_str_leg_1': '23 of 42', 'round_1_sig_str_leg_2': '14 of 40', 'round_1_sig_str_dist_1': '54%', 'round_1_sig_str_dist_2': '35%', 'round_1_sig_str_clinch_1': '8 of 23', 'round_1_sig_str_clinch_2': '9 of 26', 'round_1_sig_str_ground_1': '4 of 6', 'round_1_sig_str_ground_2': '1 of 5'}","{'round_2_sig_str_head_1': '', 'round_2_sig_str_head_2': '', 'round_2_sig_str_body_1': '', 'round_2_sig_str_body_2': '', 'round_2_sig_str_leg_1': '23 of 42', 'round_2_sig_str_leg_2': '14 of 40', 'round_2_sig_str_dist_1': '54%', 'round_2_sig_str_dist_2': '35%', 'round_2_sig_str_clinch_1': '8 of 23', 'round_2_sig_str_clinch_2': '9 of 26', 'round_2_sig_str_ground_1': '4 of 6', 'round_2_sig_str_ground_2': '1 of 5'}","{'round_3_sig_str_head_1': '', 'round_3_sig_str_head_2': '', 'round_3_sig_str_body_1': '', 'round_3_sig_str_body_2': '', 'round_3_sig_str_leg_1': '23 of 42', 'round_3_sig_str_leg_2': '14 of 40', 'round_3_sig_str_dist_1': '54%', 'round_3_sig_str_dist_2': '35%', 'round_3_sig_str_clinch_1': '8 of 23', 'round_3_sig_str_clinch_2': '9 of 26', 'round_3_sig_str_ground_1': '4 of 6', 'round_3_sig_str_ground_2': '1 of 5'}","{'round_4_sig_str_head_1': '', 'round_4_sig_str_head_2': '', 'round_4_sig_str_body_1': '', 'round_4_sig_str_body_2': '', 'round_4_sig_str_leg_1': '23 of 42', 'round_4_sig_str_leg_2': '14 of 40', 'round_4_sig_str_dist_1': '54%', 'round_4_sig_str_dist_2': '35%', 'round_4_sig_str_clinch_1': '8 of 23', 'round_4_sig_str_clinch_2': '9 of 26', 'round_4_sig_str_ground_1': '4 of 6', 'round_4_sig_str_ground_2': '1 of 5'}","{'round_5_sig_str_head_1': '', 'round_5_sig_str_head_2': '', 'round_5_sig_str_body_1': '', 'round_5_sig_str_body_2': '', 'round_5_sig_str_leg_1': '23 of 42', 'round_5_sig_str_leg_2': '14 of 40', 'round_5_sig_str_dist_1': '54%', 'round_5_sig_str_dist_2': '35%', 'round_5_sig_str_clinch_1': '8 of 23', 'round_5_sig_str_clinch_2': '9 of 26', 'round_5_sig_str_ground_1': '4 of 6', 'round_5_sig_str_ground_2': '1 of 5'}",,,,,,,,,,,,,,,,,,
http://ufcstats.com/fight-details/4f4189009a190e35,"November 16, 2024","New York City, New York, USA",W,Charles Oliveira,"""Do Bronxs""",L,Michael Chandler,"""Iron""",,Decision - Unanimous,,,,,Eric Colon 46 - 49. Junichiro Kamijo 46 - 49. Ron McCarthy 45 - 49.,,,,,0,0,88 of 122,84 of 113,72%,74%,117 of 153,150 of 181,5 of 12,0 of 1,41%,0%,2,0,,,,,,,,,,,,,,,,,,,,,,,0,0,11 of 16,8 of 9,68%,88%,18 of 24,35 of 37,1 of 2,0 of 0,50%,---,0,0,,,,,0,0,24 of 35,15 of 22,68%,68%,27 of 38,38 of 45,1 of 1,0 of 0,100%,---,0,0,,,,,0,0,27 of 36,13 of 19,75%,68%,41 of 51,15 of 21,1 of 3,0 of 0,33%,---,1,0,,,,,,,,,,,,,,,,,,,,,,,,,,,,,,,,,,,,,,,,,,,,,,,,,,,,,,,,,,,,,,,,,,,,,,,,,,,,,,,,,,,,,,,,,,,0,0,88 of 122,84 of 113,72%,74%,117 of 153,150 of 181,5 of 12,0 of 1,41%,0%,"{'round_1_sig_str_head_1': '', 'round_1_sig_str_head_2': '', 'round_1_sig_str_body_1': '', 'round_1_sig_str_body_2': '', 'round_1_sig_str_leg_1': '11 of 16', 'round_1_sig_str_leg_2': '8 of 9', 'round_1_sig_str_dist_1': '68%', 'round_1_sig_str_dist_2': '88%', 'round_1_sig_str_clinch_1': '4 of 7', 'round_1_sig_str_clinch_2': '4 of 5', 'round_1_sig_str_ground_1': '3 of 5', 'round_1_sig_str_ground_2': '3 of 3'}","{'round_2_sig_str_head_1': '', 'round_2_sig_str_head_2': '', 'round_2_sig_str_body_1': '', 'round_2_sig_str_body_2': '', 'round_2_sig_str_leg_1': '11 of 16', 'round_2_sig_str_leg_2': '8 of 9', 'round_2_sig_str_dist_1': '68%', 'round_2_sig_str_dist_2': '88%', 'round_2_sig_str_clinch_1': '4 of 7', 'round_2_sig_str_clinch_2': '4 of 5', 'round_2_sig_str_ground_1': '3 of 5', 'round_2_sig_str_ground_2': '3 of 3'}","{'round_3_sig_str_head_1': '', 'round_3_sig_str_head_2': '', 'round_3_sig_str_body_1': '', 'round_3_sig_str_body_2': '', 'round_3_sig_str_leg_1': '11 of 16', 'round_3_sig_str_leg_2': '8 of 9', 'round_3_sig_str_dist_1': '68%', 'round_3_sig_str_dist_2': '88%', 'round_3_sig_str_clinch_1': '4 of 7', 'round_3_sig_str_clinch_2': '4 of 5', 'round_3_sig_str_ground_1': '3 of 5', 'round_3_sig_str_ground_2': '3 of 3'}","{'round_4_sig_str_head_1': '', 'round_4_sig_str_head_2': '', 'round_4_sig_str_body_1': '', 'round_4_sig_str_body_2': '', 'round_4_sig_str_leg_1': '11 of 16', 'round_4_sig_str_leg_2': '8 of 9', 'round_4_sig_str_dist_1': '68%', 'round_4_sig_str_dist_2': '88%', 'round_4_sig_str_clinch_1': '4 of 7', 'round_4_sig_str_clinch_2': '4 of 5', 'round_4_sig_str_ground_1': '3 of 5', 'round_4_sig_str_ground_2': '3 of 3'}","{'round_5_sig_str_head_1': '', 'round_5_sig_str_head_2': '', 'round_5_sig_str_body_1': '', 'round_5_sig_str_body_2': '', 'round_5_sig_str_leg_1': '11 of 16', 'round_5_sig_str_leg_2': '8 of 9', 'round_5_sig_str_dist_1': '68%', 'round_5_sig_str_dist_2': '88%', 'round_5_sig_str_clinch_1': '4 of 7', 'round_5_sig_str_clinch_2': '4 of 5', 'round_5_sig_str_ground_1': '3 of 5', 'round_5_sig_str_ground_2': '3 of 3'}",,,,,0,0,14 of 18,8 of 16,77%,50%,15 of 19,10 of 19,1 of 3,0 of 1,33%,0%,1,0
http://ufcstats.com/fight-details/e01019fbfe0e9528,"September 28, 2024","Paris, Ile-de-France, France",W,Ludovit Klein,"""Mr. Highlight""",L,Roosevelt Roberts,"""The Predator""",Lightweight Bout,Decision - Unanimous,,,,,Ludovic Dandine 27 - 30. Anders Ohlsson 28 - 29. Clemens Werner 28 - 29.,,,,,0,0,45 of 95,24 of 60,47%,40%,107 of 181,58 of 104,2 of 3,0 of 3,66%,0%,0,0,,,,,,,,,,,,,,,,,,,,,,,0,0,18 of 42,12 of 34,42%,35%,28 of 54,14 of 38,0 of 1,0 of 2,0%,0%,0,0,,,,,0,0,9 of 20,1 of 6,45%,16%,41 of 61,17 of 24,0 of 0,0 of 0,---,---,0,0,,,,,0,0,18 of 33,11 of 20,54%,55%,38 of 66,27 of 42,2 of 2,0 of 1,100%,0%,0,0,,,,,,,,,,,,,,,,,,,,,,,,,,,,,,,,,,,,,,,,,,,,,,,,,,,,,,,,,,,,,,,,,,,,,,,,,,,,,,,,,,,,,,,,,,,0,0,45 of 95,24 of 60,47%,40%,107 of 181,58 of 104,2 of 3,0 of 3,66%,0%,"{'round_1_sig_str_head_1': '', 'round_1_sig_str_head_2': '', 'round_1_sig_str_body_1': '', 'round_1_sig_str_body_2': '', 'round_1_sig_str_leg_1': '18 of 42', 'round_1_sig_str_leg_2': '12 of 34', 'round_1_sig_str_dist_1': '42%', 'round_1_sig_str_dist_2': '35%', 'round_1_sig_str_clinch_1': '7 of 27', 'round_1_sig_str_clinch_2': '4 of 23', 'round_1_sig_str_ground_1': '7 of 11', 'round_1_sig_str_ground_2': '6 of 8'}","{'round_2_sig_str_head_1': '', 'round_2_sig_str_head_2': '', 'round_2_sig_str_body_1': '', 'round_2_sig_str_body_2': '', 'round_2_sig_str_leg_1': '18 of 42', 'round_2_sig_str_leg_2': '12 of 34', 'round_2_sig_str_dist_1': '42%', 'round_2_sig_str_dist_2': '35%', 'round_2_sig_str_clinch_1': '7 of 27', 'round_2_sig_str_clinch_2': '4 of 23', 'round_2_sig_str_ground_1': '7 of 11', 'round_2_sig_str_ground_2': '6 of 8'}","{'round_3_sig_str_head_1': '', 'round_3_sig_str_head_2': '', 'round_3_sig_str_body_1': '', 'round_3_sig_str_body_2': '', 'round_3_sig_str_leg_1': '18 of 42', 'round_3_sig_str_leg_2': '12 of 34', 'round_3_sig_str_dist_1': '42%', 'round_3_sig_str_dist_2': '35%', 'round_3_sig_str_clinch_1': '7 of 27', 'round_3_sig_str_clinch_2': '4 of 23', 'round_3_sig_str_ground_1': '7 of 11', 'round_3_sig_str_ground_2': '6 of 8'}","{'round_4_sig_str_head_1': '', 'round_4_sig_str_head_2': '', 'round_4_sig_str_body_1': '', 'round_4_sig_str_body_2': '', 'round_4_sig_str_leg_1': '18 of 42', 'round_4_sig_str_leg_2': '12 of 34', 'round_4_sig_str_dist_1': '42%', 'round_4_sig_str_dist_2': '35%', 'round_4_sig_str_clinch_1': '7 of 27', 'round_4_sig_str_clinch_2': '4 of 23', 'round_4_sig_str_ground_1': '7 of 11', 'round_4_sig_str_ground_2': '6 of 8'}","{'round_5_sig_str_head_1': '', 'round_5_sig_str_head_2': '', 'round_5_sig_str_body_1': '', 'round_5_sig_str_body_2': '', 'round_5_sig_str_leg_1': '18 of 42', 'round_5_sig_str_leg_2': '12 of 34', 'round_5_sig_str_dist_1': '42%', 'round_5_sig_str_dist_2': '35%', 'round_5_sig_str_clinch_1': '7 of 27', 'round_5_sig_str_clinch_2': '4 of 23', 'round_5_sig_str_ground_1': '7 of 11', 'round_5_sig_str_ground_2': '6 of 8'}",,,,,,,,,,,,,,,,,,
http://ufcstats.com/fight-details/d063d46208c560b1,"September 28, 2024","Paris, Ile-de-France, France",W,Taylor Lapilus,"""Double Impact""",L,Vince Morales,"""Vandetta""",Bantamweight Bout,Decision - Unanimous,,,,,Mongi Zitouni 27 - 30. Ben Cartlidge 27 - 30. David Lethaby 27 - 30.,,,,,0,0,94 of 202,39 of 141,46%,27%,99 of 208,49 of 154,0 of 1,2 of 6,0%,33%,0,0,,,,,,,,,,,,,,,,,,,,,,,0,0,35 of 81,11 of 45,43%,24%,35 of 82,12 of 46,0 of 1,0 of 0,0%,---,0,0,,,,,0,0,30 of 58,16 of 41,51%,39%,31 of 59,20 of 46,0 of 0,1 of 3,---,33%,0,0,,,,,0,0,29 of 63,12 of 55,46%,21%,33 of 67,17 of 62,0 of 0,1 of 3,---,33%,0,0,,,,,,,,,,,,,,,,,,,,,,,,,,,,,,,,,,,,,,,,,,,,,,,,,,,,,,,,,,,,,,,,,,,,,,,,,,,,,,,,,,,,,,,,,,,0,0,94 of 202,39 of 141,46%,27%,99 of 208,49 of 154,0 of 1,2 of 6,0%,33%,"{'round_1_sig_str_head_1': '', 'round_1_sig_str_head_2': '', 'round_1_sig_str_body_1': '', 'round_1_sig_str_body_2': '', 'round_1_sig_str_leg_1': '35 of 81', 'round_1_sig_str_leg_2': '11 of 45', 'round_1_sig_str_dist_1': '43%', 'round_1_sig_str_dist_2': '24%', 'round_1_sig_str_clinch_1': '23 of 66', 'round_1_sig_str_clinch_2': '6 of 33', 'round_1_sig_str_ground_1': '6 of 8', 'round_1_sig_str_ground_2': '3 of 7'}","{'round_2_sig_str_head_1': '', 'round_2_sig_str_head_2': '', 'round_2_sig_str_body_1': '', 'round_2_sig_str_body_2': '', 'round_2_sig_str_leg_1': '35 of 81', 'round_2_sig_str_leg_2': '11 of 45', 'round_2_sig_str_dist_1': '43%', 'round_2_sig_str_dist_2': '24%', 'round_2_sig_str_clinch_1': '23 of 66', 'round_2_sig_str_clinch_2': '6 of 33', 'round_2_sig_str_ground_1': '6 of 8', 'round_2_sig_str_ground_2': '3 of 7'}","{'round_3_sig_str_head_1': '', 'round_3_sig_str_head_2': '', 'round_3_sig_str_body_1': '', 'round_3_sig_str_body_2': '', 'round_3_sig_str_leg_1': '35 of 81', 'round_3_sig_str_leg_2': '11 of 45', 'round_3_sig_str_dist_1': '43%', 'round_3_sig_str_dist_2': '24%', 'round_3_sig_str_clinch_1': '23 of 66', 'round_3_sig_str_clinch_2': '6 of 33', 'round_3_sig_str_ground_1': '6 of 8', 'round_3_sig_str_ground_2': '3 of 7'}","{'round_4_sig_str_head_1': '', 'round_4_sig_str_head_2': '', 'round_4_sig_str_body_1': '', 'round_4_sig_str_body_2': '', 'round_4_sig_str_leg_1': '35 of 81', 'round_4_sig_str_leg_2': '11 of 45', 'round_4_sig_str_dist_1': '43%', 'round_4_sig_str_dist_2': '24%', 'round_4_sig_str_clinch_1': '23 of 66', 'round_4_sig_str_clinch_2': '6 of 33', 'round_4_sig_str_ground_1': '6 of 8', 'round_4_sig_str_ground_2': '3 of 7'}","{'round_5_sig_str_head_1': '', 'round_5_sig_str_head_2': '', 'round_5_sig_str_body_1': '', 'round_5_sig_str_body_2': '', 'round_5_sig_str_leg_1': '35 of 81', 'round_5_sig_str_leg_2': '11 of 45', 'round_5_sig_str_dist_1': '43%', 'round_5_sig_str_dist_2': '24%', 'round_5_sig_str_clinch_1': '23 of 66', 'round_5_sig_str_clinch_2': '6 of 33', 'round_5_sig_str_ground_1': '6 of 8', 'round_5_sig_str_ground_2': '3 of 7'}",,,,,,,,,,,,,,,,,,
http://ufcstats.com/fight-details/45f00a42a17f8e2a,"September 28, 2024","Paris, Ile-de-France, France",L,Kevin Jousset,"""Air""",W,Bryan Battle,"""The Butcher""",,KO/TKO,,,,,Punches to Head At Distance,,,,,0,0,58 of 97,97 of 170,59%,57%,63 of 107,118 of 194,0 of 2,0 of 3,0%,0%,0,0,,,,,,,,,,,,,,,,,,,,,,,0,0,29 of 40,26 of 57,72%,45%,32 of 47,36 of 69,0 of 2,0 of 3,0%,0%,0,0,,,,,0,0,29 of 57,71 of 113,50%,62%,31 of 60,82 of 125,0 of 0,0 of 0,---,---,0,0,,,,,,,,,,,,,,,,,,,,,,,,,,,,,,,,,,,,,,,,,,,,,,,,,,,,,,,,,,,,,,,,,,,,,,,,,,,,,,,,,,,,,,,,,,,,,,,,,,,,,,,,,,,,,0,0,58 of 97,97 of 170,59%,57%,63 of 107,118 of 194,0 of 2,0 of 3,0%,0%,"{'round_1_sig_str_head_1': '', 'round_1_sig_str_head_2': '', 'round_1_sig_str_body_1': '', 'round_1_sig_str_body_2': '', 'round_1_sig_str_leg_1': '29 of 40', 'round_1_sig_str_leg_2': '26 of 57', 'round_1_sig_str_dist_1': '72%', 'round_1_sig_str_dist_2': '45%', 'round_1_sig_str_clinch_1': '16 of 26', 'round_1_sig_str_clinch_2': '19 of 46', 'round_1_sig_str_ground_1': '6 of 7', 'round_1_sig_str_ground_2': '6 of 10'}","{'round_2_sig_str_head_1': '', 'round_2_sig_str_head_2': '', 'round_2_sig_str_body_1': '', 'round_2_sig_str_body_2': '', 'round_2_sig_str_leg_1': '29 of 40', 'round_2_sig_str_leg_2': '26 of 57', 'round_2_sig_str_dist_1': '72%', 'round_2_sig_str_dist_2': '45%', 'round_2_sig_str_clinch_1': '16 of 26', 'round_2_sig_str_clinch_2': '19 of 46', 'round_2_sig_str_ground_1': '6 of 7', 'round_2_sig_str_ground_2': '6 of 10'}","{'round_3_sig_str_head_1': '', 'round_3_sig_str_head_2': '', 'round_3_sig_str_body_1': '', 'round_3_sig_str_body_2': '', 'round_3_sig_str_leg_1': '29 of 40', 'round_3_sig_str_leg_2': '26 of 57', 'round_3_sig_str_dist_1': '72%', 'round_3_sig_str_dist_2': '45%', 'round_3_sig_str_clinch_1': '16 of 26', 'round_3_sig_str_clinch_2': '19 of 46', 'round_3_sig_str_ground_1': '6 of 7', 'round_3_sig_str_ground_2': '6 of 10'}","{'round_4_sig_str_head_1': '', 'round_4_sig_str_head_2': '', 'round_4_sig_str_body_1': '', 'round_4_sig_str_body_2': '', 'round_4_sig_str_leg_1': '29 of 40', 'round_4_sig_str_leg_2': '26 of 57', 'round_4_sig_str_dist_1': '72%', 'round_4_sig_str_dist_2': '45%', 'round_4_sig_str_clinch_1': '16 of 26', 'round_4_sig_str_clinch_2': '19 of 46', 'round_4_sig_str_ground_1': '6 of 7', 'round_4_sig_str_ground_2': '6 of 10'}","{'round_5_sig_str_head_1': '', 'round_5_sig_str_head_2': '', 'round_5_sig_str_body_1': '', 'round_5_sig_str_body_2': '', 'round_5_sig_str_leg_1': '29 of 40', 'round_5_sig_str_leg_2': '26 of 57', 'round_5_sig_str_dist_1': '72%', 'round_5_sig_str_dist_2': '45%', 'round_5_sig_str_clinch_1': '16 of 26', 'round_5_sig_str_clinch_2': '19 of 46', 'round_5_sig_str_ground_1': '6 of 7', 'round_5_sig_str_ground_2': '6 of 10'}",,,,,,,,,,,,,,,,,,
http://ufcstats.com/fight-details/f114929ed709606e,"September 28, 2024","Paris, Ile-de-France, France",W,Morgan Charriere,"""The Last Pirate""",L,Gabriel Miranda,"""Fly""",,KO/TKO,,,,,Punch to Head At Distance,,,,,1,0,19 of 28,11 of 38,67%,28%,28 of 37,17 of 45,2 of 2,1 of 4,100%,25%,0,0,,,,,,,,,,,,,,,,,,,,,,,0,0,16 of 24,10 of 33,66%,30%,25 of 33,16 of 40,2 of 2,1 of 4,100%,25%,0,0,,,,,1,0,3 of 4,1 of 5,75%,20%,3 of 4,1 of 5,0 of 0,0 of 0,---,---,0,0,,,,,,,,,,,,,,,,,,,,,,,,,,,,,,,,,,,,,,,,,,,,,,,,,,,,,,,,,,,,,,,,,,,,,,,,,,,,,,,,,,,,,,,,,,,,,,,,,,,,,,,,,,,,,1,0,19 of 28,11 of 38,67%,28%,28 of 37,17 of 45,2 of 2,1 of 4,100%,25%,"{'round_1_sig_str_head_1': '', 'round_1_sig_str_head_2': '', 'round_1_sig_str_body_1': '', 'round_1_sig_str_body_2': '', 'round_1_sig_str_leg_1': '16 of 24', 'round_1_sig_str_leg_2': '10 of 33', 'round_1_sig_str_dist_1': '66%', 'round_1_sig_str_dist_2': '30%', 'round_1_sig_str_clinch_1': '13 of 20', 'round_1_sig_str_clinch_2': '7 of 21', 'round_1_sig_str_ground_1': '1 of 1', 'round_1_sig_str_ground_2': '3 of 10'}","{'round_2_sig_str_head_1': '', 'round_2_sig_str_head_2': '', 'round_2_sig_str_body_1': '', 'round_2_sig_str_body_2': '', 'round_2_sig_str_leg_1': '16 of 24', 'round_2_sig_str_leg_2': '10 of 33', 'round_2_sig_str_dist_1': '66%', 'round_2_sig_str_dist_2': '30%', 'round_2_sig_str_clinch_1': '13 of 20', 'round_2_sig_str_clinch_2': '7 of 21', 'round_2_sig_str_ground_1': '1 of 1', 'round_2_sig_str_ground_2': '3 of 10'}","{'round_3_sig_str_head_1': '', 'round_3_sig_str_head_2': '', 'round_3_sig_str_body_1': '', 'round_3_sig_str_body_2': '', 'round_3_sig_str_leg_1': '16 of 24', 'round_3_sig_str_leg_2': '10 of 33', 'round_3_sig_str_dist_1': '66%', 'round_3_sig_str_dist_2': '30%', 'round_3_sig_str_clinch_1': '13 of 20', 'round_3_sig_str_clinch_2': '7 of 21', 'round_3_sig_str_ground_1': '1 of 1', 'round_3_sig_str_ground_2': '3 of 10'}","{'round_4_sig_str_head_1': '', 'round_4_sig_str_head_2': '', 'round_4_sig_str_body_1': '', 'round_4_sig_str_body_2': '', 'round_4_sig_str_leg_1': '16 of 24', 'round_4_sig_str_leg_2': '10 of 33', 'round_4_sig_str_dist_1': '66%', 'round_4_sig_str_dist_2': '30%', 'round_4_sig_str_clinch_1': '13 of 20', 'round_4_sig_str_clinch_2': '7 of 21', 'round_4_sig_str_ground_1': '1 of 1', 'round_4_sig_str_ground_2': '3 of 10'}","{'round_5_sig_str_head_1': '', 'round_5_sig_str_head_2': '', 'round_5_sig_str_body_1': '', 'round_5_sig_str_body_2': '', 'round_5_sig_str_leg_1': '16 of 24', 'round_5_sig_str_leg_2': '10 of 33', 'round_5_sig_str_dist_1': '66%', 'round_5_sig_str_dist_2': '30%', 'round_5_sig_str_clinch_1': '13 of 20', 'round_5_sig_str_clinch_2': '7 of 21', 'round_5_sig_str_ground_1': '1 of 1', 'round_5_sig_str_ground_2': '3 of 10'}",,,,,,,,,,,,,,,,,,
http://ufcstats.com/fight-details/89b772f864acb637,"September 28, 2024","Paris, Ile-de-France, France",W,Ion Cutelaba,"""The Hulk""",L,Ivan Erslan,,Light Heavyweight Bout,Decision - Split,,,,,Anders Ohlsson 28 - 29. Damien Gluski 29 - 28. Clemens Werner 28 - 29.,,,,,0,0,45 of 120,39 of 69,37%,56%,80 of 161,63 of 101,3 of 12,1 of 2,25%,50%,0,0,,,,,,,,,,,,,,,,,,,,,,,0,0,18 of 72,24 of 39,25%,61%,22 of 77,25 of 40,0 of 3,0 of 0,0%,---,0,0,,,,,0,0,24 of 43,14 of 27,55%,51%,44 of 66,17 of 31,2 of 5,0 of 1,40%,0%,0,0,,,,,0,0,3 of 5,1 of 3,60%,33%,14 of 18,21 of 30,1 of 4,1 of 1,25%,100%,0,0,,,,,,,,,,,,,,,,,,,,,,,,,,,,,,,,,,,,,,,,,,,,,,,,,,,,,,,,,,,,,,,,,,,,,,,,,,,,,,,,,,,,,,,,,,,0,0,45 of 120,39 of 69,37%,56%,80 of 161,63 of 101,3 of 12,1 of 2,25%,50%,"{'round_1_sig_str_head_1': '', 'round_1_sig_str_head_2': '', 'round_1_sig_str_body_1': '', 'round_1_sig_str_body_2': '', 'round_1_sig_str_leg_1': '18 of 72', 'round_1_sig_str_leg_2': '24 of 39', 'round_1_sig_str_dist_1': '25%', 'round_1_sig_str_dist_2': '61%', 'round_1_sig_str_clinch_1': '9 of 57', 'round_1_sig_str_clinch_2': '21 of 36', 'round_1_sig_str_ground_1': '5 of 10', 'round_1_sig_str_ground_2': '2 of 2'}","{'round_2_sig_str_head_1': '', 'round_2_sig_str_head_2': '', 'round_2_sig_str_body_1': '', 'round_2_sig_str_body_2': '', 'round_2_sig_str_leg_1': '18 of 72', 'round_2_sig_str_leg_2': '24 of 39', 'round_2_sig_str_dist_1': '25%', 'round_2_sig_str_dist_2': '61%', 'round_2_sig_str_clinch_1': '9 of 57', 'round_2_sig_str_clinch_2': '21 of 36', 'round_2_sig_str_ground_1': '5 of 10', 'round_2_sig_str_ground_2': '2 of 2'}","{'round_3_sig_str_head_1': '', 'round_3_sig_str_head_2': '', 'round_3_sig_str_body_1': '', 'round_3_sig_str_body_2': '', 'round_3_sig_str_leg_1': '18 of 72', 'round_3_sig_str_leg_2': '24 of 39', 'round_3_sig_str_dist_1': '25%', 'round_3_sig_str_dist_2': '61%', 'round_3_sig_str_clinch_1': '9 of 57', 'round_3_sig_str_clinch_2': '21 of 36', 'round_3_sig_str_ground_1': '5 of 10', 'round_3_sig_str_ground_2': '2 of 2'}","{'round_4_sig_str_head_1': '', 'round_4_sig_str_head_2': '', 'round_4_sig_str_body_1': '', 'round_4_sig_str_body_2': '', 'round_4_sig_str_leg_1': '18 of 72', 'round_4_sig_str_leg_2': '24 of 39', 'round_4_sig_str_dist_1': '25%', 'round_4_sig_str_dist_2': '61%', 'round_4_sig_str_clinch_1': '9 of 57', 'round_4_sig_str_clinch_2': '21 of 36', 'round_4_sig_str_ground_1': '5 of 10', 'round_4_sig_str_ground_2': '2 of 2'}","{'round_5_sig_str_head_1': '', 'round_5_sig_str_head_2': '', 'round_5_sig_str_body_1': '', 'round_5_sig_str_body_2': '', 'round_5_sig_str_leg_1': '18 of 72', 'round_5_sig_str_leg_2': '24 of 39', 'round_5_sig_str_dist_1': '25%', 'round_5_sig_str_dist_2': '61%', 'round_5_sig_str_clinch_1': '9 of 57', 'round_5_sig_str_clinch_2': '21 of 36', 'round_5_sig_str_ground_1': '5 of 10', 'round_5_sig_str_ground_2': '2 of 2'}",,,,,,,,,,,,,,,,,,
http://ufcstats.com/fight-details/d806aacf5b6ba7f6,"September 28, 2024","Paris, Ile-de-France, France",W,Fares Ziam,"""Smile Killer""",L,Matt Frevola,"""The SteamRolla""",,KO/TKO,,,,,Knee to Head In Clinch,,,,,1,0,58 of 94,16 of 59,61%,27%,69 of 107,25 of 72,4 of 4,1 of 3,100%,33%,1,1,,,,,,,,,,,,,,,,,,,,,,,0,0,18 of 29,9 of 22,62%,40%,24 of 35,12 of 27,0 of 0,1 of 3,---,33%,0,1,,,,,0,0,34 of 55,7 of 32,61%,21%,37 of 60,12 of 38,1 of 1,0 of 0,100%,---,1,0,,,,,1,0,6 of 10,0 of 5,60%,0%,8 of 12,1 of 7,3 of 3,0 of 0,100%,---,0,0,,,,,,,,,,,,,,,,,,,,,,,,,,,,,,,,,,,,,,,,,,,,,,,,,,,,,,,,,,,,,,,,,,,,,,,,,,,,,,,,,,,,,,,,,,,1,0,58 of 94,16 of 59,61%,27%,69 of 107,25 of 72,4 of 4,1 of 3,100%,33%,"{'round_1_sig_str_head_1': '', 'round_1_sig_str_head_2': '', 'round_1_sig_str_body_1': '', 'round_1_sig_str_body_2': '', 'round_1_sig_str_leg_1': '18 of 29', 'round_1_sig_str_leg_2': '9 of 22', 'round_1_sig_str_dist_1': '62%', 'round_1_sig_str_dist_2': '40%', 'round_1_sig_str_clinch_1': '12 of 22', 'round_1_sig_str_clinch_2': '2 of 14', 'round_1_sig_str_ground_1': '5 of 6', 'round_1_sig_str_ground_2': '6 of 7'}","{'round_2_sig_str_head_1': '', 'round_2_sig_str_head_2': '', 'round_2_sig_str_body_1': '', 'round_2_sig_str_body_2': '', 'round_2_sig_str_leg_1': '18 of 29', 'round_2_sig_str_leg_2': '9 of 22', 'round_2_sig_str_dist_1': '62%', 'round_2_sig_str_dist_2': '40%', 'round_2_sig_str_clinch_1': '12 of 22', 'round_2_sig_str_clinch_2': '2 of 14', 'round_2_sig_str_ground_1': '5 of 6', 'round_2_sig_str_ground_2': '6 of 7'}","{'round_3_sig_str_head_1': '', 'round_3_sig_str_head_2': '', 'round_3_sig_str_body_1': '', 'round_3_sig_str_body_2': '', 'round_3_sig_str_leg_1': '18 of 29', 'round_3_sig_str_leg_2': '9 of 22', 'round_3_sig_str_dist_1': '62%', 'round_3_sig_str_dist_2': '40%', 'round_3_sig_str_clinch_1': '12 of 22', 'round_3_sig_str_clinch_2': '2 of 14', 'round_3_sig_str_ground_1': '5 of 6', 'round_3_sig_str_ground_2': '6 of 7'}","{'round_4_sig_str_head_1': '', 'round_4_sig_str_head_2': '', 'round_4_sig_str_body_1': '', 'round_4_sig_str_body_2': '', 'round_4_sig_str_leg_1': '18 of 29', 'round_4_sig_str_leg_2': '9 of 22', 'round_4_sig_str_dist_1': '62%', 'round_4_sig_str_dist_2': '40%', 'round_4_sig_str_clinch_1': '12 of 22', 'round_4_sig_str_clinch_2': '2 of 14', 'round_4_sig_str_ground_1': '5 of 6', 'round_4_sig_str_ground_2': '6 of 7'}","{'round_5_sig_str_head_1': '', 'round_5_sig_str_head_2': '', 'round_5_sig_str_body_1': '', 'round_5_sig_str_body_2': '', 'round_5_sig_str_leg_1': '18 of 29', 'round_5_sig_str_leg_2': '9 of 22', 'round_5_sig_str_dist_1': '62%', 'round_5_sig_str_dist_2': '40%', 'round_5_sig_str_clinch_1': '12 of 22', 'round_5_sig_str_clinch_2': '2 of 14', 'round_5_sig_str_ground_1': '5 of 6', 'round_5_sig_str_ground_2': '6 of 7'}",,,,,,,,,,,,,,,,,,
http://ufcstats.com/fight-details/19706d8ba0edf9cd,"September 28, 2024","Paris, Ile-de-France, France",W,William Gomis,"""Jaguar""",L,Joanderson Brito,"""Tubarao""",Featherweight Bout,Decision - Split,,,,,Ben Cartlidge 28 - 29. Anders Ohlsson 29 - 28. Clemens Werner 28 - 29.,,,,,0,0,43 of 71,29 of 67,60%,43%,69 of 101,57 of 105,0 of 3,3 of 6,0%,50%,0,2,,,,,,,,,,,,,,,,,,,,,,,0,0,9 of 17,9 of 19,52%,47%,22 of 33,20 of 30,0 of 2,1 of 2,0%,50%,0,1,,,,,0,0,11 of 20,8 of 21,55%,38%,22 of 31,16 of 37,0 of 0,1 of 1,---,100%,0,1,,,,,0,0,23 of 34,12 of 27,67%,44%,25 of 37,21 of 38,0 of 1,1 of 3,0%,33%,0,0,,,,,,,,,,,,,,,,,,,,,,,,,,,,,,,,,,,,,,,,,,,,,,,,,,,,,,,,,,,,,,,,,,,,,,,,,,,,,,,,,,,,,,,,,,,0,0,43 of 71,29 of 67,60%,43%,69 of 101,57 of 105,0 of 3,3 of 6,0%,50%,"{'round_1_sig_str_head_1': '', 'round_1_sig_str_head_2': '', 'round_1_sig_str_body_1': '', 'round_1_sig_str_body_2': '', 'round_1_sig_str_leg_1': '9 of 17', 'round_1_sig_str_leg_2': '9 of 19', 'round_1_sig_str_dist_1': '52%', 'round_1_sig_str_dist_2': '47%', 'round_1_sig_str_clinch_1': '3 of 8', 'round_1_sig_str_clinch_2': '3 of 11', 'round_1_sig_str_ground_1': '4 of 7', 'round_1_sig_str_ground_2': '2 of 3'}","{'round_2_sig_str_head_1': '', 'round_2_sig_str_head_2': '', 'round_2_sig_str_body_1': '', 'round_2_sig_str_body_2': '', 'round_2_sig_str_leg_1': '9 of 17', 'round_2_sig_str_leg_2': '9 of 19', 'round_2_sig_str_dist_1': '52%', 'round_2_sig_str_dist_2': '47%', 'round_2_sig_str_clinch_1': '3 of 8', 'round_2_sig_str_clinch_2': '3 of 11', 'round_2_sig_str_ground_1': '4 of 7', 'round_2_sig_str_ground_2': '2 of 3'}","{'round_3_sig_str_head_1': '', 'round_3_sig_str_head_2': '', 'round_3_sig_str_body_1': '', 'round_3_sig_str_body_2': '', 'round_3_sig_str_leg_1': '9 of 17', 'round_3_sig_str_leg_2': '9 of 19', 'round_3_sig_str_dist_1': '52%', 'round_3_sig_str_dist_2': '47%', 'round_3_sig_str_clinch_1': '3 of 8', 'round_3_sig_str_clinch_2': '3 of 11', 'round_3_sig_str_ground_1': '4 of 7', 'round_3_sig_str_ground_2': '2 of 3'}","{'round_4_sig_str_head_1': '', 'round_4_sig_str_head_2': '', 'round_4_sig_str_body_1': '', 'round_4_sig_str_body_2': '', 'round_4_sig_str_leg_1': '9 of 17', 'round_4_sig_str_leg_2': '9 of 19', 'round_4_sig_str_dist_1': '52%', 'round_4_sig_str_dist_2': '47%', 'round_4_sig_str_clinch_1': '3 of 8', 'round_4_sig_str_clinch_2': '3 of 11', 'round_4_sig_str_ground_1': '4 of 7', 'round_4_sig_str_ground_2': '2 of 3'}","{'round_5_sig_str_head_1': '', 'round_5_sig_str_head_2': '', 'round_5_sig_str_body_1': '', 'round_5_sig_str_body_2': '', 'round_5_sig_str_leg_1': '9 of 17', 'round_5_sig_str_leg_2': '9 of 19', 'round_5_sig_str_dist_1': '52%', 'round_5_sig_str_dist_2': '47%', 'round_5_sig_str_clinch_1': '3 of 8', 'round_5_sig_str_clinch_2': '3 of 11', 'round_5_sig_str_ground_1': '4 of 7', 'round_5_sig_str_ground_2': '2 of 3'}",,,,,,,,,,,,,,,,,,
http://ufcstats.com/fight-details/c60a317c7767abb7,"September 14, 2024","Las Vegas, Nevada, USA",L,Yazmin Jauregui,,W,Ketlen Souza,"""Esquentadinha""",,Submission,,,,,Rear Naked Choke,,,,,0,1,35 of 73,21 of 35,47%,60%,35 of 73,21 of 35,0 of 2,0 of 0,0%,---,0,1,,,,,,,,,,,,,,,,,,,,,,,0,1,35 of 73,21 of 35,47%,60%,35 of 73,21 of 35,0 of 2,0 of 0,0%,---,0,1,,,,,,,,,,,,,,,,,,,,,,,,,,,,,,,,,,,,,,,,,,,,,,,,,,,,,,,,,,,,,,,,,,,,,,,,,,,,,,,,,,,,,,,,,,,,,,,,,,,,,,,,,,,,,,,,,,,,,,,,,,,,,,,0,1,35 of 73,21 of 35,47%,60%,35 of 73,21 of 35,0 of 2,0 of 0,0%,---,"{'round_1_sig_str_head_1': '', 'round_1_sig_str_head_2': '', 'round_1_sig_str_body_1': '', 'round_1_sig_str_body_2': '', 'round_1_sig_str_leg_1': '35 of 73', 'round_1_sig_str_leg_2': '21 of 35', 'round_1_sig_str_dist_1': '47%', 'round_1_sig_str_dist_2': '60%', 'round_1_sig_str_clinch_1': '18 of 52', 'round_1_sig_str_clinch_2': '12 of 25', 'round_1_sig_str_ground_1': '8 of 10', 'round_1_sig_str_ground_2': '6 of 7'}","{'round_2_sig_str_head_1': '', 'round_2_sig_str_head_2': '', 'round_2_sig_str_body_1': '', 'round_2_sig_str_body_2': '', 'round_2_sig_str_leg_1': '35 of 73', 'round_2_sig_str_leg_2': '21 of 35', 'round_2_sig_str_dist_1': '47%', 'round_2_sig_str_dist_2': '60%', 'round_2_sig_str_clinch_1': '18 of 52', 'round_2_sig_str_clinch_2': '12 of 25', 'round_2_sig_str_ground_1': '8 of 10', 'round_2_sig_str_ground_2': '6 of 7'}","{'round_3_sig_str_head_1': '', 'round_3_sig_str_head_2': '', 'round_3_sig_str_body_1': '', 'round_3_sig_str_body_2': '', 'round_3_sig_str_leg_1': '35 of 73', 'round_3_sig_str_leg_2': '21 of 35', 'round_3_sig_str_dist_1': '47%', 'round_3_sig_str_dist_2': '60%', 'round_3_sig_str_clinch_1': '18 of 52', 'round_3_sig_str_clinch_2': '12 of 25', 'round_3_sig_str_ground_1': '8 of 10', 'round_3_sig_str_ground_2': '6 of 7'}","{'round_4_sig_str_head_1': '', 'round_4_sig_str_head_2': '', 'round_4_sig_str_body_1': '', 'round_4_sig_str_body_2': '', 'round_4_sig_str_leg_1': '35 of 73', 'round_4_sig_str_leg_2': '21 of 35', 'round_4_sig_str_dist_1': '47%', 'round_4_sig_str_dist_2': '60%', 'round_4_sig_str_clinch_1': '18 of 52', 'round_4_sig_str_clinch_2': '12 of 25', 'round_4_sig_str_ground_1': '8 of 10', 'round_4_sig_str_ground_2': '6 of 7'}","{'round_5_sig_str_head_1': '', 'round_5_sig_str_head_2': '', 'round_5_sig_str_body_1': '', 'round_5_sig_str_body_2': '', 'round_5_sig_str_leg_1': '35 of 73', 'round_5_sig_str_leg_2': '21 of 35', 'round_5_sig_str_dist_1': '47%', 'round_5_sig_str_dist_2': '60%', 'round_5_sig_str_clinch_1': '18 of 52', 'round_5_sig_str_clinch_2': '12 of 25', 'round_5_sig_str_ground_1': '8 of 10', 'round_5_sig_str_ground_2': '6 of 7'}",,,,,,,,,,,,,,,,,,
http://ufcstats.com/fight-details/62ff1e5deb124ff5,"September 28, 2024","Paris, Ile-de-France, France",W,Nassourdine Imavov,"""The Sniper""",L,Brendan Allen,"""All In""",Middleweight Bout,Decision - Unanimous,,,,,Sal D'amato 28 - 29. David Lethaby 28 - 29. Anders Ohlsson 28 - 29.,,,,,0,0,57 of 86,30 of 52,66%,57%,79 of 114,56 of 82,0 of 0,1 of 10,---,10%,0,0,,,,,,,,,,,,,,,,,,,,,,,0,0,1 of 3,4 of 5,33%,80%,5 of 8,21 of 24,0 of 0,1 of 1,---,100%,0,0,,,,,0,0,23 of 33,8 of 19,69%,42%,31 of 43,11 of 23,0 of 0,0 of 3,---,0%,0,0,,,,,0,0,33 of 50,18 of 28,66%,64%,43 of 63,24 of 35,0 of 0,0 of 6,---,0%,0,0,,,,,,,,,,,,,,,,,,,,,,,,,,,,,,,,,,,,,,,,,,,,,,,,,,,,,,,,,,,,,,,,,,,,,,,,,,,,,,,,,,,,,,,,,,,0,0,57 of 86,30 of 52,66%,57%,79 of 114,56 of 82,0 of 0,1 of 10,---,10%,"{'round_1_sig_str_head_1': '', 'round_1_sig_str_head_2': '', 'round_1_sig_str_body_1': '', 'round_1_sig_str_body_2': '', 'round_1_sig_str_leg_1': '1 of 3', 'round_1_sig_str_leg_2': '4 of 5', 'round_1_sig_str_dist_1': '33%', 'round_1_sig_str_dist_2': '80%', 'round_1_sig_str_clinch_1': '1 of 3', 'round_1_sig_str_clinch_2': '3 of 4', 'round_1_sig_str_ground_1': '0 of 0', 'round_1_sig_str_ground_2': '0 of 0'}","{'round_2_sig_str_head_1': '', 'round_2_sig_str_head_2': '', 'round_2_sig_str_body_1': '', 'round_2_sig_str_body_2': '', 'round_2_sig_str_leg_1': '1 of 3', 'round_2_sig_str_leg_2': '4 of 5', 'round_2_sig_str_dist_1': '33%', 'round_2_sig_str_dist_2': '80%', 'round_2_sig_str_clinch_1': '1 of 3', 'round_2_sig_str_clinch_2': '3 of 4', 'round_2_sig_str_ground_1': '0 of 0', 'round_2_sig_str_ground_2': '0 of 0'}","{'round_3_sig_str_head_1': '', 'round_3_sig_str_head_2': '', 'round_3_sig_str_body_1': '', 'round_3_sig_str_body_2': '', 'round_3_sig_str_leg_1': '1 of 3', 'round_3_sig_str_leg_2': '4 of 5', 'round_3_sig_str_dist_1': '33%', 'round_3_sig_str_dist_2': '80%', 'round_3_sig_str_clinch_1': '1 of 3', 'round_3_sig_str_clinch_2': '3 of 4', 'round_3_sig_str_ground_1': '0 of 0', 'round_3_sig_str_ground_2': '0 of 0'}","{'round_4_sig_str_head_1': '', 'round_4_sig_str_head_2': '', 'round_4_sig_str_body_1': '', 'round_4_sig_str_body_2': '', 'round_4_sig_str_leg_1': '1 of 3', 'round_4_sig_str_leg_2': '4 of 5', 'round_4_sig_str_dist_1': '33%', 'round_4_sig_str_dist_2': '80%', 'round_4_sig_str_clinch_1': '1 of 3', 'round_4_sig_str_clinch_2': '3 of 4', 'round_4_sig_str_ground_1': '0 of 0', 'round_4_sig_str_ground_2': '0 of 0'}","{'round_5_sig_str_head_1': '', 'round_5_sig_str_head_2': '', 'round_5_sig_str_body_1': '', 'round_5_sig_str_body_2': '', 'round_5_sig_str_leg_1': '1 of 3', 'round_5_sig_str_leg_2': '4 of 5', 'round_5_sig_str_dist_1': '33%', 'round_5_sig_str_dist_2': '80%', 'round_5_sig_str_clinch_1': '1 of 3', 'round_5_sig_str_clinch_2': '3 of 4', 'round_5_sig_str_ground_1': '0 of 0', 'round_5_sig_str_ground_2': '0 of 0'}",,,,,,,,,,,,,,,,,,
http://ufcstats.com/fight-details/7ca4c91bab696b89,"September 28, 2024","Paris, Ile-de-France, France",W,Renato Moicano,,L,Benoit Saint Denis,"""God of War""",Lightweight Bout,TKO - Doctor's Stoppage,,,,,,,,,,0,0,50 of 72,25 of 60,69%,41%,72 of 98,35 of 70,1 of 3,0 of 0,33%,---,0,0,,,,,,,,,,,,,,,,,,,,,,,0,0,35 of 40,4 of 5,87%,80%,57 of 66,12 of 13,1 of 1,0 of 0,100%,---,0,0,,,,,0,0,15 of 32,21 of 55,46%,38%,15 of 32,23 of 57,0 of 2,0 of 0,0%,---,0,0,,,,,,,,,,,,,,,,,,,,,,,,,,,,,,,,,,,,,,,,,,,,,,,,,,,,,,,,,,,,,,,,,,,,,,,,,,,,,,,,,,,,,,,,,,,,,,,,,,,,,,,,,,,,,0,0,50 of 72,25 of 60,69%,41%,72 of 98,35 of 70,1 of 3,0 of 0,33%,---,"{'round_1_sig_str_head_1': '', 'round_1_sig_str_head_2': '', 'round_1_sig_str_body_1': '', 'round_1_sig_str_body_2': '', 'round_1_sig_str_leg_1': '35 of 40', 'round_1_sig_str_leg_2': '4 of 5', 'round_1_sig_str_dist_1': '87%', 'round_1_sig_str_dist_2': '80%', 'round_1_sig_str_clinch_1': '34 of 38', 'round_1_sig_str_clinch_2': '0 of 0', 'round_1_sig_str_ground_1': '0 of 0', 'round_1_sig_str_ground_2': '3 of 4'}","{'round_2_sig_str_head_1': '', 'round_2_sig_str_head_2': '', 'round_2_sig_str_body_1': '', 'round_2_sig_str_body_2': '', 'round_2_sig_str_leg_1': '35 of 40', 'round_2_sig_str_leg_2': '4 of 5', 'round_2_sig_str_dist_1': '87%', 'round_2_sig_str_dist_2': '80%', 'round_2_sig_str_clinch_1': '34 of 38', 'round_2_sig_str_clinch_2': '0 of 0', 'round_2_sig_str_ground_1': '0 of 0', 'round_2_sig_str_ground_2': '3 of 4'}","{'round_3_sig_str_head_1': '', 'round_3_sig_str_head_2': '', 'round_3_sig_str_body_1': '', 'round_3_sig_str_body_2': '', 'round_3_sig_str_leg_1': '35 of 40', 'round_3_sig_str_leg_2': '4 of 5', 'round_3_sig_str_dist_1': '87%', 'round_3_sig_str_dist_2': '80%', 'round_3_sig_str_clinch_1': '34 of 38', 'round_3_sig_str_clinch_2': '0 of 0', 'round_3_sig_str_ground_1': '0 of 0', 'round_3_sig_str_ground_2': '3 of 4'}","{'round_4_sig_str_head_1': '', 'round_4_sig_str_head_2': '', 'round_4_sig_str_body_1': '', 'round_4_sig_str_body_2': '', 'round_4_sig_str_leg_1': '35 of 40', 'round_4_sig_str_leg_2': '4 of 5', 'round_4_sig_str_dist_1': '87%', 'round_4_sig_str_dist_2': '80%', 'round_4_sig_str_clinch_1': '34 of 38', 'round_4_sig_str_clinch_2': '0 of 0', 'round_4_sig_str_ground_1': '0 of 0', 'round_4_sig_str_ground_2': '3 of 4'}","{'round_5_sig_str_head_1': '', 'round_5_sig_str_head_2': '', 'round_5_sig_str_body_1': '', 'round_5_sig_str_body_2': '', 'round_5_sig_str_leg_1': '35 of 40', 'round_5_sig_str_leg_2': '4 of 5', 'round_5_sig_str_dist_1': '87%', 'round_5_sig_str_dist_2': '80%', 'round_5_sig_str_clinch_1': '34 of 38', 'round_5_sig_str_clinch_2': '0 of 0', 'round_5_sig_str_ground_1': '0 of 0', 'round_5_sig_str_ground_2': '3 of 4'}",,,,,,,,,,,,,,,,,,
http://ufcstats.com/fight-details/2397e2a92710705a,"September 14, 2024","Las Vegas, Nevada, USA",L,Irene Aldana,,W,Norma Dumont,"""The Immortal""",Women's Bantamweight Bout,Decision - Unanimous,,,,,Mike Bell 27 - 30. Sal D'amato 27 - 30. Chris Lee 27 - 30.,,,,,0,0,69 of 183,159 of 309,37%,51%,69 of 183,159 of 309,0 of 0,0 of 5,---,0%,0,0,,,,,,,,,,,,,,,,,,,,,,,0,0,12 of 46,32 of 75,26%,42%,12 of 46,32 of 75,0 of 0,0 of 0,---,---,0,0,,,,,0,0,25 of 59,58 of 114,42%,50%,25 of 59,58 of 114,0 of 0,0 of 2,---,0%,0,0,,,,,0,0,32 of 78,69 of 120,41%,57%,32 of 78,69 of 120,0 of 0,0 of 3,---,0%,0,0,,,,,,,,,,,,,,,,,,,,,,,,,,,,,,,,,,,,,,,,,,,,,,,,,,,,,,,,,,,,,,,,,,,,,,,,,,,,,,,,,,,,,,,,,,,0,0,69 of 183,159 of 309,37%,51%,69 of 183,159 of 309,0 of 0,0 of 5,---,0%,"{'round_1_sig_str_head_1': '', 'round_1_sig_str_head_2': '', 'round_1_sig_str_body_1': '', 'round_1_sig_str_body_2': '', 'round_1_sig_str_leg_1': '12 of 46', 'round_1_sig_str_leg_2': '32 of 75', 'round_1_sig_str_dist_1': '26%', 'round_1_sig_str_dist_2': '42%', 'round_1_sig_str_clinch_1': '7 of 30', 'round_1_sig_str_clinch_2': '14 of 54', 'round_1_sig_str_ground_1': '1 of 9', 'round_1_sig_str_ground_2': '4 of 5'}","{'round_2_sig_str_head_1': '', 'round_2_sig_str_head_2': '', 'round_2_sig_str_body_1': '', 'round_2_sig_str_body_2': '', 'round_2_sig_str_leg_1': '12 of 46', 'round_2_sig_str_leg_2': '32 of 75', 'round_2_sig_str_dist_1': '26%', 'round_2_sig_str_dist_2': '42%', 'round_2_sig_str_clinch_1': '7 of 30', 'round_2_sig_str_clinch_2': '14 of 54', 'round_2_sig_str_ground_1': '1 of 9', 'round_2_sig_str_ground_2': '4 of 5'}","{'round_3_sig_str_head_1': '', 'round_3_sig_str_head_2': '', 'round_3_sig_str_body_1': '', 'round_3_sig_str_body_2': '', 'round_3_sig_str_leg_1': '12 of 46', 'round_3_sig_str_leg_2': '32 of 75', 'round_3_sig_str_dist_1': '26%', 'round_3_sig_str_dist_2': '42%', 'round_3_sig_str_clinch_1': '7 of 30', 'round_3_sig_str_clinch_2': '14 of 54', 'round_3_sig_str_ground_1': '1 of 9', 'round_3_sig_str_ground_2': '4 of 5'}","{'round_4_sig_str_head_1': '', 'round_4_sig_str_head_2': '', 'round_4_sig_str_body_1': '', 'round_4_sig_str_body_2': '', 'round_4_sig_str_leg_1': '12 of 46', 'round_4_sig_str_leg_2': '32 of 75', 'round_4_sig_str_dist_1': '26%', 'round_4_sig_str_dist_2': '42%', 'round_4_sig_str_clinch_1': '7 of 30', 'round_4_sig_str_clinch_2': '14 of 54', 'round_4_sig_str_ground_1': '1 of 9', 'round_4_sig_str_ground_2': '4 of 5'}","{'round_5_sig_str_head_1': '', 'round_5_sig_str_head_2': '', 'round_5_sig_str_body_1': '', 'round_5_sig_str_body_2': '', 'round_5_sig_str_leg_1': '12 of 46', 'round_5_sig_str_leg_2': '32 of 75', 'round_5_sig_str_dist_1': '26%', 'round_5_sig_str_dist_2': '42%', 'round_5_sig_str_clinch_1': '7 of 30', 'round_5_sig_str_clinch_2': '14 of 54', 'round_5_sig_str_ground_1': '1 of 9', 'round_5_sig_str_ground_2': '4 of 5'}",,,,,,,,,,,,,,,,,,
http://ufcstats.com/fight-details/3733d100f7bd5590,"September 14, 2024","Las Vegas, Nevada, USA",L,Manuel Torres,"""El Loco""",W,Ignacio Bahamondes,"""La Jaula""",,KO/TKO,,,,,Punch to Head At Distance,,,,,0,2,20 of 43,31 of 58,46%,53%,20 of 43,36 of 63,0 of 0,0 of 0,---,---,0,0,,,,,,,,,,,,,,,,,,,,,,,0,2,20 of 43,31 of 58,46%,53%,20 of 43,36 of 63,0 of 0,0 of 0,---,---,0,0,,,,,,,,,,,,,,,,,,,,,,,,,,,,,,,,,,,,,,,,,,,,,,,,,,,,,,,,,,,,,,,,,,,,,,,,,,,,,,,,,,,,,,,,,,,,,,,,,,,,,,,,,,,,,,,,,,,,,,,,,,,,,,,0,2,20 of 43,31 of 58,46%,53%,20 of 43,36 of 63,0 of 0,0 of 0,---,---,"{'round_1_sig_str_head_1': '', 'round_1_sig_str_head_2': '', 'round_1_sig_str_body_1': '', 'round_1_sig_str_body_2': '', 'round_1_sig_str_leg_1': '20 of 43', 'round_1_sig_str_leg_2': '31 of 58', 'round_1_sig_str_dist_1': '46%', 'round_1_sig_str_dist_2': '53%', 'round_1_sig_str_clinch_1': '9 of 30', 'round_1_sig_str_clinch_2': '25 of 46', 'round_1_sig_str_ground_1': '10 of 10', 'round_1_sig_str_ground_2': '3 of 4'}","{'round_2_sig_str_head_1': '', 'round_2_sig_str_head_2': '', 'round_2_sig_str_body_1': '', 'round_2_sig_str_body_2': '', 'round_2_sig_str_leg_1': '20 of 43', 'round_2_sig_str_leg_2': '31 of 58', 'round_2_sig_str_dist_1': '46%', 'round_2_sig_str_dist_2': '53%', 'round_2_sig_str_clinch_1': '9 of 30', 'round_2_sig_str_clinch_2': '25 of 46', 'round_2_sig_str_ground_1': '10 of 10', 'round_2_sig_str_ground_2': '3 of 4'}","{'round_3_sig_str_head_1': '', 'round_3_sig_str_head_2': '', 'round_3_sig_str_body_1': '', 'round_3_sig_str_body_2': '', 'round_3_sig_str_leg_1': '20 of 43', 'round_3_sig_str_leg_2': '31 of 58', 'round_3_sig_str_dist_1': '46%', 'round_3_sig_str_dist_2': '53%', 'round_3_sig_str_clinch_1': '9 of 30', 'round_3_sig_str_clinch_2': '25 of 46', 'round_3_sig_str_ground_1': '10 of 10', 'round_3_sig_str_ground_2': '3 of 4'}","{'round_4_sig_str_head_1': '', 'round_4_sig_str_head_2': '', 'round_4_sig_str_body_1': '', 'round_4_sig_str_body_2': '', 'round_4_sig_str_leg_1': '20 of 43', 'round_4_sig_str_leg_2': '31 of 58', 'round_4_sig_str_dist_1': '46%', 'round_4_sig_str_dist_2': '53%', 'round_4_sig_str_clinch_1': '9 of 30', 'round_4_sig_str_clinch_2': '25 of 46', 'round_4_sig_str_ground_1': '10 of 10', 'round_4_sig_str_ground_2': '3 of 4'}","{'round_5_sig_str_head_1': '', 'round_5_sig_str_head_2': '', 'round_5_sig_str_body_1': '', 'round_5_sig_str_body_2': '', 'round_5_sig_str_leg_1': '20 of 43', 'round_5_sig_str_leg_2': '31 of 58', 'round_5_sig_str_dist_1': '46%', 'round_5_sig_str_dist_2': '53%', 'round_5_sig_str_clinch_1': '9 of 30', 'round_5_sig_str_clinch_2': '25 of 46', 'round_5_sig_str_ground_1': '10 of 10', 'round_5_sig_str_ground_2': '3 of 4'}",,,,,,,,,,,,,,,,,,
http://ufcstats.com/fight-details/78b506e5092a27fd,"September 14, 2024","Las Vegas, Nevada, USA",W,Ronaldo Rodriguez,"""Lazy Boy""",L,Ode Osbourne,"""The Jamaican Sensation""",Flyweight Bout,Decision - Unanimous,,,,,Junichiro Kamijo 28 - 29. Adalaide Byrd 27 - 29. Ron McCarthy 27 - 29.,,,,,0,1,35 of 69,37 of 68,50%,54%,68 of 117,55 of 93,1 of 2,1 of 3,50%,33%,0,2,,,,,,,,,,,,,,,,,,,,,,,0,1,6 of 14,18 of 32,42%,56%,25 of 37,30 of 45,0 of 0,0 of 0,---,---,0,1,,,,,0,0,19 of 24,6 of 10,79%,60%,29 of 40,6 of 10,1 of 1,0 of 0,100%,---,0,1,,,,,0,0,10 of 31,13 of 26,32%,50%,14 of 40,19 of 38,0 of 1,1 of 3,0%,33%,0,0,,,,,,,,,,,,,,,,,,,,,,,,,,,,,,,,,,,,,,,,,,,,,,,,,,,,,,,,,,,,,,,,,,,,,,,,,,,,,,,,,,,,,,,,,,,0,1,35 of 69,37 of 68,50%,54%,68 of 117,55 of 93,1 of 2,1 of 3,50%,33%,"{'round_1_sig_str_head_1': '', 'round_1_sig_str_head_2': '', 'round_1_sig_str_body_1': '', 'round_1_sig_str_body_2': '', 'round_1_sig_str_leg_1': '6 of 14', 'round_1_sig_str_leg_2': '18 of 32', 'round_1_sig_str_dist_1': '42%', 'round_1_sig_str_dist_2': '56%', 'round_1_sig_str_clinch_1': '4 of 11', 'round_1_sig_str_clinch_2': '15 of 29', 'round_1_sig_str_ground_1': '1 of 1', 'round_1_sig_str_ground_2': '2 of 2'}","{'round_2_sig_str_head_1': '', 'round_2_sig_str_head_2': '', 'round_2_sig_str_body_1': '', 'round_2_sig_str_body_2': '', 'round_2_sig_str_leg_1': '6 of 14', 'round_2_sig_str_leg_2': '18 of 32', 'round_2_sig_str_dist_1': '42%', 'round_2_sig_str_dist_2': '56%', 'round_2_sig_str_clinch_1': '4 of 11', 'round_2_sig_str_clinch_2': '15 of 29', 'round_2_sig_str_ground_1': '1 of 1', 'round_2_sig_str_ground_2': '2 of 2'}","{'round_3_sig_str_head_1': '', 'round_3_sig_str_head_2': '', 'round_3_sig_str_body_1': '', 'round_3_sig_str_body_2': '', 'round_3_sig_str_leg_1': '6 of 14', 'round_3_sig_str_leg_2': '18 of 32', 'round_3_sig_str_dist_1': '42%', 'round_3_sig_str_dist_2': '56%', 'round_3_sig_str_clinch_1': '4 of 11', 'round_3_sig_str_clinch_2': '15 of 29', 'round_3_sig_str_ground_1': '1 of 1', 'round_3_sig_str_ground_2': '2 of 2'}","{'round_4_sig_str_head_1': '', 'round_4_sig_str_head_2': '', 'round_4_sig_str_body_1': '', 'round_4_sig_str_body_2': '', 'round_4_sig_str_leg_1': '6 of 14', 'round_4_sig_str_leg_2': '18 of 32', 'round_4_sig_str_dist_1': '42%', 'round_4_sig_str_dist_2': '56%', 'round_4_sig_str_clinch_1': '4 of 11', 'round_4_sig_str_clinch_2': '15 of 29', 'round_4_sig_str_ground_1': '1 of 1', 'round_4_sig_str_ground_2': '2 of 2'}","{'round_5_sig_str_head_1': '', 'round_5_sig_str_head_2': '', 'round_5_sig_str_body_1': '', 'round_5_sig_str_body_2': '', 'round_5_sig_str_leg_1': '6 of 14', 'round_5_sig_str_leg_2': '18 of 32', 'round_5_sig_str_dist_1': '42%', 'round_5_sig_str_dist_2': '56%', 'round_5_sig_str_clinch_1': '4 of 11', 'round_5_sig_str_clinch_2': '15 of 29', 'round_5_sig_str_ground_1': '1 of 1', 'round_5_sig_str_ground_2': '2 of 2'}",,,,,,,,,,,,,,,,,,
http://ufcstats.com/fight-details/6f83cfae0c800ef8,"September 14, 2024","Las Vegas, Nevada, USA",L,Alexa Grasso,,W,Valentina Shevchenko,"""Bullet""",,Decision - Unanimous,,,,,Ben Cartlidge 45 - 50. Eric Colon 45 - 50. Ron McCarthy 45 - 50.,,,,,0,0,18 of 100,45 of 80,18%,56%,153 of 245,193 of 233,1 of 4,8 of 12,25%,66%,2,0,,,,,,,,,,,,,,,,,,,,,,,0,0,2 of 19,10 of 18,10%,55%,14 of 33,36 of 45,0 of 0,1 of 1,---,100%,0,0,,,,,0,0,2 of 13,3 of 8,15%,37%,41 of 56,29 of 36,0 of 0,2 of 2,---,100%,1,0,,,,,0,0,5 of 35,16 of 26,14%,61%,21 of 51,35 of 46,0 of 0,1 of 2,---,50%,0,0,,,,,,,,,,,,,,,,,,,,,,,,,,,,,,,,,,,,,,,,,,,,,,,,,,,,,,,,,,,,,,,,,,,,,,,,,,,,,,,,,,,,,,,,,,,0,0,18 of 100,45 of 80,18%,56%,153 of 245,193 of 233,1 of 4,8 of 12,25%,66%,"{'round_1_sig_str_head_1': '', 'round_1_sig_str_head_2': '', 'round_1_sig_str_body_1': '', 'round_1_sig_str_body_2': '', 'round_1_sig_str_leg_1': '2 of 19', 'round_1_sig_str_leg_2': '10 of 18', 'round_1_sig_str_dist_1': '10%', 'round_1_sig_str_dist_2': '55%', 'round_1_sig_str_clinch_1': '1 of 16', 'round_1_sig_str_clinch_2': '8 of 16', 'round_1_sig_str_ground_1': '0 of 0', 'round_1_sig_str_ground_2': '0 of 0'}","{'round_2_sig_str_head_1': '', 'round_2_sig_str_head_2': '', 'round_2_sig_str_body_1': '', 'round_2_sig_str_body_2': '', 'round_2_sig_str_leg_1': '2 of 19', 'round_2_sig_str_leg_2': '10 of 18', 'round_2_sig_str_dist_1': '10%', 'round_2_sig_str_dist_2': '55%', 'round_2_sig_str_clinch_1': '1 of 16', 'round_2_sig_str_clinch_2': '8 of 16', 'round_2_sig_str_ground_1': '0 of 0', 'round_2_sig_str_ground_2': '0 of 0'}","{'round_3_sig_str_head_1': '', 'round_3_sig_str_head_2': '', 'round_3_sig_str_body_1': '', 'round_3_sig_str_body_2': '', 'round_3_sig_str_leg_1': '2 of 19', 'round_3_sig_str_leg_2': '10 of 18', 'round_3_sig_str_dist_1': '10%', 'round_3_sig_str_dist_2': '55%', 'round_3_sig_str_clinch_1': '1 of 16', 'round_3_sig_str_clinch_2': '8 of 16', 'round_3_sig_str_ground_1': '0 of 0', 'round_3_sig_str_ground_2': '0 of 0'}","{'round_4_sig_str_head_1': '', 'round_4_sig_str_head_2': '', 'round_4_sig_str_body_1': '', 'round_4_sig_str_body_2': '', 'round_4_sig_str_leg_1': '2 of 19', 'round_4_sig_str_leg_2': '10 of 18', 'round_4_sig_str_dist_1': '10%', 'round_4_sig_str_dist_2': '55%', 'round_4_sig_str_clinch_1': '1 of 16', 'round_4_sig_str_clinch_2': '8 of 16', 'round_4_sig_str_ground_1': '0 of 0', 'round_4_sig_str_ground_2': '0 of 0'}","{'round_5_sig_str_head_1': '', 'round_5_sig_str_head_2': '', 'round_5_sig_str_body_1': '', 'round_5_sig_str_body_2': '', 'round_5_sig_str_leg_1': '2 of 19', 'round_5_sig_str_leg_2': '10 of 18', 'round_5_sig_str_dist_1': '10%', 'round_5_sig_str_dist_2': '55%', 'round_5_sig_str_clinch_1': '1 of 16', 'round_5_sig_str_clinch_2': '8 of 16', 'round_5_sig_str_ground_1': '0 of 0', 'round_5_sig_str_ground_2': '0 of 0'}",,,,,0,0,1 of 12,2 of 5,8%,40%,23 of 34,65 of 69,0 of 0,1 of 1,---,100%,1,0
http://ufcstats.com/fight-details/27d98a8ee6608e27,"September 14, 2024","Las Vegas, Nevada, USA",L,Daniel Zellhuber,"""Golden Boy""",W,Esteban Ribovics,"""El Gringo""",,Decision - Split,,,,,Eric Colon 28 - 29. Sal D'amato 29 - 28. Chris Lee 28 - 29.,,,,,1,0,121 of 308,156 of 345,39%,45%,121 of 308,156 of 345,0 of 1,0 of 0,0%,---,0,0,,,,,,,,,,,,,,,,,,,,,,,0,0,27 of 76,24 of 65,35%,36%,27 of 76,24 of 65,0 of 0,0 of 0,---,---,0,0,,,,,0,0,51 of 116,40 of 89,43%,44%,51 of 116,40 of 89,0 of 0,0 of 0,---,---,0,0,,,,,1,0,43 of 116,92 of 191,37%,48%,43 of 116,92 of 191,0 of 1,0 of 0,0%,---,0,0,,,,,,,,,,,,,,,,,,,,,,,,,,,,,,,,,,,,,,,,,,,,,,,,,,,,,,,,,,,,,,,,,,,,,,,,,,,,,,,,,,,,,,,,,,,1,0,121 of 308,156 of 345,39%,45%,121 of 308,156 of 345,0 of 1,0 of 0,0%,---,"{'round_1_sig_str_head_1': '', 'round_1_sig_str_head_2': '', 'round_1_sig_str_body_1': '', 'round_1_sig_str_body_2': '', 'round_1_sig_str_leg_1': '27 of 76', 'round_1_sig_str_leg_2': '24 of 65', 'round_1_sig_str_dist_1': '35%', 'round_1_sig_str_dist_2': '36%', 'round_1_sig_str_clinch_1': '13 of 59', 'round_1_sig_str_clinch_2': '7 of 41', 'round_1_sig_str_ground_1': '11 of 14', 'round_1_sig_str_ground_2': '9 of 16'}","{'round_2_sig_str_head_1': '', 'round_2_sig_str_head_2': '', 'round_2_sig_str_body_1': '', 'round_2_sig_str_body_2': '', 'round_2_sig_str_leg_1': '27 of 76', 'round_2_sig_str_leg_2': '24 of 65', 'round_2_sig_str_dist_1': '35%', 'round_2_sig_str_dist_2': '36%', 'round_2_sig_str_clinch_1': '13 of 59', 'round_2_sig_str_clinch_2': '7 of 41', 'round_2_sig_str_ground_1': '11 of 14', 'round_2_sig_str_ground_2': '9 of 16'}","{'round_3_sig_str_head_1': '', 'round_3_sig_str_head_2': '', 'round_3_sig_str_body_1': '', 'round_3_sig_str_body_2': '', 'round_3_sig_str_leg_1': '27 of 76', 'round_3_sig_str_leg_2': '24 of 65', 'round_3_sig_str_dist_1': '35%', 'round_3_sig_str_dist_2': '36%', 'round_3_sig_str_clinch_1': '13 of 59', 'round_3_sig_str_clinch_2': '7 of 41', 'round_3_sig_str_ground_1': '11 of 14', 'round_3_sig_str_ground_2': '9 of 16'}","{'round_4_sig_str_head_1': '', 'round_4_sig_str_head_2': '', 'round_4_sig_str_body_1': '', 'round_4_sig_str_body_2': '', 'round_4_sig_str_leg_1': '27 of 76', 'round_4_sig_str_leg_2': '24 of 65', 'round_4_sig_str_dist_1': '35%', 'round_4_sig_str_dist_2': '36%', 'round_4_sig_str_clinch_1': '13 of 59', 'round_4_sig_str_clinch_2': '7 of 41', 'round_4_sig_str_ground_1': '11 of 14', 'round_4_sig_str_ground_2': '9 of 16'}","{'round_5_sig_str_head_1': '', 'round_5_sig_str_head_2': '', 'round_5_sig_str_body_1': '', 'round_5_sig_str_body_2': '', 'round_5_sig_str_leg_1': '27 of 76', 'round_5_sig_str_leg_2': '24 of 65', 'round_5_sig_str_dist_1': '35%', 'round_5_sig_str_dist_2': '36%', 'round_5_sig_str_clinch_1': '13 of 59', 'round_5_sig_str_clinch_2': '7 of 41', 'round_5_sig_str_ground_1': '11 of 14', 'round_5_sig_str_ground_2': '9 of 16'}",,,,,,,,,,,,,,,,,,
http://ufcstats.com/fight-details/6fd1edb58d271f7c,"November 09, 2024","Las Vegas, Nevada, USA",L,Cody Stamann,"""The Spartan""",W,Da'Mon Blackshear,"""The Monster""",,Submission,,,,,Rear Naked Choke,,,,,0,0,13 of 33,20 of 44,39%,45%,13 of 33,21 of 46,0 of 1,0 of 0,0%,---,0,3,,,,,,,,,,,,,,,,,,,,,,,0,0,13 of 33,20 of 44,39%,45%,13 of 33,21 of 46,0 of 1,0 of 0,0%,---,0,3,,,,,,,,,,,,,,,,,,,,,,,,,,,,,,,,,,,,,,,,,,,,,,,,,,,,,,,,,,,,,,,,,,,,,,,,,,,,,,,,,,,,,,,,,,,,,,,,,,,,,,,,,,,,,,,,,,,,,,,,,,,,,,,0,0,13 of 33,20 of 44,39%,45%,13 of 33,21 of 46,0 of 1,0 of 0,0%,---,"{'round_1_sig_str_head_1': '', 'round_1_sig_str_head_2': '', 'round_1_sig_str_body_1': '', 'round_1_sig_str_body_2': '', 'round_1_sig_str_leg_1': '13 of 33', 'round_1_sig_str_leg_2': '20 of 44', 'round_1_sig_str_dist_1': '39%', 'round_1_sig_str_dist_2': '45%', 'round_1_sig_str_clinch_1': '5 of 21', 'round_1_sig_str_clinch_2': '15 of 36', 'round_1_sig_str_ground_1': '5 of 9', 'round_1_sig_str_ground_2': '3 of 4'}","{'round_2_sig_str_head_1': '', 'round_2_sig_str_head_2': '', 'round_2_sig_str_body_1': '', 'round_2_sig_str_body_2': '', 'round_2_sig_str_leg_1': '13 of 33', 'round_2_sig_str_leg_2': '20 of 44', 'round_2_sig_str_dist_1': '39%', 'round_2_sig_str_dist_2': '45%', 'round_2_sig_str_clinch_1': '5 of 21', 'round_2_sig_str_clinch_2': '15 of 36', 'round_2_sig_str_ground_1': '5 of 9', 'round_2_sig_str_ground_2': '3 of 4'}","{'round_3_sig_str_head_1': '', 'round_3_sig_str_head_2': '', 'round_3_sig_str_body_1': '', 'round_3_sig_str_body_2': '', 'round_3_sig_str_leg_1': '13 of 33', 'round_3_sig_str_leg_2': '20 of 44', 'round_3_sig_str_dist_1': '39%', 'round_3_sig_str_dist_2': '45%', 'round_3_sig_str_clinch_1': '5 of 21', 'round_3_sig_str_clinch_2': '15 of 36', 'round_3_sig_str_ground_1': '5 of 9', 'round_3_sig_str_ground_2': '3 of 4'}","{'round_4_sig_str_head_1': '', 'round_4_sig_str_head_2': '', 'round_4_sig_str_body_1': '', 'round_4_sig_str_body_2': '', 'round_4_sig_str_leg_1': '13 of 33', 'round_4_sig_str_leg_2': '20 of 44', 'round_4_sig_str_dist_1': '39%', 'round_4_sig_str_dist_2': '45%', 'round_4_sig_str_clinch_1': '5 of 21', 'round_4_sig_str_clinch_2': '15 of 36', 'round_4_sig_str_ground_1': '5 of 9', 'round_4_sig_str_ground_2': '3 of 4'}","{'round_5_sig_str_head_1': '', 'round_5_sig_str_head_2': '', 'round_5_sig_str_body_1': '', 'round_5_sig_str_body_2': '', 'round_5_sig_str_leg_1': '13 of 33', 'round_5_sig_str_leg_2': '20 of 44', 'round_5_sig_str_dist_1': '39%', 'round_5_sig_str_dist_2': '45%', 'round_5_sig_str_clinch_1': '5 of 21', 'round_5_sig_str_clinch_2': '15 of 36', 'round_5_sig_str_ground_1': '5 of 9', 'round_5_sig_str_ground_2': '3 of 4'}",,,,,,,,,,,,,,,,,,
http://ufcstats.com/fight-details/32f2965b4f4c4ebf,"November 09, 2024","Las Vegas, Nevada, USA",W,Melissa Mullins,"""No Mess""",L,Klaudia Sygula,,Women's Bantamweight Bout,KO/TKO,,,,,Punches to Head From Back Control,,,,,0,0,38 of 60,12 of 32,63%,37%,54 of 85,22 of 42,2 of 3,0 of 3,66%,0%,0,0,,,,,,,,,,,,,,,,,,,,,,,0,0,12 of 25,9 of 21,48%,42%,17 of 32,19 of 31,1 of 2,0 of 3,50%,0%,0,0,,,,,0,0,26 of 35,3 of 11,74%,27%,37 of 53,3 of 11,1 of 1,0 of 0,100%,---,0,0,,,,,,,,,,,,,,,,,,,,,,,,,,,,,,,,,,,,,,,,,,,,,,,,,,,,,,,,,,,,,,,,,,,,,,,,,,,,,,,,,,,,,,,,,,,,,,,,,,,,,,,,,,,,,0,0,38 of 60,12 of 32,63%,37%,54 of 85,22 of 42,2 of 3,0 of 3,66%,0%,"{'round_1_sig_str_head_1': '', 'round_1_sig_str_head_2': '', 'round_1_sig_str_body_1': '', 'round_1_sig_str_body_2': '', 'round_1_sig_str_leg_1': '12 of 25', 'round_1_sig_str_leg_2': '9 of 21', 'round_1_sig_str_dist_1': '48%', 'round_1_sig_str_dist_2': '42%', 'round_1_sig_str_clinch_1': '11 of 24', 'round_1_sig_str_clinch_2': '3 of 13', 'round_1_sig_str_ground_1': '0 of 0', 'round_1_sig_str_ground_2': '1 of 2'}","{'round_2_sig_str_head_1': '', 'round_2_sig_str_head_2': '', 'round_2_sig_str_body_1': '', 'round_2_sig_str_body_2': '', 'round_2_sig_str_leg_1': '12 of 25', 'round_2_sig_str_leg_2': '9 of 21', 'round_2_sig_str_dist_1': '48%', 'round_2_sig_str_dist_2': '42%', 'round_2_sig_str_clinch_1': '11 of 24', 'round_2_sig_str_clinch_2': '3 of 13', 'round_2_sig_str_ground_1': '0 of 0', 'round_2_sig_str_ground_2': '1 of 2'}","{'round_3_sig_str_head_1': '', 'round_3_sig_str_head_2': '', 'round_3_sig_str_body_1': '', 'round_3_sig_str_body_2': '', 'round_3_sig_str_leg_1': '12 of 25', 'round_3_sig_str_leg_2': '9 of 21', 'round_3_sig_str_dist_1': '48%', 'round_3_sig_str_dist_2': '42%', 'round_3_sig_str_clinch_1': '11 of 24', 'round_3_sig_str_clinch_2': '3 of 13', 'round_3_sig_str_ground_1': '0 of 0', 'round_3_sig_str_ground_2': '1 of 2'}","{'round_4_sig_str_head_1': '', 'round_4_sig_str_head_2': '', 'round_4_sig_str_body_1': '', 'round_4_sig_str_body_2': '', 'round_4_sig_str_leg_1': '12 of 25', 'round_4_sig_str_leg_2': '9 of 21', 'round_4_sig_str_dist_1': '48%', 'round_4_sig_str_dist_2': '42%', 'round_4_sig_str_clinch_1': '11 of 24', 'round_4_sig_str_clinch_2': '3 of 13', 'round_4_sig_str_ground_1': '0 of 0', 'round_4_sig_str_ground_2': '1 of 2'}","{'round_5_sig_str_head_1': '', 'round_5_sig_str_head_2': '', 'round_5_sig_str_body_1': '', 'round_5_sig_str_body_2': '', 'round_5_sig_str_leg_1': '12 of 25', 'round_5_sig_str_leg_2': '9 of 21', 'round_5_sig_str_dist_1': '48%', 'round_5_sig_str_dist_2': '42%', 'round_5_sig_str_clinch_1': '11 of 24', 'round_5_sig_str_clinch_2': '3 of 13', 'round_5_sig_str_ground_1': '0 of 0', 'round_5_sig_str_ground_2': '1 of 2'}",,,,,,,,,,,,,,,,,,
http://ufcstats.com/fight-details/3146e5a47a922976,"September 14, 2024","Las Vegas, Nevada, USA",L,Sean O'Malley,"""Suga""",W,Merab Dvalishvili,"""The Machine""",,Decision - Unanimous,,,,,Mike Bell 46 - 49. Sal D'amato 47 - 48. Chris Lee 47 - 48.,,,,,0,0,47 of 89,82 of 164,52%,50%,49 of 91,214 of 310,0 of 0,6 of 15,---,40%,0,0,,,,,,,,,,,,,,,,,,,,,,,0,0,14 of 28,16 of 30,50%,53%,14 of 28,25 of 41,0 of 0,2 of 3,---,66%,0,0,,,,,0,0,5 of 10,18 of 38,50%,47%,6 of 11,65 of 92,0 of 0,1 of 1,---,100%,0,0,,,,,0,0,11 of 21,17 of 38,52%,44%,11 of 21,25 of 46,0 of 0,0 of 5,---,0%,0,0,,,,,,,,,,,,,,,,,,,,,,,,,,,,,,,,,,,,,,,,,,,,,,,,,,,,,,,,,,,,,,,,,,,,,,,,,,,,,,,,,,,,,,,,,,,0,0,47 of 89,82 of 164,52%,50%,49 of 91,214 of 310,0 of 0,6 of 15,---,40%,"{'round_1_sig_str_head_1': '', 'round_1_sig_str_head_2': '', 'round_1_sig_str_body_1': '', 'round_1_sig_str_body_2': '', 'round_1_sig_str_leg_1': '14 of 28', 'round_1_sig_str_leg_2': '16 of 30', 'round_1_sig_str_dist_1': '50%', 'round_1_sig_str_dist_2': '53%', 'round_1_sig_str_clinch_1': '6 of 16', 'round_1_sig_str_clinch_2': '13 of 25', 'round_1_sig_str_ground_1': '6 of 10', 'round_1_sig_str_ground_2': '1 of 2'}","{'round_2_sig_str_head_1': '', 'round_2_sig_str_head_2': '', 'round_2_sig_str_body_1': '', 'round_2_sig_str_body_2': '', 'round_2_sig_str_leg_1': '14 of 28', 'round_2_sig_str_leg_2': '16 of 30', 'round_2_sig_str_dist_1': '50%', 'round_2_sig_str_dist_2': '53%', 'round_2_sig_str_clinch_1': '6 of 16', 'round_2_sig_str_clinch_2': '13 of 25', 'round_2_sig_str_ground_1': '6 of 10', 'round_2_sig_str_ground_2': '1 of 2'}","{'round_3_sig_str_head_1': '', 'round_3_sig_str_head_2': '', 'round_3_sig_str_body_1': '', 'round_3_sig_str_body_2': '', 'round_3_sig_str_leg_1': '14 of 28', 'round_3_sig_str_leg_2': '16 of 30', 'round_3_sig_str_dist_1': '50%', 'round_3_sig_str_dist_2': '53%', 'round_3_sig_str_clinch_1': '6 of 16', 'round_3_sig_str_clinch_2': '13 of 25', 'round_3_sig_str_ground_1': '6 of 10', 'round_3_sig_str_ground_2': '1 of 2'}","{'round_4_sig_str_head_1': '', 'round_4_sig_str_head_2': '', 'round_4_sig_str_body_1': '', 'round_4_sig_str_body_2': '', 'round_4_sig_str_leg_1': '14 of 28', 'round_4_sig_str_leg_2': '16 of 30', 'round_4_sig_str_dist_1': '50%', 'round_4_sig_str_dist_2': '53%', 'round_4_sig_str_clinch_1': '6 of 16', 'round_4_sig_str_clinch_2': '13 of 25', 'round_4_sig_str_ground_1': '6 of 10', 'round_4_sig_str_ground_2': '1 of 2'}","{'round_5_sig_str_head_1': '', 'round_5_sig_str_head_2': '', 'round_5_sig_str_body_1': '', 'round_5_sig_str_body_2': '', 'round_5_sig_str_leg_1': '14 of 28', 'round_5_sig_str_leg_2': '16 of 30', 'round_5_sig_str_dist_1': '50%', 'round_5_sig_str_dist_2': '53%', 'round_5_sig_str_clinch_1': '6 of 16', 'round_5_sig_str_clinch_2': '13 of 25', 'round_5_sig_str_ground_1': '6 of 10', 'round_5_sig_str_ground_2': '1 of 2'}",,,,,0,0,6 of 9,21 of 32,66%,65%,7 of 10,74 of 89,0 of 0,1 of 1,---,100%,0,0
http://ufcstats.com/fight-details/2335e75ce63805b6,"September 14, 2024","Las Vegas, Nevada, USA",L,Brian Ortega,"""T-City""",W,Diego Lopes,,Featherweight Bout,Decision - Unanimous,,,,,Mike Bell 26 - 30. Sal D'amato 27 - 30. Junichiro Kamijo 27 - 30.,,,,,0,0,63 of 195,106 of 206,32%,51%,69 of 201,113 of 214,0 of 2,1 of 1,0%,100%,0,0,,,,,,,,,,,,,,,,,,,,,,,0,0,15 of 45,29 of 57,33%,50%,21 of 51,34 of 63,0 of 0,1 of 1,---,100%,0,0,,,,,0,0,16 of 48,22 of 46,33%,47%,16 of 48,22 of 46,0 of 1,0 of 0,0%,---,0,0,,,,,0,0,32 of 102,55 of 103,31%,53%,32 of 102,57 of 105,0 of 1,0 of 0,0%,---,0,0,,,,,,,,,,,,,,,,,,,,,,,,,,,,,,,,,,,,,,,,,,,,,,,,,,,,,,,,,,,,,,,,,,,,,,,,,,,,,,,,,,,,,,,,,,,0,0,63 of 195,106 of 206,32%,51%,69 of 201,113 of 214,0 of 2,1 of 1,0%,100%,"{'round_1_sig_str_head_1': '', 'round_1_sig_str_head_2': '', 'round_1_sig_str_body_1': '', 'round_1_sig_str_body_2': '', 'round_1_sig_str_leg_1': '15 of 45', 'round_1_sig_str_leg_2': '29 of 57', 'round_1_sig_str_dist_1': '33%', 'round_1_sig_str_dist_2': '50%', 'round_1_sig_str_clinch_1': '11 of 41', 'round_1_sig_str_clinch_2': '24 of 50', 'round_1_sig_str_ground_1': '1 of 1', 'round_1_sig_str_ground_2': '2 of 3'}","{'round_2_sig_str_head_1': '', 'round_2_sig_str_head_2': '', 'round_2_sig_str_body_1': '', 'round_2_sig_str_body_2': '', 'round_2_sig_str_leg_1': '15 of 45', 'round_2_sig_str_leg_2': '29 of 57', 'round_2_sig_str_dist_1': '33%', 'round_2_sig_str_dist_2': '50%', 'round_2_sig_str_clinch_1': '11 of 41', 'round_2_sig_str_clinch_2': '24 of 50', 'round_2_sig_str_ground_1': '1 of 1', 'round_2_sig_str_ground_2': '2 of 3'}","{'round_3_sig_str_head_1': '', 'round_3_sig_str_head_2': '', 'round_3_sig_str_body_1': '', 'round_3_sig_str_body_2': '', 'round_3_sig_str_leg_1': '15 of 45', 'round_3_sig_str_leg_2': '29 of 57', 'round_3_sig_str_dist_1': '33%', 'round_3_sig_str_dist_2': '50%', 'round_3_sig_str_clinch_1': '11 of 41', 'round_3_sig_str_clinch_2': '24 of 50', 'round_3_sig_str_ground_1': '1 of 1', 'round_3_sig_str_ground_2': '2 of 3'}","{'round_4_sig_str_head_1': '', 'round_4_sig_str_head_2': '', 'round_4_sig_str_body_1': '', 'round_4_sig_str_body_2': '', 'round_4_sig_str_leg_1': '15 of 45', 'round_4_sig_str_leg_2': '29 of 57', 'round_4_sig_str_dist_1': '33%', 'round_4_sig_str_dist_2': '50%', 'round_4_sig_str_clinch_1': '11 of 41', 'round_4_sig_str_clinch_2': '24 of 50', 'round_4_sig_str_ground_1': '1 of 1', 'round_4_sig_str_ground_2': '2 of 3'}","{'round_5_sig_str_head_1': '', 'round_5_sig_str_head_2': '', 'round_5_sig_str_body_1': '', 'round_5_sig_str_body_2': '', 'round_5_sig_str_leg_1': '15 of 45', 'round_5_sig_str_leg_2': '29 of 57', 'round_5_sig_str_dist_1': '33%', 'round_5_sig_str_dist_2': '50%', 'round_5_sig_str_clinch_1': '11 of 41', 'round_5_sig_str_clinch_2': '24 of 50', 'round_5_sig_str_ground_1': '1 of 1', 'round_5_sig_str_ground_2': '2 of 3'}",,,,,,,,,,,,,,,,,,
http://ufcstats.com/fight-details/6b9ed3867dd42b3b,"November 09, 2024","Las Vegas, Nevada, USA",L,Matthew Semelsberger,"""Semi The Jedi""",W,Charles Radtke,"""Chuck Buffalo""",,KO/TKO,,,,,Punches to Head At Distance,,,,,0,0,2 of 8,7 of 12,25%,58%,2 of 8,7 of 12,0 of 0,0 of 0,---,---,0,0,,,,,,,,,,,,,,,,,,,,,,,0,0,2 of 8,7 of 12,25%,58%,2 of 8,7 of 12,0 of 0,0 of 0,---,---,0,0,,,,,,,,,,,,,,,,,,,,,,,,,,,,,,,,,,,,,,,,,,,,,,,,,,,,,,,,,,,,,,,,,,,,,,,,,,,,,,,,,,,,,,,,,,,,,,,,,,,,,,,,,,,,,,,,,,,,,,,,,,,,,,,0,0,2 of 8,7 of 12,25%,58%,2 of 8,7 of 12,0 of 0,0 of 0,---,---,"{'round_1_sig_str_head_1': '', 'round_1_sig_str_head_2': '', 'round_1_sig_str_body_1': '', 'round_1_sig_str_body_2': '', 'round_1_sig_str_leg_1': '2 of 8', 'round_1_sig_str_leg_2': '7 of 12', 'round_1_sig_str_dist_1': '25%', 'round_1_sig_str_dist_2': '58%', 'round_1_sig_str_clinch_1': '1 of 7', 'round_1_sig_str_clinch_2': '6 of 11', 'round_1_sig_str_ground_1': '1 of 1', 'round_1_sig_str_ground_2': '0 of 0'}","{'round_2_sig_str_head_1': '', 'round_2_sig_str_head_2': '', 'round_2_sig_str_body_1': '', 'round_2_sig_str_body_2': '', 'round_2_sig_str_leg_1': '2 of 8', 'round_2_sig_str_leg_2': '7 of 12', 'round_2_sig_str_dist_1': '25%', 'round_2_sig_str_dist_2': '58%', 'round_2_sig_str_clinch_1': '1 of 7', 'round_2_sig_str_clinch_2': '6 of 11', 'round_2_sig_str_ground_1': '1 of 1', 'round_2_sig_str_ground_2': '0 of 0'}","{'round_3_sig_str_head_1': '', 'round_3_sig_str_head_2': '', 'round_3_sig_str_body_1': '', 'round_3_sig_str_body_2': '', 'round_3_sig_str_leg_1': '2 of 8', 'round_3_sig_str_leg_2': '7 of 12', 'round_3_sig_str_dist_1': '25%', 'round_3_sig_str_dist_2': '58%', 'round_3_sig_str_clinch_1': '1 of 7', 'round_3_sig_str_clinch_2': '6 of 11', 'round_3_sig_str_ground_1': '1 of 1', 'round_3_sig_str_ground_2': '0 of 0'}","{'round_4_sig_str_head_1': '', 'round_4_sig_str_head_2': '', 'round_4_sig_str_body_1': '', 'round_4_sig_str_body_2': '', 'round_4_sig_str_leg_1': '2 of 8', 'round_4_sig_str_leg_2': '7 of 12', 'round_4_sig_str_dist_1': '25%', 'round_4_sig_str_dist_2': '58%', 'round_4_sig_str_clinch_1': '1 of 7', 'round_4_sig_str_clinch_2': '6 of 11', 'round_4_sig_str_ground_1': '1 of 1', 'round_4_sig_str_ground_2': '0 of 0'}","{'round_5_sig_str_head_1': '', 'round_5_sig_str_head_2': '', 'round_5_sig_str_body_1': '', 'round_5_sig_str_body_2': '', 'round_5_sig_str_leg_1': '2 of 8', 'round_5_sig_str_leg_2': '7 of 12', 'round_5_sig_str_dist_1': '25%', 'round_5_sig_str_dist_2': '58%', 'round_5_sig_str_clinch_1': '1 of 7', 'round_5_sig_str_clinch_2': '6 of 11', 'round_5_sig_str_ground_1': '1 of 1', 'round_5_sig_str_ground_2': '0 of 0'}",,,,,,,,,,,,,,,,,,
http://ufcstats.com/fight-details/582846744e379178,"November 09, 2024","Las Vegas, Nevada, USA",W,Tresean Gore,"""Mr. Vicious""",L,Antonio Trocoli,"""Malvado""",Middleweight Bout,Submission,,,,,Guillotine Choke Standing,,,,,0,0,3 of 3,2 of 5,100%,40%,5 of 5,2 of 5,1 of 1,0 of 1,100%,0%,1,0,,,,,,,,,,,,,,,,,,,,,,,0,0,3 of 3,2 of 5,100%,40%,5 of 5,2 of 5,1 of 1,0 of 1,100%,0%,1,0,,,,,,,,,,,,,,,,,,,,,,,,,,,,,,,,,,,,,,,,,,,,,,,,,,,,,,,,,,,,,,,,,,,,,,,,,,,,,,,,,,,,,,,,,,,,,,,,,,,,,,,,,,,,,,,,,,,,,,,,,,,,,,,0,0,3 of 3,2 of 5,100%,40%,5 of 5,2 of 5,1 of 1,0 of 1,100%,0%,"{'round_1_sig_str_head_1': '', 'round_1_sig_str_head_2': '', 'round_1_sig_str_body_1': '', 'round_1_sig_str_body_2': '', 'round_1_sig_str_leg_1': '3 of 3', 'round_1_sig_str_leg_2': '2 of 5', 'round_1_sig_str_dist_1': '100%', 'round_1_sig_str_dist_2': '40%', 'round_1_sig_str_clinch_1': '0 of 0', 'round_1_sig_str_clinch_2': '0 of 2', 'round_1_sig_str_ground_1': '2 of 2', 'round_1_sig_str_ground_2': '1 of 2'}","{'round_2_sig_str_head_1': '', 'round_2_sig_str_head_2': '', 'round_2_sig_str_body_1': '', 'round_2_sig_str_body_2': '', 'round_2_sig_str_leg_1': '3 of 3', 'round_2_sig_str_leg_2': '2 of 5', 'round_2_sig_str_dist_1': '100%', 'round_2_sig_str_dist_2': '40%', 'round_2_sig_str_clinch_1': '0 of 0', 'round_2_sig_str_clinch_2': '0 of 2', 'round_2_sig_str_ground_1': '2 of 2', 'round_2_sig_str_ground_2': '1 of 2'}","{'round_3_sig_str_head_1': '', 'round_3_sig_str_head_2': '', 'round_3_sig_str_body_1': '', 'round_3_sig_str_body_2': '', 'round_3_sig_str_leg_1': '3 of 3', 'round_3_sig_str_leg_2': '2 of 5', 'round_3_sig_str_dist_1': '100%', 'round_3_sig_str_dist_2': '40%', 'round_3_sig_str_clinch_1': '0 of 0', 'round_3_sig_str_clinch_2': '0 of 2', 'round_3_sig_str_ground_1': '2 of 2', 'round_3_sig_str_ground_2': '1 of 2'}","{'round_4_sig_str_head_1': '', 'round_4_sig_str_head_2': '', 'round_4_sig_str_body_1': '', 'round_4_sig_str_body_2': '', 'round_4_sig_str_leg_1': '3 of 3', 'round_4_sig_str_leg_2': '2 of 5', 'round_4_sig_str_dist_1': '100%', 'round_4_sig_str_dist_2': '40%', 'round_4_sig_str_clinch_1': '0 of 0', 'round_4_sig_str_clinch_2': '0 of 2', 'round_4_sig_str_ground_1': '2 of 2', 'round_4_sig_str_ground_2': '1 of 2'}","{'round_5_sig_str_head_1': '', 'round_5_sig_str_head_2': '', 'round_5_sig_str_body_1': '', 'round_5_sig_str_body_2': '', 'round_5_sig_str_leg_1': '3 of 3', 'round_5_sig_str_leg_2': '2 of 5', 'round_5_sig_str_dist_1': '100%', 'round_5_sig_str_dist_2': '40%', 'round_5_sig_str_clinch_1': '0 of 0', 'round_5_sig_str_clinch_2': '0 of 2', 'round_5_sig_str_ground_1': '2 of 2', 'round_5_sig_str_ground_2': '1 of 2'}",,,,,,,,,,,,,,,,,,
http://ufcstats.com/fight-details/c31d9cac7534d879,"November 09, 2024","Las Vegas, Nevada, USA",L,Luana Pinheiro,,W,Gillian Robertson,"""The Savage""",Women's Strawweight Bout,Decision - Unanimous,,,,,Derek Cleary 27 - 29. Adalaide Byrd 28 - 29. Mike Bell 28 - 29.,,,,,0,0,42 of 105,52 of 108,40%,48%,63 of 128,78 of 145,0 of 0,5 of 17,---,29%,0,0,,,,,,,,,,,,,,,,,,,,,,,0,0,14 of 38,15 of 32,36%,46%,16 of 42,15 of 35,0 of 0,3 of 8,---,37%,0,0,,,,,0,0,25 of 61,20 of 47,40%,42%,29 of 65,22 of 55,0 of 0,1 of 6,---,16%,0,0,,,,,0,0,3 of 6,17 of 29,50%,58%,18 of 21,41 of 55,0 of 0,1 of 3,---,33%,0,0,,,,,,,,,,,,,,,,,,,,,,,,,,,,,,,,,,,,,,,,,,,,,,,,,,,,,,,,,,,,,,,,,,,,,,,,,,,,,,,,,,,,,,,,,,,0,0,42 of 105,52 of 108,40%,48%,63 of 128,78 of 145,0 of 0,5 of 17,---,29%,"{'round_1_sig_str_head_1': '', 'round_1_sig_str_head_2': '', 'round_1_sig_str_body_1': '', 'round_1_sig_str_body_2': '', 'round_1_sig_str_leg_1': '14 of 38', 'round_1_sig_str_leg_2': '15 of 32', 'round_1_sig_str_dist_1': '36%', 'round_1_sig_str_dist_2': '46%', 'round_1_sig_str_clinch_1': '8 of 32', 'round_1_sig_str_clinch_2': '6 of 17', 'round_1_sig_str_ground_1': '5 of 5', 'round_1_sig_str_ground_2': '2 of 5'}","{'round_2_sig_str_head_1': '', 'round_2_sig_str_head_2': '', 'round_2_sig_str_body_1': '', 'round_2_sig_str_body_2': '', 'round_2_sig_str_leg_1': '14 of 38', 'round_2_sig_str_leg_2': '15 of 32', 'round_2_sig_str_dist_1': '36%', 'round_2_sig_str_dist_2': '46%', 'round_2_sig_str_clinch_1': '8 of 32', 'round_2_sig_str_clinch_2': '6 of 17', 'round_2_sig_str_ground_1': '5 of 5', 'round_2_sig_str_ground_2': '2 of 5'}","{'round_3_sig_str_head_1': '', 'round_3_sig_str_head_2': '', 'round_3_sig_str_body_1': '', 'round_3_sig_str_body_2': '', 'round_3_sig_str_leg_1': '14 of 38', 'round_3_sig_str_leg_2': '15 of 32', 'round_3_sig_str_dist_1': '36%', 'round_3_sig_str_dist_2': '46%', 'round_3_sig_str_clinch_1': '8 of 32', 'round_3_sig_str_clinch_2': '6 of 17', 'round_3_sig_str_ground_1': '5 of 5', 'round_3_sig_str_ground_2': '2 of 5'}","{'round_4_sig_str_head_1': '', 'round_4_sig_str_head_2': '', 'round_4_sig_str_body_1': '', 'round_4_sig_str_body_2': '', 'round_4_sig_str_leg_1': '14 of 38', 'round_4_sig_str_leg_2': '15 of 32', 'round_4_sig_str_dist_1': '36%', 'round_4_sig_str_dist_2': '46%', 'round_4_sig_str_clinch_1': '8 of 32', 'round_4_sig_str_clinch_2': '6 of 17', 'round_4_sig_str_ground_1': '5 of 5', 'round_4_sig_str_ground_2': '2 of 5'}","{'round_5_sig_str_head_1': '', 'round_5_sig_str_head_2': '', 'round_5_sig_str_body_1': '', 'round_5_sig_str_body_2': '', 'round_5_sig_str_leg_1': '14 of 38', 'round_5_sig_str_leg_2': '15 of 32', 'round_5_sig_str_dist_1': '36%', 'round_5_sig_str_dist_2': '46%', 'round_5_sig_str_clinch_1': '8 of 32', 'round_5_sig_str_clinch_2': '6 of 17', 'round_5_sig_str_ground_1': '5 of 5', 'round_5_sig_str_ground_2': '2 of 5'}",,,,,,,,,,,,,,,,,,
http://ufcstats.com/fight-details/c9d2a718f39274c0,"November 09, 2024","Las Vegas, Nevada, USA",W,Elizeu Zaleski dos Santos,"""Capoeira""",L,Zachary Scroggin,,Welterweight Bout,KO/TKO,,,,,Punches to Head On Ground,,,,,0,0,11 of 35,3 of 8,31%,37%,11 of 43,3 of 8,0 of 0,0 of 0,---,---,0,0,,,,,,,,,,,,,,,,,,,,,,,0,0,11 of 35,3 of 8,31%,37%,11 of 43,3 of 8,0 of 0,0 of 0,---,---,0,0,,,,,,,,,,,,,,,,,,,,,,,,,,,,,,,,,,,,,,,,,,,,,,,,,,,,,,,,,,,,,,,,,,,,,,,,,,,,,,,,,,,,,,,,,,,,,,,,,,,,,,,,,,,,,,,,,,,,,,,,,,,,,,,0,0,11 of 35,3 of 8,31%,37%,11 of 43,3 of 8,0 of 0,0 of 0,---,---,"{'round_1_sig_str_head_1': '', 'round_1_sig_str_head_2': '', 'round_1_sig_str_body_1': '', 'round_1_sig_str_body_2': '', 'round_1_sig_str_leg_1': '11 of 35', 'round_1_sig_str_leg_2': '3 of 8', 'round_1_sig_str_dist_1': '31%', 'round_1_sig_str_dist_2': '37%', 'round_1_sig_str_clinch_1': '7 of 31', 'round_1_sig_str_clinch_2': '1 of 5', 'round_1_sig_str_ground_1': '0 of 0', 'round_1_sig_str_ground_2': '0 of 0'}","{'round_2_sig_str_head_1': '', 'round_2_sig_str_head_2': '', 'round_2_sig_str_body_1': '', 'round_2_sig_str_body_2': '', 'round_2_sig_str_leg_1': '11 of 35', 'round_2_sig_str_leg_2': '3 of 8', 'round_2_sig_str_dist_1': '31%', 'round_2_sig_str_dist_2': '37%', 'round_2_sig_str_clinch_1': '7 of 31', 'round_2_sig_str_clinch_2': '1 of 5', 'round_2_sig_str_ground_1': '0 of 0', 'round_2_sig_str_ground_2': '0 of 0'}","{'round_3_sig_str_head_1': '', 'round_3_sig_str_head_2': '', 'round_3_sig_str_body_1': '', 'round_3_sig_str_body_2': '', 'round_3_sig_str_leg_1': '11 of 35', 'round_3_sig_str_leg_2': '3 of 8', 'round_3_sig_str_dist_1': '31%', 'round_3_sig_str_dist_2': '37%', 'round_3_sig_str_clinch_1': '7 of 31', 'round_3_sig_str_clinch_2': '1 of 5', 'round_3_sig_str_ground_1': '0 of 0', 'round_3_sig_str_ground_2': '0 of 0'}","{'round_4_sig_str_head_1': '', 'round_4_sig_str_head_2': '', 'round_4_sig_str_body_1': '', 'round_4_sig_str_body_2': '', 'round_4_sig_str_leg_1': '11 of 35', 'round_4_sig_str_leg_2': '3 of 8', 'round_4_sig_str_dist_1': '31%', 'round_4_sig_str_dist_2': '37%', 'round_4_sig_str_clinch_1': '7 of 31', 'round_4_sig_str_clinch_2': '1 of 5', 'round_4_sig_str_ground_1': '0 of 0', 'round_4_sig_str_ground_2': '0 of 0'}","{'round_5_sig_str_head_1': '', 'round_5_sig_str_head_2': '', 'round_5_sig_str_body_1': '', 'round_5_sig_str_body_2': '', 'round_5_sig_str_leg_1': '11 of 35', 'round_5_sig_str_leg_2': '3 of 8', 'round_5_sig_str_dist_1': '31%', 'round_5_sig_str_dist_2': '37%', 'round_5_sig_str_clinch_1': '7 of 31', 'round_5_sig_str_clinch_2': '1 of 5', 'round_5_sig_str_ground_1': '0 of 0', 'round_5_sig_str_ground_2': '0 of 0'}",,,,,,,,,,,,,,,,,,
http://ufcstats.com/fight-details/ea6427379a83bd01,"November 09, 2024","Las Vegas, Nevada, USA",W,Mansur Abdul-Malik,,L,Dusko Todorovic,"""Thunder""",,KO/TKO,,,,,Punches to Head On Ground,,,,,1,0,29 of 51,3 of 5,56%,60%,31 of 54,3 of 5,0 of 0,0 of 0,---,---,0,0,,,,,,,,,,,,,,,,,,,,,,,1,0,29 of 51,3 of 5,56%,60%,31 of 54,3 of 5,0 of 0,0 of 0,---,---,0,0,,,,,,,,,,,,,,,,,,,,,,,,,,,,,,,,,,,,,,,,,,,,,,,,,,,,,,,,,,,,,,,,,,,,,,,,,,,,,,,,,,,,,,,,,,,,,,,,,,,,,,,,,,,,,,,,,,,,,,,,,,,,,,,1,0,29 of 51,3 of 5,56%,60%,31 of 54,3 of 5,0 of 0,0 of 0,---,---,"{'round_1_sig_str_head_1': '', 'round_1_sig_str_head_2': '', 'round_1_sig_str_body_1': '', 'round_1_sig_str_body_2': '', 'round_1_sig_str_leg_1': '29 of 51', 'round_1_sig_str_leg_2': '3 of 5', 'round_1_sig_str_dist_1': '56%', 'round_1_sig_str_dist_2': '60%', 'round_1_sig_str_clinch_1': '27 of 49', 'round_1_sig_str_clinch_2': '2 of 4', 'round_1_sig_str_ground_1': '2 of 2', 'round_1_sig_str_ground_2': '0 of 0'}","{'round_2_sig_str_head_1': '', 'round_2_sig_str_head_2': '', 'round_2_sig_str_body_1': '', 'round_2_sig_str_body_2': '', 'round_2_sig_str_leg_1': '29 of 51', 'round_2_sig_str_leg_2': '3 of 5', 'round_2_sig_str_dist_1': '56%', 'round_2_sig_str_dist_2': '60%', 'round_2_sig_str_clinch_1': '27 of 49', 'round_2_sig_str_clinch_2': '2 of 4', 'round_2_sig_str_ground_1': '2 of 2', 'round_2_sig_str_ground_2': '0 of 0'}","{'round_3_sig_str_head_1': '', 'round_3_sig_str_head_2': '', 'round_3_sig_str_body_1': '', 'round_3_sig_str_body_2': '', 'round_3_sig_str_leg_1': '29 of 51', 'round_3_sig_str_leg_2': '3 of 5', 'round_3_sig_str_dist_1': '56%', 'round_3_sig_str_dist_2': '60%', 'round_3_sig_str_clinch_1': '27 of 49', 'round_3_sig_str_clinch_2': '2 of 4', 'round_3_sig_str_ground_1': '2 of 2', 'round_3_sig_str_ground_2': '0 of 0'}","{'round_4_sig_str_head_1': '', 'round_4_sig_str_head_2': '', 'round_4_sig_str_body_1': '', 'round_4_sig_str_body_2': '', 'round_4_sig_str_leg_1': '29 of 51', 'round_4_sig_str_leg_2': '3 of 5', 'round_4_sig_str_dist_1': '56%', 'round_4_sig_str_dist_2': '60%', 'round_4_sig_str_clinch_1': '27 of 49', 'round_4_sig_str_clinch_2': '2 of 4', 'round_4_sig_str_ground_1': '2 of 2', 'round_4_sig_str_ground_2': '0 of 0'}","{'round_5_sig_str_head_1': '', 'round_5_sig_str_head_2': '', 'round_5_sig_str_body_1': '', 'round_5_sig_str_body_2': '', 'round_5_sig_str_leg_1': '29 of 51', 'round_5_sig_str_leg_2': '3 of 5', 'round_5_sig_str_dist_1': '56%', 'round_5_sig_str_dist_2': '60%', 'round_5_sig_str_clinch_1': '27 of 49', 'round_5_sig_str_clinch_2': '2 of 4', 'round_5_sig_str_ground_1': '2 of 2', 'round_5_sig_str_ground_2': '0 of 0'}",,,,,,,,,,,,,,,,,,
http://ufcstats.com/fight-details/e62033cb1e79aa81,"November 09, 2024","Las Vegas, Nevada, USA",L,Karolina Kowalkiewicz,,W,Denise Gomes,"""Dee""",Women's Strawweight Bout,Decision - Unanimous,,,,,Sal D'amato 27 - 30. Mike Bell 27 - 30. Derek Cleary 28 - 29.,,,,,0,0,46 of 98,73 of 144,46%,50%,61 of 115,91 of 166,0 of 1,0 of 3,0%,0%,0,1,,,,,,,,,,,,,,,,,,,,,,,0,0,7 of 16,22 of 36,43%,61%,11 of 21,32 of 46,0 of 0,0 of 0,---,---,0,0,,,,,0,0,13 of 31,23 of 45,41%,51%,21 of 39,28 of 52,0 of 1,0 of 3,0%,0%,0,0,,,,,0,0,26 of 51,28 of 63,50%,44%,29 of 55,31 of 68,0 of 0,0 of 0,---,---,0,1,,,,,,,,,,,,,,,,,,,,,,,,,,,,,,,,,,,,,,,,,,,,,,,,,,,,,,,,,,,,,,,,,,,,,,,,,,,,,,,,,,,,,,,,,,,0,0,46 of 98,73 of 144,46%,50%,61 of 115,91 of 166,0 of 1,0 of 3,0%,0%,"{'round_1_sig_str_head_1': '', 'round_1_sig_str_head_2': '', 'round_1_sig_str_body_1': '', 'round_1_sig_str_body_2': '', 'round_1_sig_str_leg_1': '7 of 16', 'round_1_sig_str_leg_2': '22 of 36', 'round_1_sig_str_dist_1': '43%', 'round_1_sig_str_dist_2': '61%', 'round_1_sig_str_clinch_1': '0 of 5', 'round_1_sig_str_clinch_2': '8 of 17', 'round_1_sig_str_ground_1': '5 of 5', 'round_1_sig_str_ground_2': '12 of 15'}","{'round_2_sig_str_head_1': '', 'round_2_sig_str_head_2': '', 'round_2_sig_str_body_1': '', 'round_2_sig_str_body_2': '', 'round_2_sig_str_leg_1': '7 of 16', 'round_2_sig_str_leg_2': '22 of 36', 'round_2_sig_str_dist_1': '43%', 'round_2_sig_str_dist_2': '61%', 'round_2_sig_str_clinch_1': '0 of 5', 'round_2_sig_str_clinch_2': '8 of 17', 'round_2_sig_str_ground_1': '5 of 5', 'round_2_sig_str_ground_2': '12 of 15'}","{'round_3_sig_str_head_1': '', 'round_3_sig_str_head_2': '', 'round_3_sig_str_body_1': '', 'round_3_sig_str_body_2': '', 'round_3_sig_str_leg_1': '7 of 16', 'round_3_sig_str_leg_2': '22 of 36', 'round_3_sig_str_dist_1': '43%', 'round_3_sig_str_dist_2': '61%', 'round_3_sig_str_clinch_1': '0 of 5', 'round_3_sig_str_clinch_2': '8 of 17', 'round_3_sig_str_ground_1': '5 of 5', 'round_3_sig_str_ground_2': '12 of 15'}","{'round_4_sig_str_head_1': '', 'round_4_sig_str_head_2': '', 'round_4_sig_str_body_1': '', 'round_4_sig_str_body_2': '', 'round_4_sig_str_leg_1': '7 of 16', 'round_4_sig_str_leg_2': '22 of 36', 'round_4_sig_str_dist_1': '43%', 'round_4_sig_str_dist_2': '61%', 'round_4_sig_str_clinch_1': '0 of 5', 'round_4_sig_str_clinch_2': '8 of 17', 'round_4_sig_str_ground_1': '5 of 5', 'round_4_sig_str_ground_2': '12 of 15'}","{'round_5_sig_str_head_1': '', 'round_5_sig_str_head_2': '', 'round_5_sig_str_body_1': '', 'round_5_sig_str_body_2': '', 'round_5_sig_str_leg_1': '7 of 16', 'round_5_sig_str_leg_2': '22 of 36', 'round_5_sig_str_dist_1': '43%', 'round_5_sig_str_dist_2': '61%', 'round_5_sig_str_clinch_1': '0 of 5', 'round_5_sig_str_clinch_2': '8 of 17', 'round_5_sig_str_ground_1': '5 of 5', 'round_5_sig_str_ground_2': '12 of 15'}",,,,,,,,,,,,,,,,,,
http://ufcstats.com/fight-details/f0723cda67db3954,"November 02, 2024","Edmonton, Alberta, Canada",W,Jamey-Lyn Horth,,L,Ivana Petrovic,,Women's Flyweight Bout,Decision - Split,,,,,Eric Colon 27 - 30. Thomas Collins 29 - 28. Mike Bell 28 - 29.,,,,,0,0,29 of 70,25 of 75,41%,33%,50 of 94,67 of 128,2 of 4,2 of 6,50%,33%,0,0,,,,,,,,,,,,,,,,,,,,,,,0,0,3 of 8,1 of 9,37%,11%,10 of 16,20 of 33,1 of 1,1 of 1,100%,100%,0,0,,,,,0,0,10 of 19,9 of 25,52%,36%,21 of 31,14 of 31,0 of 0,1 of 3,---,33%,0,0,,,,,0,0,16 of 43,15 of 41,37%,36%,19 of 47,33 of 64,1 of 3,0 of 2,33%,0%,0,0,,,,,,,,,,,,,,,,,,,,,,,,,,,,,,,,,,,,,,,,,,,,,,,,,,,,,,,,,,,,,,,,,,,,,,,,,,,,,,,,,,,,,,,,,,,0,0,29 of 70,25 of 75,41%,33%,50 of 94,67 of 128,2 of 4,2 of 6,50%,33%,"{'round_1_sig_str_head_1': '', 'round_1_sig_str_head_2': '', 'round_1_sig_str_body_1': '', 'round_1_sig_str_body_2': '', 'round_1_sig_str_leg_1': '3 of 8', 'round_1_sig_str_leg_2': '1 of 9', 'round_1_sig_str_dist_1': '37%', 'round_1_sig_str_dist_2': '11%', 'round_1_sig_str_clinch_1': '1 of 6', 'round_1_sig_str_clinch_2': '1 of 9', 'round_1_sig_str_ground_1': '2 of 2', 'round_1_sig_str_ground_2': '0 of 0'}","{'round_2_sig_str_head_1': '', 'round_2_sig_str_head_2': '', 'round_2_sig_str_body_1': '', 'round_2_sig_str_body_2': '', 'round_2_sig_str_leg_1': '3 of 8', 'round_2_sig_str_leg_2': '1 of 9', 'round_2_sig_str_dist_1': '37%', 'round_2_sig_str_dist_2': '11%', 'round_2_sig_str_clinch_1': '1 of 6', 'round_2_sig_str_clinch_2': '1 of 9', 'round_2_sig_str_ground_1': '2 of 2', 'round_2_sig_str_ground_2': '0 of 0'}","{'round_3_sig_str_head_1': '', 'round_3_sig_str_head_2': '', 'round_3_sig_str_body_1': '', 'round_3_sig_str_body_2': '', 'round_3_sig_str_leg_1': '3 of 8', 'round_3_sig_str_leg_2': '1 of 9', 'round_3_sig_str_dist_1': '37%', 'round_3_sig_str_dist_2': '11%', 'round_3_sig_str_clinch_1': '1 of 6', 'round_3_sig_str_clinch_2': '1 of 9', 'round_3_sig_str_ground_1': '2 of 2', 'round_3_sig_str_ground_2': '0 of 0'}","{'round_4_sig_str_head_1': '', 'round_4_sig_str_head_2': '', 'round_4_sig_str_body_1': '', 'round_4_sig_str_body_2': '', 'round_4_sig_str_leg_1': '3 of 8', 'round_4_sig_str_leg_2': '1 of 9', 'round_4_sig_str_dist_1': '37%', 'round_4_sig_str_dist_2': '11%', 'round_4_sig_str_clinch_1': '1 of 6', 'round_4_sig_str_clinch_2': '1 of 9', 'round_4_sig_str_ground_1': '2 of 2', 'round_4_sig_str_ground_2': '0 of 0'}","{'round_5_sig_str_head_1': '', 'round_5_sig_str_head_2': '', 'round_5_sig_str_body_1': '', 'round_5_sig_str_body_2': '', 'round_5_sig_str_leg_1': '3 of 8', 'round_5_sig_str_leg_2': '1 of 9', 'round_5_sig_str_dist_1': '37%', 'round_5_sig_str_dist_2': '11%', 'round_5_sig_str_clinch_1': '1 of 6', 'round_5_sig_str_clinch_2': '1 of 9', 'round_5_sig_str_ground_1': '2 of 2', 'round_5_sig_str_ground_2': '0 of 0'}",,,,,,,,,,,,,,,,,,
http://ufcstats.com/fight-details/154138c8fc89c315,"November 09, 2024","Las Vegas, Nevada, USA",L,Gerald Meerschaert,"""GM3""",W,Reinier de Ridder,"""RdR""",Middleweight Bout,Submission,,,,,Arm Triangle From Mount,,,,,0,1,30 of 54,38 of 66,55%,57%,44 of 72,82 of 114,0 of 2,5 of 13,0%,38%,0,1,,,,,,,,,,,,,,,,,,,,,,,0,1,21 of 34,28 of 53,61%,52%,21 of 34,33 of 59,0 of 0,2 of 6,---,33%,0,0,,,,,0,0,9 of 17,5 of 6,52%,83%,22 of 34,35 of 39,0 of 0,2 of 6,---,33%,0,0,,,,,0,0,0 of 3,5 of 7,0%,71%,1 of 4,14 of 16,0 of 2,1 of 1,0%,100%,0,1,,,,,,,,,,,,,,,,,,,,,,,,,,,,,,,,,,,,,,,,,,,,,,,,,,,,,,,,,,,,,,,,,,,,,,,,,,,,,,,,,,,,,,,,,,,0,1,30 of 54,38 of 66,55%,57%,44 of 72,82 of 114,0 of 2,5 of 13,0%,38%,"{'round_1_sig_str_head_1': '', 'round_1_sig_str_head_2': '', 'round_1_sig_str_body_1': '', 'round_1_sig_str_body_2': '', 'round_1_sig_str_leg_1': '21 of 34', 'round_1_sig_str_leg_2': '28 of 53', 'round_1_sig_str_dist_1': '61%', 'round_1_sig_str_dist_2': '52%', 'round_1_sig_str_clinch_1': '19 of 30', 'round_1_sig_str_clinch_2': '14 of 34', 'round_1_sig_str_ground_1': '2 of 4', 'round_1_sig_str_ground_2': '5 of 8'}","{'round_2_sig_str_head_1': '', 'round_2_sig_str_head_2': '', 'round_2_sig_str_body_1': '', 'round_2_sig_str_body_2': '', 'round_2_sig_str_leg_1': '21 of 34', 'round_2_sig_str_leg_2': '28 of 53', 'round_2_sig_str_dist_1': '61%', 'round_2_sig_str_dist_2': '52%', 'round_2_sig_str_clinch_1': '19 of 30', 'round_2_sig_str_clinch_2': '14 of 34', 'round_2_sig_str_ground_1': '2 of 4', 'round_2_sig_str_ground_2': '5 of 8'}","{'round_3_sig_str_head_1': '', 'round_3_sig_str_head_2': '', 'round_3_sig_str_body_1': '', 'round_3_sig_str_body_2': '', 'round_3_sig_str_leg_1': '21 of 34', 'round_3_sig_str_leg_2': '28 of 53', 'round_3_sig_str_dist_1': '61%', 'round_3_sig_str_dist_2': '52%', 'round_3_sig_str_clinch_1': '19 of 30', 'round_3_sig_str_clinch_2': '14 of 34', 'round_3_sig_str_ground_1': '2 of 4', 'round_3_sig_str_ground_2': '5 of 8'}","{'round_4_sig_str_head_1': '', 'round_4_sig_str_head_2': '', 'round_4_sig_str_body_1': '', 'round_4_sig_str_body_2': '', 'round_4_sig_str_leg_1': '21 of 34', 'round_4_sig_str_leg_2': '28 of 53', 'round_4_sig_str_dist_1': '61%', 'round_4_sig_str_dist_2': '52%', 'round_4_sig_str_clinch_1': '19 of 30', 'round_4_sig_str_clinch_2': '14 of 34', 'round_4_sig_str_ground_1': '2 of 4', 'round_4_sig_str_ground_2': '5 of 8'}","{'round_5_sig_str_head_1': '', 'round_5_sig_str_head_2': '', 'round_5_sig_str_body_1': '', 'round_5_sig_str_body_2': '', 'round_5_sig_str_leg_1': '21 of 34', 'round_5_sig_str_leg_2': '28 of 53', 'round_5_sig_str_dist_1': '61%', 'round_5_sig_str_dist_2': '52%', 'round_5_sig_str_clinch_1': '19 of 30', 'round_5_sig_str_clinch_2': '14 of 34', 'round_5_sig_str_ground_1': '2 of 4', 'round_5_sig_str_ground_2': '5 of 8'}",,,,,,,,,,,,,,,,,,
http://ufcstats.com/fight-details/e6685759ed2af90d,"November 09, 2024","Las Vegas, Nevada, USA",W,Gaston Bolanos,"""The Dreamkiller""",L,Cortavious Romious,,Bantamweight Bout,Decision - Unanimous,,,,,Tony Weeks 26 - 30. Chris Lee 27 - 30. Sal D'amato 27 - 30.,,,,,0,0,53 of 75,17 of 45,70%,37%,80 of 104,30 of 61,2 of 2,4 of 6,100%,66%,0,0,,,,,,,,,,,,,,,,,,,,,,,0,0,27 of 40,12 of 34,67%,35%,29 of 43,16 of 39,0 of 0,1 of 3,---,33%,0,0,,,,,0,0,15 of 23,3 of 5,65%,60%,25 of 33,4 of 7,1 of 1,2 of 2,100%,100%,0,0,,,,,0,0,11 of 12,2 of 6,91%,33%,26 of 28,10 of 15,1 of 1,1 of 1,100%,100%,0,0,,,,,,,,,,,,,,,,,,,,,,,,,,,,,,,,,,,,,,,,,,,,,,,,,,,,,,,,,,,,,,,,,,,,,,,,,,,,,,,,,,,,,,,,,,,0,0,53 of 75,17 of 45,70%,37%,80 of 104,30 of 61,2 of 2,4 of 6,100%,66%,"{'round_1_sig_str_head_1': '', 'round_1_sig_str_head_2': '', 'round_1_sig_str_body_1': '', 'round_1_sig_str_body_2': '', 'round_1_sig_str_leg_1': '27 of 40', 'round_1_sig_str_leg_2': '12 of 34', 'round_1_sig_str_dist_1': '67%', 'round_1_sig_str_dist_2': '35%', 'round_1_sig_str_clinch_1': '4 of 16', 'round_1_sig_str_clinch_2': '8 of 27', 'round_1_sig_str_ground_1': '12 of 13', 'round_1_sig_str_ground_2': '2 of 4'}","{'round_2_sig_str_head_1': '', 'round_2_sig_str_head_2': '', 'round_2_sig_str_body_1': '', 'round_2_sig_str_body_2': '', 'round_2_sig_str_leg_1': '27 of 40', 'round_2_sig_str_leg_2': '12 of 34', 'round_2_sig_str_dist_1': '67%', 'round_2_sig_str_dist_2': '35%', 'round_2_sig_str_clinch_1': '4 of 16', 'round_2_sig_str_clinch_2': '8 of 27', 'round_2_sig_str_ground_1': '12 of 13', 'round_2_sig_str_ground_2': '2 of 4'}","{'round_3_sig_str_head_1': '', 'round_3_sig_str_head_2': '', 'round_3_sig_str_body_1': '', 'round_3_sig_str_body_2': '', 'round_3_sig_str_leg_1': '27 of 40', 'round_3_sig_str_leg_2': '12 of 34', 'round_3_sig_str_dist_1': '67%', 'round_3_sig_str_dist_2': '35%', 'round_3_sig_str_clinch_1': '4 of 16', 'round_3_sig_str_clinch_2': '8 of 27', 'round_3_sig_str_ground_1': '12 of 13', 'round_3_sig_str_ground_2': '2 of 4'}","{'round_4_sig_str_head_1': '', 'round_4_sig_str_head_2': '', 'round_4_sig_str_body_1': '', 'round_4_sig_str_body_2': '', 'round_4_sig_str_leg_1': '27 of 40', 'round_4_sig_str_leg_2': '12 of 34', 'round_4_sig_str_dist_1': '67%', 'round_4_sig_str_dist_2': '35%', 'round_4_sig_str_clinch_1': '4 of 16', 'round_4_sig_str_clinch_2': '8 of 27', 'round_4_sig_str_ground_1': '12 of 13', 'round_4_sig_str_ground_2': '2 of 4'}","{'round_5_sig_str_head_1': '', 'round_5_sig_str_head_2': '', 'round_5_sig_str_body_1': '', 'round_5_sig_str_body_2': '', 'round_5_sig_str_leg_1': '27 of 40', 'round_5_sig_str_leg_2': '12 of 34', 'round_5_sig_str_dist_1': '67%', 'round_5_sig_str_dist_2': '35%', 'round_5_sig_str_clinch_1': '4 of 16', 'round_5_sig_str_clinch_2': '8 of 27', 'round_5_sig_str_ground_1': '12 of 13', 'round_5_sig_str_ground_2': '2 of 4'}",,,,,,,,,,,,,,,,,,
http://ufcstats.com/fight-details/f93b074dfd47b4b4,"November 02, 2024","Edmonton, Alberta, Canada",W,Serhiy Sidey,,L,Garrett Armfield,,Bantamweight Bout,Decision - Split,,,,,Derek Cleary 28 - 29. Mike Bell 29 - 28. Junichiro Kamijo 28 - 29.,,,,,0,0,68 of 144,71 of 142,47%,50%,75 of 151,77 of 148,0 of 4,4 of 5,0%,80%,3,1,,,,,,,,,,,,,,,,,,,,,,,0,0,20 of 41,24 of 40,48%,60%,23 of 44,24 of 40,0 of 2,1 of 2,0%,50%,1,0,,,,,0,0,39 of 86,43 of 92,45%,46%,40 of 87,44 of 93,0 of 2,0 of 0,0%,---,0,0,,,,,0,0,9 of 17,4 of 10,52%,40%,12 of 20,9 of 15,0 of 0,3 of 3,---,100%,2,1,,,,,,,,,,,,,,,,,,,,,,,,,,,,,,,,,,,,,,,,,,,,,,,,,,,,,,,,,,,,,,,,,,,,,,,,,,,,,,,,,,,,,,,,,,,0,0,68 of 144,71 of 142,47%,50%,75 of 151,77 of 148,0 of 4,4 of 5,0%,80%,"{'round_1_sig_str_head_1': '', 'round_1_sig_str_head_2': '', 'round_1_sig_str_body_1': '', 'round_1_sig_str_body_2': '', 'round_1_sig_str_leg_1': '20 of 41', 'round_1_sig_str_leg_2': '24 of 40', 'round_1_sig_str_dist_1': '48%', 'round_1_sig_str_dist_2': '60%', 'round_1_sig_str_clinch_1': '8 of 27', 'round_1_sig_str_clinch_2': '20 of 36', 'round_1_sig_str_ground_1': '8 of 10', 'round_1_sig_str_ground_2': '3 of 3'}","{'round_2_sig_str_head_1': '', 'round_2_sig_str_head_2': '', 'round_2_sig_str_body_1': '', 'round_2_sig_str_body_2': '', 'round_2_sig_str_leg_1': '20 of 41', 'round_2_sig_str_leg_2': '24 of 40', 'round_2_sig_str_dist_1': '48%', 'round_2_sig_str_dist_2': '60%', 'round_2_sig_str_clinch_1': '8 of 27', 'round_2_sig_str_clinch_2': '20 of 36', 'round_2_sig_str_ground_1': '8 of 10', 'round_2_sig_str_ground_2': '3 of 3'}","{'round_3_sig_str_head_1': '', 'round_3_sig_str_head_2': '', 'round_3_sig_str_body_1': '', 'round_3_sig_str_body_2': '', 'round_3_sig_str_leg_1': '20 of 41', 'round_3_sig_str_leg_2': '24 of 40', 'round_3_sig_str_dist_1': '48%', 'round_3_sig_str_dist_2': '60%', 'round_3_sig_str_clinch_1': '8 of 27', 'round_3_sig_str_clinch_2': '20 of 36', 'round_3_sig_str_ground_1': '8 of 10', 'round_3_sig_str_ground_2': '3 of 3'}","{'round_4_sig_str_head_1': '', 'round_4_sig_str_head_2': '', 'round_4_sig_str_body_1': '', 'round_4_sig_str_body_2': '', 'round_4_sig_str_leg_1': '20 of 41', 'round_4_sig_str_leg_2': '24 of 40', 'round_4_sig_str_dist_1': '48%', 'round_4_sig_str_dist_2': '60%', 'round_4_sig_str_clinch_1': '8 of 27', 'round_4_sig_str_clinch_2': '20 of 36', 'round_4_sig_str_ground_1': '8 of 10', 'round_4_sig_str_ground_2': '3 of 3'}","{'round_5_sig_str_head_1': '', 'round_5_sig_str_head_2': '', 'round_5_sig_str_body_1': '', 'round_5_sig_str_body_2': '', 'round_5_sig_str_leg_1': '20 of 41', 'round_5_sig_str_leg_2': '24 of 40', 'round_5_sig_str_dist_1': '48%', 'round_5_sig_str_dist_2': '60%', 'round_5_sig_str_clinch_1': '8 of 27', 'round_5_sig_str_clinch_2': '20 of 36', 'round_5_sig_str_ground_1': '8 of 10', 'round_5_sig_str_ground_2': '3 of 3'}",,,,,,,,,,,,,,,,,,
http://ufcstats.com/fight-details/73f451d894a1d4ca,"November 09, 2024","Las Vegas, Nevada, USA",L,Neil Magny,"""The Haitian Sensation""",W,Carlos Prates,"""The Nightmare""",,KO/TKO,,,,,Punch to Head At Distance,,,,,0,2,10 of 20,12 of 21,50%,57%,23 of 33,13 of 22,0 of 7,1 of 1,0%,100%,0,0,,,,,,,,,,,,,,,,,,,,,,,0,2,10 of 20,12 of 21,50%,57%,23 of 33,13 of 22,0 of 7,1 of 1,0%,100%,0,0,,,,,,,,,,,,,,,,,,,,,,,,,,,,,,,,,,,,,,,,,,,,,,,,,,,,,,,,,,,,,,,,,,,,,,,,,,,,,,,,,,,,,,,,,,,,,,,,,,,,,,,,,,,,,,,,,,,,,,,,,,,,,,,0,2,10 of 20,12 of 21,50%,57%,23 of 33,13 of 22,0 of 7,1 of 1,0%,100%,"{'round_1_sig_str_head_1': '', 'round_1_sig_str_head_2': '', 'round_1_sig_str_body_1': '', 'round_1_sig_str_body_2': '', 'round_1_sig_str_leg_1': '10 of 20', 'round_1_sig_str_leg_2': '12 of 21', 'round_1_sig_str_dist_1': '50%', 'round_1_sig_str_dist_2': '57%', 'round_1_sig_str_clinch_1': '7 of 17', 'round_1_sig_str_clinch_2': '9 of 17', 'round_1_sig_str_ground_1': '2 of 2', 'round_1_sig_str_ground_2': '1 of 1'}","{'round_2_sig_str_head_1': '', 'round_2_sig_str_head_2': '', 'round_2_sig_str_body_1': '', 'round_2_sig_str_body_2': '', 'round_2_sig_str_leg_1': '10 of 20', 'round_2_sig_str_leg_2': '12 of 21', 'round_2_sig_str_dist_1': '50%', 'round_2_sig_str_dist_2': '57%', 'round_2_sig_str_clinch_1': '7 of 17', 'round_2_sig_str_clinch_2': '9 of 17', 'round_2_sig_str_ground_1': '2 of 2', 'round_2_sig_str_ground_2': '1 of 1'}","{'round_3_sig_str_head_1': '', 'round_3_sig_str_head_2': '', 'round_3_sig_str_body_1': '', 'round_3_sig_str_body_2': '', 'round_3_sig_str_leg_1': '10 of 20', 'round_3_sig_str_leg_2': '12 of 21', 'round_3_sig_str_dist_1': '50%', 'round_3_sig_str_dist_2': '57%', 'round_3_sig_str_clinch_1': '7 of 17', 'round_3_sig_str_clinch_2': '9 of 17', 'round_3_sig_str_ground_1': '2 of 2', 'round_3_sig_str_ground_2': '1 of 1'}","{'round_4_sig_str_head_1': '', 'round_4_sig_str_head_2': '', 'round_4_sig_str_body_1': '', 'round_4_sig_str_body_2': '', 'round_4_sig_str_leg_1': '10 of 20', 'round_4_sig_str_leg_2': '12 of 21', 'round_4_sig_str_dist_1': '50%', 'round_4_sig_str_dist_2': '57%', 'round_4_sig_str_clinch_1': '7 of 17', 'round_4_sig_str_clinch_2': '9 of 17', 'round_4_sig_str_ground_1': '2 of 2', 'round_4_sig_str_ground_2': '1 of 1'}","{'round_5_sig_str_head_1': '', 'round_5_sig_str_head_2': '', 'round_5_sig_str_body_1': '', 'round_5_sig_str_body_2': '', 'round_5_sig_str_leg_1': '10 of 20', 'round_5_sig_str_leg_2': '12 of 21', 'round_5_sig_str_dist_1': '50%', 'round_5_sig_str_dist_2': '57%', 'round_5_sig_str_clinch_1': '7 of 17', 'round_5_sig_str_clinch_2': '9 of 17', 'round_5_sig_str_ground_1': '2 of 2', 'round_5_sig_str_ground_2': '1 of 1'}",,,,,,,,,,,,,,,,,,
http://ufcstats.com/fight-details/5256ba94641a4284,"November 02, 2024","Edmonton, Alberta, Canada",L,Jack Shore,"""Tank""",W,Youssef Zalal,"""The Moroccan Devil""",,Submission,,,,,Arm Triangle From Half Guard,,,,,0,1,8 of 18,13 of 27,44%,48%,10 of 21,21 of 37,2 of 4,1 of 2,50%,50%,0,1,,,,,,,,,,,,,,,,,,,,,,,0,0,7 of 15,7 of 17,46%,41%,9 of 18,13 of 23,2 of 4,1 of 2,50%,50%,0,0,,,,,0,1,1 of 3,6 of 10,33%,60%,1 of 3,8 of 14,0 of 0,0 of 0,---,---,0,1,,,,,,,,,,,,,,,,,,,,,,,,,,,,,,,,,,,,,,,,,,,,,,,,,,,,,,,,,,,,,,,,,,,,,,,,,,,,,,,,,,,,,,,,,,,,,,,,,,,,,,,,,,,,,0,1,8 of 18,13 of 27,44%,48%,10 of 21,21 of 37,2 of 4,1 of 2,50%,50%,"{'round_1_sig_str_head_1': '', 'round_1_sig_str_head_2': '', 'round_1_sig_str_body_1': '', 'round_1_sig_str_body_2': '', 'round_1_sig_str_leg_1': '7 of 15', 'round_1_sig_str_leg_2': '7 of 17', 'round_1_sig_str_dist_1': '46%', 'round_1_sig_str_dist_2': '41%', 'round_1_sig_str_clinch_1': '7 of 13', 'round_1_sig_str_clinch_2': '3 of 12', 'round_1_sig_str_ground_1': '0 of 0', 'round_1_sig_str_ground_2': '1 of 2'}","{'round_2_sig_str_head_1': '', 'round_2_sig_str_head_2': '', 'round_2_sig_str_body_1': '', 'round_2_sig_str_body_2': '', 'round_2_sig_str_leg_1': '7 of 15', 'round_2_sig_str_leg_2': '7 of 17', 'round_2_sig_str_dist_1': '46%', 'round_2_sig_str_dist_2': '41%', 'round_2_sig_str_clinch_1': '7 of 13', 'round_2_sig_str_clinch_2': '3 of 12', 'round_2_sig_str_ground_1': '0 of 0', 'round_2_sig_str_ground_2': '1 of 2'}","{'round_3_sig_str_head_1': '', 'round_3_sig_str_head_2': '', 'round_3_sig_str_body_1': '', 'round_3_sig_str_body_2': '', 'round_3_sig_str_leg_1': '7 of 15', 'round_3_sig_str_leg_2': '7 of 17', 'round_3_sig_str_dist_1': '46%', 'round_3_sig_str_dist_2': '41%', 'round_3_sig_str_clinch_1': '7 of 13', 'round_3_sig_str_clinch_2': '3 of 12', 'round_3_sig_str_ground_1': '0 of 0', 'round_3_sig_str_ground_2': '1 of 2'}","{'round_4_sig_str_head_1': '', 'round_4_sig_str_head_2': '', 'round_4_sig_str_body_1': '', 'round_4_sig_str_body_2': '', 'round_4_sig_str_leg_1': '7 of 15', 'round_4_sig_str_leg_2': '7 of 17', 'round_4_sig_str_dist_1': '46%', 'round_4_sig_str_dist_2': '41%', 'round_4_sig_str_clinch_1': '7 of 13', 'round_4_sig_str_clinch_2': '3 of 12', 'round_4_sig_str_ground_1': '0 of 0', 'round_4_sig_str_ground_2': '1 of 2'}","{'round_5_sig_str_head_1': '', 'round_5_sig_str_head_2': '', 'round_5_sig_str_body_1': '', 'round_5_sig_str_body_2': '', 'round_5_sig_str_leg_1': '7 of 15', 'round_5_sig_str_leg_2': '7 of 17', 'round_5_sig_str_dist_1': '46%', 'round_5_sig_str_dist_2': '41%', 'round_5_sig_str_clinch_1': '7 of 13', 'round_5_sig_str_clinch_2': '3 of 12', 'round_5_sig_str_ground_1': '0 of 0', 'round_5_sig_str_ground_2': '1 of 2'}",,,,,,,,,,,,,,,,,,
http://ufcstats.com/fight-details/c9cef59a5de32219,"November 02, 2024","Edmonton, Alberta, Canada",L,Chad Anheliger,"""The Monster""",W,Cody Gibson,"""The Renegade""",Bantamweight Bout,Decision - Unanimous,,,,,Derek Cleary 26 - 30. Junichiro Kamijo 27 - 30. Ziad Harb 27 - 30.,,,,,0,0,11 of 19,16 of 34,57%,47%,59 of 77,59 of 93,0 of 0,5 of 6,---,83%,0,2,,,,,,,,,,,,,,,,,,,,,,,0,0,5 of 9,4 of 16,55%,25%,13 of 19,23 of 35,0 of 0,2 of 2,---,100%,0,1,,,,,0,0,0 of 1,9 of 11,0%,81%,9 of 14,27 of 40,0 of 0,1 of 2,---,50%,0,1,,,,,0,0,6 of 9,3 of 7,66%,42%,37 of 44,9 of 18,0 of 0,2 of 2,---,100%,0,0,,,,,,,,,,,,,,,,,,,,,,,,,,,,,,,,,,,,,,,,,,,,,,,,,,,,,,,,,,,,,,,,,,,,,,,,,,,,,,,,,,,,,,,,,,,0,0,11 of 19,16 of 34,57%,47%,59 of 77,59 of 93,0 of 0,5 of 6,---,83%,"{'round_1_sig_str_head_1': '', 'round_1_sig_str_head_2': '', 'round_1_sig_str_body_1': '', 'round_1_sig_str_body_2': '', 'round_1_sig_str_leg_1': '5 of 9', 'round_1_sig_str_leg_2': '4 of 16', 'round_1_sig_str_dist_1': '55%', 'round_1_sig_str_dist_2': '25%', 'round_1_sig_str_clinch_1': '3 of 7', 'round_1_sig_str_clinch_2': '3 of 12', 'round_1_sig_str_ground_1': '0 of 0', 'round_1_sig_str_ground_2': '0 of 1'}","{'round_2_sig_str_head_1': '', 'round_2_sig_str_head_2': '', 'round_2_sig_str_body_1': '', 'round_2_sig_str_body_2': '', 'round_2_sig_str_leg_1': '5 of 9', 'round_2_sig_str_leg_2': '4 of 16', 'round_2_sig_str_dist_1': '55%', 'round_2_sig_str_dist_2': '25%', 'round_2_sig_str_clinch_1': '3 of 7', 'round_2_sig_str_clinch_2': '3 of 12', 'round_2_sig_str_ground_1': '0 of 0', 'round_2_sig_str_ground_2': '0 of 1'}","{'round_3_sig_str_head_1': '', 'round_3_sig_str_head_2': '', 'round_3_sig_str_body_1': '', 'round_3_sig_str_body_2': '', 'round_3_sig_str_leg_1': '5 of 9', 'round_3_sig_str_leg_2': '4 of 16', 'round_3_sig_str_dist_1': '55%', 'round_3_sig_str_dist_2': '25%', 'round_3_sig_str_clinch_1': '3 of 7', 'round_3_sig_str_clinch_2': '3 of 12', 'round_3_sig_str_ground_1': '0 of 0', 'round_3_sig_str_ground_2': '0 of 1'}","{'round_4_sig_str_head_1': '', 'round_4_sig_str_head_2': '', 'round_4_sig_str_body_1': '', 'round_4_sig_str_body_2': '', 'round_4_sig_str_leg_1': '5 of 9', 'round_4_sig_str_leg_2': '4 of 16', 'round_4_sig_str_dist_1': '55%', 'round_4_sig_str_dist_2': '25%', 'round_4_sig_str_clinch_1': '3 of 7', 'round_4_sig_str_clinch_2': '3 of 12', 'round_4_sig_str_ground_1': '0 of 0', 'round_4_sig_str_ground_2': '0 of 1'}","{'round_5_sig_str_head_1': '', 'round_5_sig_str_head_2': '', 'round_5_sig_str_body_1': '', 'round_5_sig_str_body_2': '', 'round_5_sig_str_leg_1': '5 of 9', 'round_5_sig_str_leg_2': '4 of 16', 'round_5_sig_str_dist_1': '55%', 'round_5_sig_str_dist_2': '25%', 'round_5_sig_str_clinch_1': '3 of 7', 'round_5_sig_str_clinch_2': '3 of 12', 'round_5_sig_str_ground_1': '0 of 0', 'round_5_sig_str_ground_2': '0 of 1'}",,,,,,,,,,,,,,,,,,
http://ufcstats.com/fight-details/de084f0d65421cfa,"November 02, 2024","Edmonton, Alberta, Canada",W,Alexandr Romanov,"""King Kong""",L,Rodrigo Nascimento,"""Ze Colmeia""",Heavyweight Bout,Decision - Unanimous,,,,,Jason Tatlow 27 - 30. Thomas Collins 27 - 30. Sal D'amato 27 - 30.,,,,,0,0,45 of 92,31 of 91,48%,34%,87 of 135,48 of 108,6 of 10,0 of 0,60%,---,1,0,,,,,,,,,,,,,,,,,,,,,,,0,0,2 of 5,1 of 1,40%,100%,32 of 36,4 of 4,4 of 5,0 of 0,80%,---,1,0,,,,,0,0,17 of 28,10 of 34,60%,29%,26 of 37,24 of 48,2 of 4,0 of 0,50%,---,0,0,,,,,0,0,26 of 59,20 of 56,44%,35%,29 of 62,20 of 56,0 of 1,0 of 0,0%,---,0,0,,,,,,,,,,,,,,,,,,,,,,,,,,,,,,,,,,,,,,,,,,,,,,,,,,,,,,,,,,,,,,,,,,,,,,,,,,,,,,,,,,,,,,,,,,,0,0,45 of 92,31 of 91,48%,34%,87 of 135,48 of 108,6 of 10,0 of 0,60%,---,"{'round_1_sig_str_head_1': '', 'round_1_sig_str_head_2': '', 'round_1_sig_str_body_1': '', 'round_1_sig_str_body_2': '', 'round_1_sig_str_leg_1': '2 of 5', 'round_1_sig_str_leg_2': '1 of 1', 'round_1_sig_str_dist_1': '40%', 'round_1_sig_str_dist_2': '100%', 'round_1_sig_str_clinch_1': '2 of 5', 'round_1_sig_str_clinch_2': '0 of 0', 'round_1_sig_str_ground_1': '0 of 0', 'round_1_sig_str_ground_2': '1 of 1'}","{'round_2_sig_str_head_1': '', 'round_2_sig_str_head_2': '', 'round_2_sig_str_body_1': '', 'round_2_sig_str_body_2': '', 'round_2_sig_str_leg_1': '2 of 5', 'round_2_sig_str_leg_2': '1 of 1', 'round_2_sig_str_dist_1': '40%', 'round_2_sig_str_dist_2': '100%', 'round_2_sig_str_clinch_1': '2 of 5', 'round_2_sig_str_clinch_2': '0 of 0', 'round_2_sig_str_ground_1': '0 of 0', 'round_2_sig_str_ground_2': '1 of 1'}","{'round_3_sig_str_head_1': '', 'round_3_sig_str_head_2': '', 'round_3_sig_str_body_1': '', 'round_3_sig_str_body_2': '', 'round_3_sig_str_leg_1': '2 of 5', 'round_3_sig_str_leg_2': '1 of 1', 'round_3_sig_str_dist_1': '40%', 'round_3_sig_str_dist_2': '100%', 'round_3_sig_str_clinch_1': '2 of 5', 'round_3_sig_str_clinch_2': '0 of 0', 'round_3_sig_str_ground_1': '0 of 0', 'round_3_sig_str_ground_2': '1 of 1'}","{'round_4_sig_str_head_1': '', 'round_4_sig_str_head_2': '', 'round_4_sig_str_body_1': '', 'round_4_sig_str_body_2': '', 'round_4_sig_str_leg_1': '2 of 5', 'round_4_sig_str_leg_2': '1 of 1', 'round_4_sig_str_dist_1': '40%', 'round_4_sig_str_dist_2': '100%', 'round_4_sig_str_clinch_1': '2 of 5', 'round_4_sig_str_clinch_2': '0 of 0', 'round_4_sig_str_ground_1': '0 of 0', 'round_4_sig_str_ground_2': '1 of 1'}","{'round_5_sig_str_head_1': '', 'round_5_sig_str_head_2': '', 'round_5_sig_str_body_1': '', 'round_5_sig_str_body_2': '', 'round_5_sig_str_leg_1': '2 of 5', 'round_5_sig_str_leg_2': '1 of 1', 'round_5_sig_str_dist_1': '40%', 'round_5_sig_str_dist_2': '100%', 'round_5_sig_str_clinch_1': '2 of 5', 'round_5_sig_str_clinch_2': '0 of 0', 'round_5_sig_str_ground_1': '0 of 0', 'round_5_sig_str_ground_2': '1 of 1'}",,,,,,,,,,,,,,,,,,
http://ufcstats.com/fight-details/24581e2b39fe3319,"November 02, 2024","Edmonton, Alberta, Canada",W,Charles Jourdain,"""Air""",L,Victor Henry,"""La Mangosta""",,Submission,,,,,Guillotine Choke Standing,,,,,0,0,39 of 73,24 of 54,53%,44%,50 of 87,39 of 75,0 of 2,4 of 6,0%,66%,1,0,,,,,,,,,,,,,,,,,,,,,,,0,0,28 of 46,18 of 34,60%,52%,38 of 59,28 of 45,0 of 2,2 of 4,0%,50%,0,0,,,,,0,0,11 of 27,6 of 20,40%,30%,12 of 28,11 of 30,0 of 0,2 of 2,---,100%,1,0,,,,,,,,,,,,,,,,,,,,,,,,,,,,,,,,,,,,,,,,,,,,,,,,,,,,,,,,,,,,,,,,,,,,,,,,,,,,,,,,,,,,,,,,,,,,,,,,,,,,,,,,,,,,,0,0,39 of 73,24 of 54,53%,44%,50 of 87,39 of 75,0 of 2,4 of 6,0%,66%,"{'round_1_sig_str_head_1': '', 'round_1_sig_str_head_2': '', 'round_1_sig_str_body_1': '', 'round_1_sig_str_body_2': '', 'round_1_sig_str_leg_1': '28 of 46', 'round_1_sig_str_leg_2': '18 of 34', 'round_1_sig_str_dist_1': '60%', 'round_1_sig_str_dist_2': '52%', 'round_1_sig_str_clinch_1': '12 of 27', 'round_1_sig_str_clinch_2': '5 of 15', 'round_1_sig_str_ground_1': '13 of 16', 'round_1_sig_str_ground_2': '8 of 12'}","{'round_2_sig_str_head_1': '', 'round_2_sig_str_head_2': '', 'round_2_sig_str_body_1': '', 'round_2_sig_str_body_2': '', 'round_2_sig_str_leg_1': '28 of 46', 'round_2_sig_str_leg_2': '18 of 34', 'round_2_sig_str_dist_1': '60%', 'round_2_sig_str_dist_2': '52%', 'round_2_sig_str_clinch_1': '12 of 27', 'round_2_sig_str_clinch_2': '5 of 15', 'round_2_sig_str_ground_1': '13 of 16', 'round_2_sig_str_ground_2': '8 of 12'}","{'round_3_sig_str_head_1': '', 'round_3_sig_str_head_2': '', 'round_3_sig_str_body_1': '', 'round_3_sig_str_body_2': '', 'round_3_sig_str_leg_1': '28 of 46', 'round_3_sig_str_leg_2': '18 of 34', 'round_3_sig_str_dist_1': '60%', 'round_3_sig_str_dist_2': '52%', 'round_3_sig_str_clinch_1': '12 of 27', 'round_3_sig_str_clinch_2': '5 of 15', 'round_3_sig_str_ground_1': '13 of 16', 'round_3_sig_str_ground_2': '8 of 12'}","{'round_4_sig_str_head_1': '', 'round_4_sig_str_head_2': '', 'round_4_sig_str_body_1': '', 'round_4_sig_str_body_2': '', 'round_4_sig_str_leg_1': '28 of 46', 'round_4_sig_str_leg_2': '18 of 34', 'round_4_sig_str_dist_1': '60%', 'round_4_sig_str_dist_2': '52%', 'round_4_sig_str_clinch_1': '12 of 27', 'round_4_sig_str_clinch_2': '5 of 15', 'round_4_sig_str_ground_1': '13 of 16', 'round_4_sig_str_ground_2': '8 of 12'}","{'round_5_sig_str_head_1': '', 'round_5_sig_str_head_2': '', 'round_5_sig_str_body_1': '', 'round_5_sig_str_body_2': '', 'round_5_sig_str_leg_1': '28 of 46', 'round_5_sig_str_leg_2': '18 of 34', 'round_5_sig_str_dist_1': '60%', 'round_5_sig_str_dist_2': '52%', 'round_5_sig_str_clinch_1': '12 of 27', 'round_5_sig_str_clinch_2': '5 of 15', 'round_5_sig_str_ground_1': '13 of 16', 'round_5_sig_str_ground_2': '8 of 12'}",,,,,,,,,,,,,,,,,,
http://ufcstats.com/fight-details/d29a82322bb083d9,"November 02, 2024","Edmonton, Alberta, Canada",W,Mike Malott,"""Proper""",L,Trevin Giles,,Welterweight Bout,Decision - Unanimous,,,,,Eric Colon 27 - 30. Thomas Collins 28 - 29. Mike Bell 28 - 29.,,,,,0,0,59 of 130,34 of 78,45%,43%,59 of 130,34 of 78,0 of 1,0 of 0,0%,---,0,0,,,,,,,,,,,,,,,,,,,,,,,0,0,12 of 37,9 of 16,32%,56%,12 of 37,9 of 16,0 of 0,0 of 0,---,---,0,0,,,,,0,0,28 of 54,17 of 32,51%,53%,28 of 54,17 of 32,0 of 1,0 of 0,0%,---,0,0,,,,,0,0,19 of 39,8 of 30,48%,26%,19 of 39,8 of 30,0 of 0,0 of 0,---,---,0,0,,,,,,,,,,,,,,,,,,,,,,,,,,,,,,,,,,,,,,,,,,,,,,,,,,,,,,,,,,,,,,,,,,,,,,,,,,,,,,,,,,,,,,,,,,,0,0,59 of 130,34 of 78,45%,43%,59 of 130,34 of 78,0 of 1,0 of 0,0%,---,"{'round_1_sig_str_head_1': '', 'round_1_sig_str_head_2': '', 'round_1_sig_str_body_1': '', 'round_1_sig_str_body_2': '', 'round_1_sig_str_leg_1': '12 of 37', 'round_1_sig_str_leg_2': '9 of 16', 'round_1_sig_str_dist_1': '32%', 'round_1_sig_str_dist_2': '56%', 'round_1_sig_str_clinch_1': '2 of 24', 'round_1_sig_str_clinch_2': '4 of 10', 'round_1_sig_str_ground_1': '4 of 7', 'round_1_sig_str_ground_2': '0 of 1'}","{'round_2_sig_str_head_1': '', 'round_2_sig_str_head_2': '', 'round_2_sig_str_body_1': '', 'round_2_sig_str_body_2': '', 'round_2_sig_str_leg_1': '12 of 37', 'round_2_sig_str_leg_2': '9 of 16', 'round_2_sig_str_dist_1': '32%', 'round_2_sig_str_dist_2': '56%', 'round_2_sig_str_clinch_1': '2 of 24', 'round_2_sig_str_clinch_2': '4 of 10', 'round_2_sig_str_ground_1': '4 of 7', 'round_2_sig_str_ground_2': '0 of 1'}","{'round_3_sig_str_head_1': '', 'round_3_sig_str_head_2': '', 'round_3_sig_str_body_1': '', 'round_3_sig_str_body_2': '', 'round_3_sig_str_leg_1': '12 of 37', 'round_3_sig_str_leg_2': '9 of 16', 'round_3_sig_str_dist_1': '32%', 'round_3_sig_str_dist_2': '56%', 'round_3_sig_str_clinch_1': '2 of 24', 'round_3_sig_str_clinch_2': '4 of 10', 'round_3_sig_str_ground_1': '4 of 7', 'round_3_sig_str_ground_2': '0 of 1'}","{'round_4_sig_str_head_1': '', 'round_4_sig_str_head_2': '', 'round_4_sig_str_body_1': '', 'round_4_sig_str_body_2': '', 'round_4_sig_str_leg_1': '12 of 37', 'round_4_sig_str_leg_2': '9 of 16', 'round_4_sig_str_dist_1': '32%', 'round_4_sig_str_dist_2': '56%', 'round_4_sig_str_clinch_1': '2 of 24', 'round_4_sig_str_clinch_2': '4 of 10', 'round_4_sig_str_ground_1': '4 of 7', 'round_4_sig_str_ground_2': '0 of 1'}","{'round_5_sig_str_head_1': '', 'round_5_sig_str_head_2': '', 'round_5_sig_str_body_1': '', 'round_5_sig_str_body_2': '', 'round_5_sig_str_leg_1': '12 of 37', 'round_5_sig_str_leg_2': '9 of 16', 'round_5_sig_str_dist_1': '32%', 'round_5_sig_str_dist_2': '56%', 'round_5_sig_str_clinch_1': '2 of 24', 'round_5_sig_str_clinch_2': '4 of 10', 'round_5_sig_str_ground_1': '4 of 7', 'round_5_sig_str_ground_2': '0 of 1'}",,,,,,,,,,,,,,,,,,
http://ufcstats.com/fight-details/b989d4d7e220b3c1,"November 02, 2024","Edmonton, Alberta, Canada",W,Aiemann Zahabi,,L,Pedro Munhoz,"""The Young Punisher""",Bantamweight Bout,Decision - Unanimous,,,,,Sal D'amato 27 - 30. Eric Colon 28 - 29. Mike Bell 28 - 29.,,,,,0,0,109 of 206,95 of 327,52%,29%,110 of 208,95 of 327,0 of 1,0 of 6,0%,0%,0,0,,,,,,,,,,,,,,,,,,,,,,,0,0,30 of 51,26 of 72,58%,36%,30 of 51,26 of 72,0 of 1,0 of 0,0%,---,0,0,,,,,0,0,41 of 90,22 of 109,45%,20%,42 of 92,22 of 109,0 of 0,0 of 3,---,0%,0,0,,,,,0,0,38 of 65,47 of 146,58%,32%,38 of 65,47 of 146,0 of 0,0 of 3,---,0%,0,0,,,,,,,,,,,,,,,,,,,,,,,,,,,,,,,,,,,,,,,,,,,,,,,,,,,,,,,,,,,,,,,,,,,,,,,,,,,,,,,,,,,,,,,,,,,0,0,109 of 206,95 of 327,52%,29%,110 of 208,95 of 327,0 of 1,0 of 6,0%,0%,"{'round_1_sig_str_head_1': '', 'round_1_sig_str_head_2': '', 'round_1_sig_str_body_1': '', 'round_1_sig_str_body_2': '', 'round_1_sig_str_leg_1': '30 of 51', 'round_1_sig_str_leg_2': '26 of 72', 'round_1_sig_str_dist_1': '58%', 'round_1_sig_str_dist_2': '36%', 'round_1_sig_str_clinch_1': '24 of 43', 'round_1_sig_str_clinch_2': '23 of 65', 'round_1_sig_str_ground_1': '6 of 8', 'round_1_sig_str_ground_2': '2 of 4'}","{'round_2_sig_str_head_1': '', 'round_2_sig_str_head_2': '', 'round_2_sig_str_body_1': '', 'round_2_sig_str_body_2': '', 'round_2_sig_str_leg_1': '30 of 51', 'round_2_sig_str_leg_2': '26 of 72', 'round_2_sig_str_dist_1': '58%', 'round_2_sig_str_dist_2': '36%', 'round_2_sig_str_clinch_1': '24 of 43', 'round_2_sig_str_clinch_2': '23 of 65', 'round_2_sig_str_ground_1': '6 of 8', 'round_2_sig_str_ground_2': '2 of 4'}","{'round_3_sig_str_head_1': '', 'round_3_sig_str_head_2': '', 'round_3_sig_str_body_1': '', 'round_3_sig_str_body_2': '', 'round_3_sig_str_leg_1': '30 of 51', 'round_3_sig_str_leg_2': '26 of 72', 'round_3_sig_str_dist_1': '58%', 'round_3_sig_str_dist_2': '36%', 'round_3_sig_str_clinch_1': '24 of 43', 'round_3_sig_str_clinch_2': '23 of 65', 'round_3_sig_str_ground_1': '6 of 8', 'round_3_sig_str_ground_2': '2 of 4'}","{'round_4_sig_str_head_1': '', 'round_4_sig_str_head_2': '', 'round_4_sig_str_body_1': '', 'round_4_sig_str_body_2': '', 'round_4_sig_str_leg_1': '30 of 51', 'round_4_sig_str_leg_2': '26 of 72', 'round_4_sig_str_dist_1': '58%', 'round_4_sig_str_dist_2': '36%', 'round_4_sig_str_clinch_1': '24 of 43', 'round_4_sig_str_clinch_2': '23 of 65', 'round_4_sig_str_ground_1': '6 of 8', 'round_4_sig_str_ground_2': '2 of 4'}","{'round_5_sig_str_head_1': '', 'round_5_sig_str_head_2': '', 'round_5_sig_str_body_1': '', 'round_5_sig_str_body_2': '', 'round_5_sig_str_leg_1': '30 of 51', 'round_5_sig_str_leg_2': '26 of 72', 'round_5_sig_str_dist_1': '58%', 'round_5_sig_str_dist_2': '36%', 'round_5_sig_str_clinch_1': '24 of 43', 'round_5_sig_str_clinch_2': '23 of 65', 'round_5_sig_str_ground_1': '6 of 8', 'round_5_sig_str_ground_2': '2 of 4'}",,,,,,,,,,,,,,,,,,
http://ufcstats.com/fight-details/6ad594777cce2d7d,"November 02, 2024","Edmonton, Alberta, Canada",L,Marc-Andre Barriault,"""Powerbar""",W,Dustin Stoltzfus,,,KO/TKO,,,,,Punch to Head In Clinch,,,,,0,1,7 of 11,13 of 20,63%,65%,13 of 17,23 of 32,0 of 0,0 of 0,---,---,0,1,,,,,,,,,,,,,,,,,,,,,,,0,1,7 of 11,13 of 20,63%,65%,13 of 17,23 of 32,0 of 0,0 of 0,---,---,0,1,,,,,,,,,,,,,,,,,,,,,,,,,,,,,,,,,,,,,,,,,,,,,,,,,,,,,,,,,,,,,,,,,,,,,,,,,,,,,,,,,,,,,,,,,,,,,,,,,,,,,,,,,,,,,,,,,,,,,,,,,,,,,,,0,1,7 of 11,13 of 20,63%,65%,13 of 17,23 of 32,0 of 0,0 of 0,---,---,"{'round_1_sig_str_head_1': '', 'round_1_sig_str_head_2': '', 'round_1_sig_str_body_1': '', 'round_1_sig_str_body_2': '', 'round_1_sig_str_leg_1': '7 of 11', 'round_1_sig_str_leg_2': '13 of 20', 'round_1_sig_str_dist_1': '63%', 'round_1_sig_str_dist_2': '65%', 'round_1_sig_str_clinch_1': '6 of 10', 'round_1_sig_str_clinch_2': '11 of 17', 'round_1_sig_str_ground_1': '1 of 1', 'round_1_sig_str_ground_2': '1 of 2'}","{'round_2_sig_str_head_1': '', 'round_2_sig_str_head_2': '', 'round_2_sig_str_body_1': '', 'round_2_sig_str_body_2': '', 'round_2_sig_str_leg_1': '7 of 11', 'round_2_sig_str_leg_2': '13 of 20', 'round_2_sig_str_dist_1': '63%', 'round_2_sig_str_dist_2': '65%', 'round_2_sig_str_clinch_1': '6 of 10', 'round_2_sig_str_clinch_2': '11 of 17', 'round_2_sig_str_ground_1': '1 of 1', 'round_2_sig_str_ground_2': '1 of 2'}","{'round_3_sig_str_head_1': '', 'round_3_sig_str_head_2': '', 'round_3_sig_str_body_1': '', 'round_3_sig_str_body_2': '', 'round_3_sig_str_leg_1': '7 of 11', 'round_3_sig_str_leg_2': '13 of 20', 'round_3_sig_str_dist_1': '63%', 'round_3_sig_str_dist_2': '65%', 'round_3_sig_str_clinch_1': '6 of 10', 'round_3_sig_str_clinch_2': '11 of 17', 'round_3_sig_str_ground_1': '1 of 1', 'round_3_sig_str_ground_2': '1 of 2'}","{'round_4_sig_str_head_1': '', 'round_4_sig_str_head_2': '', 'round_4_sig_str_body_1': '', 'round_4_sig_str_body_2': '', 'round_4_sig_str_leg_1': '7 of 11', 'round_4_sig_str_leg_2': '13 of 20', 'round_4_sig_str_dist_1': '63%', 'round_4_sig_str_dist_2': '65%', 'round_4_sig_str_clinch_1': '6 of 10', 'round_4_sig_str_clinch_2': '11 of 17', 'round_4_sig_str_ground_1': '1 of 1', 'round_4_sig_str_ground_2': '1 of 2'}","{'round_5_sig_str_head_1': '', 'round_5_sig_str_head_2': '', 'round_5_sig_str_body_1': '', 'round_5_sig_str_body_2': '', 'round_5_sig_str_leg_1': '7 of 11', 'round_5_sig_str_leg_2': '13 of 20', 'round_5_sig_str_dist_1': '63%', 'round_5_sig_str_dist_2': '65%', 'round_5_sig_str_clinch_1': '6 of 10', 'round_5_sig_str_clinch_2': '11 of 17', 'round_5_sig_str_ground_1': '1 of 1', 'round_5_sig_str_ground_2': '1 of 2'}",,,,,,,,,,,,,,,,,,
http://ufcstats.com/fight-details/7edf2fe3a8776a44,"November 02, 2024","Edmonton, Alberta, Canada",L,Caio Machado,"""Bigfoot""",W,Brendson Ribeiro,"""The Gorilla""",Light Heavyweight Bout,Decision - Split,,,,,Sal D'amato 28 - 29. Thomas Collins 29 - 28. Mike Bell 28 - 29.,,,,,0,0,76 of 184,49 of 131,41%,37%,79 of 187,49 of 131,0 of 0,0 of 0,---,---,0,0,,,,,,,,,,,,,,,,,,,,,,,0,0,22 of 43,16 of 34,51%,47%,22 of 43,16 of 34,0 of 0,0 of 0,---,---,0,0,,,,,0,0,22 of 58,12 of 36,37%,33%,22 of 58,12 of 36,0 of 0,0 of 0,---,---,0,0,,,,,0,0,32 of 83,21 of 61,38%,34%,35 of 86,21 of 61,0 of 0,0 of 0,---,---,0,0,,,,,,,,,,,,,,,,,,,,,,,,,,,,,,,,,,,,,,,,,,,,,,,,,,,,,,,,,,,,,,,,,,,,,,,,,,,,,,,,,,,,,,,,,,,0,0,76 of 184,49 of 131,41%,37%,79 of 187,49 of 131,0 of 0,0 of 0,---,---,"{'round_1_sig_str_head_1': '', 'round_1_sig_str_head_2': '', 'round_1_sig_str_body_1': '', 'round_1_sig_str_body_2': '', 'round_1_sig_str_leg_1': '22 of 43', 'round_1_sig_str_leg_2': '16 of 34', 'round_1_sig_str_dist_1': '51%', 'round_1_sig_str_dist_2': '47%', 'round_1_sig_str_clinch_1': '3 of 21', 'round_1_sig_str_clinch_2': '6 of 21', 'round_1_sig_str_ground_1': '7 of 10', 'round_1_sig_str_ground_2': '5 of 6'}","{'round_2_sig_str_head_1': '', 'round_2_sig_str_head_2': '', 'round_2_sig_str_body_1': '', 'round_2_sig_str_body_2': '', 'round_2_sig_str_leg_1': '22 of 43', 'round_2_sig_str_leg_2': '16 of 34', 'round_2_sig_str_dist_1': '51%', 'round_2_sig_str_dist_2': '47%', 'round_2_sig_str_clinch_1': '3 of 21', 'round_2_sig_str_clinch_2': '6 of 21', 'round_2_sig_str_ground_1': '7 of 10', 'round_2_sig_str_ground_2': '5 of 6'}","{'round_3_sig_str_head_1': '', 'round_3_sig_str_head_2': '', 'round_3_sig_str_body_1': '', 'round_3_sig_str_body_2': '', 'round_3_sig_str_leg_1': '22 of 43', 'round_3_sig_str_leg_2': '16 of 34', 'round_3_sig_str_dist_1': '51%', 'round_3_sig_str_dist_2': '47%', 'round_3_sig_str_clinch_1': '3 of 21', 'round_3_sig_str_clinch_2': '6 of 21', 'round_3_sig_str_ground_1': '7 of 10', 'round_3_sig_str_ground_2': '5 of 6'}","{'round_4_sig_str_head_1': '', 'round_4_sig_str_head_2': '', 'round_4_sig_str_body_1': '', 'round_4_sig_str_body_2': '', 'round_4_sig_str_leg_1': '22 of 43', 'round_4_sig_str_leg_2': '16 of 34', 'round_4_sig_str_dist_1': '51%', 'round_4_sig_str_dist_2': '47%', 'round_4_sig_str_clinch_1': '3 of 21', 'round_4_sig_str_clinch_2': '6 of 21', 'round_4_sig_str_ground_1': '7 of 10', 'round_4_sig_str_ground_2': '5 of 6'}","{'round_5_sig_str_head_1': '', 'round_5_sig_str_head_2': '', 'round_5_sig_str_body_1': '', 'round_5_sig_str_body_2': '', 'round_5_sig_str_leg_1': '22 of 43', 'round_5_sig_str_leg_2': '16 of 34', 'round_5_sig_str_dist_1': '51%', 'round_5_sig_str_dist_2': '47%', 'round_5_sig_str_clinch_1': '3 of 21', 'round_5_sig_str_clinch_2': '6 of 21', 'round_5_sig_str_ground_1': '7 of 10', 'round_5_sig_str_ground_2': '5 of 6'}",,,,,,,,,,,,,,,,,,
http://ufcstats.com/fight-details/18729b11614406bf,"November 02, 2024","Edmonton, Alberta, Canada",W,Erin Blanchfield,"""Cold Blooded""",L,Rose Namajunas,"""Thug""",Women's Flyweight Bout,Decision - Unanimous,,,,,Junichiro Kamijo 47 - 48. Mike Bell 47 - 48. Derek Cleary 47 - 48.,,,,,0,0,110 of 281,94 of 245,39%,38%,193 of 387,101 of 254,2 of 8,1 of 4,25%,25%,0,0,,,,,,,,,,,,,,,,,,,,,,,0,0,19 of 68,30 of 61,27%,49%,19 of 68,30 of 61,0 of 0,0 of 0,---,---,0,0,,,,,0,0,25 of 67,23 of 65,37%,35%,28 of 70,26 of 69,0 of 2,1 of 1,0%,100%,0,0,,,,,0,0,11 of 28,9 of 21,39%,42%,48 of 82,10 of 22,1 of 2,0 of 1,50%,0%,0,0,,,,,,,,,,,,,,,,,,,,,,,,,,,,,,,,,,,,,,,,,,,,,,,,,,,,,,,,,,,,,,,,,,,,,,,,,,,,,,,,,,,,,,,,,,,0,0,110 of 281,94 of 245,39%,38%,193 of 387,101 of 254,2 of 8,1 of 4,25%,25%,"{'round_1_sig_str_head_1': '', 'round_1_sig_str_head_2': '', 'round_1_sig_str_body_1': '', 'round_1_sig_str_body_2': '', 'round_1_sig_str_leg_1': '19 of 68', 'round_1_sig_str_leg_2': '30 of 61', 'round_1_sig_str_dist_1': '27%', 'round_1_sig_str_dist_2': '49%', 'round_1_sig_str_clinch_1': '11 of 58', 'round_1_sig_str_clinch_2': '22 of 52', 'round_1_sig_str_ground_1': '3 of 4', 'round_1_sig_str_ground_2': '2 of 3'}","{'round_2_sig_str_head_1': '', 'round_2_sig_str_head_2': '', 'round_2_sig_str_body_1': '', 'round_2_sig_str_body_2': '', 'round_2_sig_str_leg_1': '19 of 68', 'round_2_sig_str_leg_2': '30 of 61', 'round_2_sig_str_dist_1': '27%', 'round_2_sig_str_dist_2': '49%', 'round_2_sig_str_clinch_1': '11 of 58', 'round_2_sig_str_clinch_2': '22 of 52', 'round_2_sig_str_ground_1': '3 of 4', 'round_2_sig_str_ground_2': '2 of 3'}","{'round_3_sig_str_head_1': '', 'round_3_sig_str_head_2': '', 'round_3_sig_str_body_1': '', 'round_3_sig_str_body_2': '', 'round_3_sig_str_leg_1': '19 of 68', 'round_3_sig_str_leg_2': '30 of 61', 'round_3_sig_str_dist_1': '27%', 'round_3_sig_str_dist_2': '49%', 'round_3_sig_str_clinch_1': '11 of 58', 'round_3_sig_str_clinch_2': '22 of 52', 'round_3_sig_str_ground_1': '3 of 4', 'round_3_sig_str_ground_2': '2 of 3'}","{'round_4_sig_str_head_1': '', 'round_4_sig_str_head_2': '', 'round_4_sig_str_body_1': '', 'round_4_sig_str_body_2': '', 'round_4_sig_str_leg_1': '19 of 68', 'round_4_sig_str_leg_2': '30 of 61', 'round_4_sig_str_dist_1': '27%', 'round_4_sig_str_dist_2': '49%', 'round_4_sig_str_clinch_1': '11 of 58', 'round_4_sig_str_clinch_2': '22 of 52', 'round_4_sig_str_ground_1': '3 of 4', 'round_4_sig_str_ground_2': '2 of 3'}","{'round_5_sig_str_head_1': '', 'round_5_sig_str_head_2': '', 'round_5_sig_str_body_1': '', 'round_5_sig_str_body_2': '', 'round_5_sig_str_leg_1': '19 of 68', 'round_5_sig_str_leg_2': '30 of 61', 'round_5_sig_str_dist_1': '27%', 'round_5_sig_str_dist_2': '49%', 'round_5_sig_str_clinch_1': '11 of 58', 'round_5_sig_str_clinch_2': '22 of 52', 'round_5_sig_str_ground_1': '3 of 4', 'round_5_sig_str_ground_2': '2 of 3'}",,,,,0,0,40 of 93,25 of 79,43%,31%,43 of 97,25 of 80,0 of 1,0 of 0,0%,---,0,0
http://ufcstats.com/fight-details/32b8c6c4b735d712,"October 19, 2024","Las Vegas, Nevada, USA",W,Austen Lane,,L,Robelis Despaigne,"""The Big Boy""",Heavyweight Bout,Decision - Unanimous,,,,,Adalaide Byrd 28 - 29. Junichiro Kamijo 28 - 29. Brian Puccillo 28 - 29.,,,,,0,0,23 of 38,31 of 46,60%,67%,78 of 110,48 of 68,3 of 8,0 of 0,37%,---,0,0,,,,,,,,,,,,,,,,,,,,,,,0,0,6 of 8,4 of 4,75%,100%,14 of 21,12 of 15,1 of 3,0 of 0,33%,---,0,0,,,,,0,0,12 of 22,16 of 29,54%,55%,18 of 29,17 of 30,1 of 3,0 of 0,33%,---,0,0,,,,,0,0,5 of 8,11 of 13,62%,84%,46 of 60,19 of 23,1 of 2,0 of 0,50%,---,0,0,,,,,,,,,,,,,,,,,,,,,,,,,,,,,,,,,,,,,,,,,,,,,,,,,,,,,,,,,,,,,,,,,,,,,,,,,,,,,,,,,,,,,,,,,,,0,0,23 of 38,31 of 46,60%,67%,78 of 110,48 of 68,3 of 8,0 of 0,37%,---,"{'round_1_sig_str_head_1': '', 'round_1_sig_str_head_2': '', 'round_1_sig_str_body_1': '', 'round_1_sig_str_body_2': '', 'round_1_sig_str_leg_1': '6 of 8', 'round_1_sig_str_leg_2': '4 of 4', 'round_1_sig_str_dist_1': '75%', 'round_1_sig_str_dist_2': '100%', 'round_1_sig_str_clinch_1': '1 of 2', 'round_1_sig_str_clinch_2': '3 of 3', 'round_1_sig_str_ground_1': '3 of 3', 'round_1_sig_str_ground_2': '0 of 0'}","{'round_2_sig_str_head_1': '', 'round_2_sig_str_head_2': '', 'round_2_sig_str_body_1': '', 'round_2_sig_str_body_2': '', 'round_2_sig_str_leg_1': '6 of 8', 'round_2_sig_str_leg_2': '4 of 4', 'round_2_sig_str_dist_1': '75%', 'round_2_sig_str_dist_2': '100%', 'round_2_sig_str_clinch_1': '1 of 2', 'round_2_sig_str_clinch_2': '3 of 3', 'round_2_sig_str_ground_1': '3 of 3', 'round_2_sig_str_ground_2': '0 of 0'}","{'round_3_sig_str_head_1': '', 'round_3_sig_str_head_2': '', 'round_3_sig_str_body_1': '', 'round_3_sig_str_body_2': '', 'round_3_sig_str_leg_1': '6 of 8', 'round_3_sig_str_leg_2': '4 of 4', 'round_3_sig_str_dist_1': '75%', 'round_3_sig_str_dist_2': '100%', 'round_3_sig_str_clinch_1': '1 of 2', 'round_3_sig_str_clinch_2': '3 of 3', 'round_3_sig_str_ground_1': '3 of 3', 'round_3_sig_str_ground_2': '0 of 0'}","{'round_4_sig_str_head_1': '', 'round_4_sig_str_head_2': '', 'round_4_sig_str_body_1': '', 'round_4_sig_str_body_2': '', 'round_4_sig_str_leg_1': '6 of 8', 'round_4_sig_str_leg_2': '4 of 4', 'round_4_sig_str_dist_1': '75%', 'round_4_sig_str_dist_2': '100%', 'round_4_sig_str_clinch_1': '1 of 2', 'round_4_sig_str_clinch_2': '3 of 3', 'round_4_sig_str_ground_1': '3 of 3', 'round_4_sig_str_ground_2': '0 of 0'}","{'round_5_sig_str_head_1': '', 'round_5_sig_str_head_2': '', 'round_5_sig_str_body_1': '', 'round_5_sig_str_body_2': '', 'round_5_sig_str_leg_1': '6 of 8', 'round_5_sig_str_leg_2': '4 of 4', 'round_5_sig_str_dist_1': '75%', 'round_5_sig_str_dist_2': '100%', 'round_5_sig_str_clinch_1': '1 of 2', 'round_5_sig_str_clinch_2': '3 of 3', 'round_5_sig_str_ground_1': '3 of 3', 'round_5_sig_str_ground_2': '0 of 0'}",,,,,,,,,,,,,,,,,,
http://ufcstats.com/fight-details/eaa885cf7ae31e0b,"November 02, 2024","Edmonton, Alberta, Canada",L,Ariane da Silva,"""Queen of Violence""",W,Jasmine Jasudavicius,,,Submission,,,,,D'Arce Choke On Ground,,,,,0,0,42 of 92,36 of 84,45%,42%,43 of 93,130 of 218,0 of 0,3 of 5,---,60%,0,1,,,,,,,,,,,,,,,,,,,,,,,0,0,27 of 57,13 of 46,47%,28%,27 of 57,20 of 60,0 of 0,1 of 1,---,100%,0,0,,,,,0,0,9 of 20,17 of 28,45%,60%,10 of 21,83 of 120,0 of 0,1 of 1,---,100%,0,0,,,,,0,0,6 of 15,6 of 10,40%,60%,6 of 15,27 of 38,0 of 0,1 of 3,---,33%,0,1,,,,,,,,,,,,,,,,,,,,,,,,,,,,,,,,,,,,,,,,,,,,,,,,,,,,,,,,,,,,,,,,,,,,,,,,,,,,,,,,,,,,,,,,,,,0,0,42 of 92,36 of 84,45%,42%,43 of 93,130 of 218,0 of 0,3 of 5,---,60%,"{'round_1_sig_str_head_1': '', 'round_1_sig_str_head_2': '', 'round_1_sig_str_body_1': '', 'round_1_sig_str_body_2': '', 'round_1_sig_str_leg_1': '27 of 57', 'round_1_sig_str_leg_2': '13 of 46', 'round_1_sig_str_dist_1': '47%', 'round_1_sig_str_dist_2': '28%', 'round_1_sig_str_clinch_1': '17 of 39', 'round_1_sig_str_clinch_2': '10 of 42', 'round_1_sig_str_ground_1': '10 of 15', 'round_1_sig_str_ground_2': '2 of 3'}","{'round_2_sig_str_head_1': '', 'round_2_sig_str_head_2': '', 'round_2_sig_str_body_1': '', 'round_2_sig_str_body_2': '', 'round_2_sig_str_leg_1': '27 of 57', 'round_2_sig_str_leg_2': '13 of 46', 'round_2_sig_str_dist_1': '47%', 'round_2_sig_str_dist_2': '28%', 'round_2_sig_str_clinch_1': '17 of 39', 'round_2_sig_str_clinch_2': '10 of 42', 'round_2_sig_str_ground_1': '10 of 15', 'round_2_sig_str_ground_2': '2 of 3'}","{'round_3_sig_str_head_1': '', 'round_3_sig_str_head_2': '', 'round_3_sig_str_body_1': '', 'round_3_sig_str_body_2': '', 'round_3_sig_str_leg_1': '27 of 57', 'round_3_sig_str_leg_2': '13 of 46', 'round_3_sig_str_dist_1': '47%', 'round_3_sig_str_dist_2': '28%', 'round_3_sig_str_clinch_1': '17 of 39', 'round_3_sig_str_clinch_2': '10 of 42', 'round_3_sig_str_ground_1': '10 of 15', 'round_3_sig_str_ground_2': '2 of 3'}","{'round_4_sig_str_head_1': '', 'round_4_sig_str_head_2': '', 'round_4_sig_str_body_1': '', 'round_4_sig_str_body_2': '', 'round_4_sig_str_leg_1': '27 of 57', 'round_4_sig_str_leg_2': '13 of 46', 'round_4_sig_str_dist_1': '47%', 'round_4_sig_str_dist_2': '28%', 'round_4_sig_str_clinch_1': '17 of 39', 'round_4_sig_str_clinch_2': '10 of 42', 'round_4_sig_str_ground_1': '10 of 15', 'round_4_sig_str_ground_2': '2 of 3'}","{'round_5_sig_str_head_1': '', 'round_5_sig_str_head_2': '', 'round_5_sig_str_body_1': '', 'round_5_sig_str_body_2': '', 'round_5_sig_str_leg_1': '27 of 57', 'round_5_sig_str_leg_2': '13 of 46', 'round_5_sig_str_dist_1': '47%', 'round_5_sig_str_dist_2': '28%', 'round_5_sig_str_clinch_1': '17 of 39', 'round_5_sig_str_clinch_2': '10 of 42', 'round_5_sig_str_ground_1': '10 of 15', 'round_5_sig_str_ground_2': '2 of 3'}",,,,,,,,,,,,,,,,,,
http://ufcstats.com/fight-details/799acf3ae8a5df0a,"November 02, 2024","Edmonton, Alberta, Canada",W,Brandon Moreno,"""The Assassin Baby""",L,Amir Albazi,"""The Prince""",Flyweight Bout,Decision - Unanimous,,,,,Eric Colon 46 - 49. Sal D'amato 45 - 50. Derek Cleary 45 - 50.,,,,,0,0,132 of 317,63 of 235,41%,26%,132 of 317,63 of 236,0 of 1,1 of 4,0%,25%,0,0,,,,,,,,,,,,,,,,,,,,,,,0,0,18 of 36,16 of 39,50%,41%,18 of 36,16 of 39,0 of 0,0 of 0,---,---,0,0,,,,,0,0,29 of 67,6 of 33,43%,18%,29 of 67,6 of 33,0 of 0,1 of 1,---,100%,0,0,,,,,0,0,31 of 68,12 of 43,45%,27%,31 of 68,12 of 43,0 of 0,0 of 1,---,0%,0,0,,,,,,,,,,,,,,,,,,,,,,,,,,,,,,,,,,,,,,,,,,,,,,,,,,,,,,,,,,,,,,,,,,,,,,,,,,,,,,,,,,,,,,,,,,,0,0,132 of 317,63 of 235,41%,26%,132 of 317,63 of 236,0 of 1,1 of 4,0%,25%,"{'round_1_sig_str_head_1': '', 'round_1_sig_str_head_2': '', 'round_1_sig_str_body_1': '', 'round_1_sig_str_body_2': '', 'round_1_sig_str_leg_1': '18 of 36', 'round_1_sig_str_leg_2': '16 of 39', 'round_1_sig_str_dist_1': '50%', 'round_1_sig_str_dist_2': '41%', 'round_1_sig_str_clinch_1': '16 of 33', 'round_1_sig_str_clinch_2': '12 of 30', 'round_1_sig_str_ground_1': '0 of 1', 'round_1_sig_str_ground_2': '1 of 3'}","{'round_2_sig_str_head_1': '', 'round_2_sig_str_head_2': '', 'round_2_sig_str_body_1': '', 'round_2_sig_str_body_2': '', 'round_2_sig_str_leg_1': '18 of 36', 'round_2_sig_str_leg_2': '16 of 39', 'round_2_sig_str_dist_1': '50%', 'round_2_sig_str_dist_2': '41%', 'round_2_sig_str_clinch_1': '16 of 33', 'round_2_sig_str_clinch_2': '12 of 30', 'round_2_sig_str_ground_1': '0 of 1', 'round_2_sig_str_ground_2': '1 of 3'}","{'round_3_sig_str_head_1': '', 'round_3_sig_str_head_2': '', 'round_3_sig_str_body_1': '', 'round_3_sig_str_body_2': '', 'round_3_sig_str_leg_1': '18 of 36', 'round_3_sig_str_leg_2': '16 of 39', 'round_3_sig_str_dist_1': '50%', 'round_3_sig_str_dist_2': '41%', 'round_3_sig_str_clinch_1': '16 of 33', 'round_3_sig_str_clinch_2': '12 of 30', 'round_3_sig_str_ground_1': '0 of 1', 'round_3_sig_str_ground_2': '1 of 3'}","{'round_4_sig_str_head_1': '', 'round_4_sig_str_head_2': '', 'round_4_sig_str_body_1': '', 'round_4_sig_str_body_2': '', 'round_4_sig_str_leg_1': '18 of 36', 'round_4_sig_str_leg_2': '16 of 39', 'round_4_sig_str_dist_1': '50%', 'round_4_sig_str_dist_2': '41%', 'round_4_sig_str_clinch_1': '16 of 33', 'round_4_sig_str_clinch_2': '12 of 30', 'round_4_sig_str_ground_1': '0 of 1', 'round_4_sig_str_ground_2': '1 of 3'}","{'round_5_sig_str_head_1': '', 'round_5_sig_str_head_2': '', 'round_5_sig_str_body_1': '', 'round_5_sig_str_body_2': '', 'round_5_sig_str_leg_1': '18 of 36', 'round_5_sig_str_leg_2': '16 of 39', 'round_5_sig_str_dist_1': '50%', 'round_5_sig_str_dist_2': '41%', 'round_5_sig_str_clinch_1': '16 of 33', 'round_5_sig_str_clinch_2': '12 of 30', 'round_5_sig_str_ground_1': '0 of 1', 'round_5_sig_str_ground_2': '1 of 3'}",,,,,0,0,22 of 70,20 of 66,31%,30%,22 of 70,20 of 66,0 of 0,0 of 0,---,---,0,0
http://ufcstats.com/fight-details/308f6cb830019ea9,"October 19, 2024","Las Vegas, Nevada, USA",L,Brad Katona,"""Superman""",W,Jean Matsumoto,,Bantamweight Bout,Decision - Unanimous,,,,,Mike Bell 28 - 29. Derek Cleary 28 - 29. Ron McCarthy 28 - 29.,,,,,0,0,89 of 141,89 of 201,63%,44%,117 of 171,109 of 223,3 of 8,1 of 7,37%,14%,0,0,,,,,,,,,,,,,,,,,,,,,,,0,0,30 of 44,20 of 53,68%,37%,39 of 53,24 of 57,0 of 0,0 of 4,---,0%,0,0,,,,,0,0,37 of 61,45 of 100,60%,45%,46 of 70,50 of 105,1 of 2,0 of 2,50%,0%,0,0,,,,,0,0,22 of 36,24 of 48,61%,50%,32 of 48,35 of 61,2 of 6,1 of 1,33%,100%,0,0,,,,,,,,,,,,,,,,,,,,,,,,,,,,,,,,,,,,,,,,,,,,,,,,,,,,,,,,,,,,,,,,,,,,,,,,,,,,,,,,,,,,,,,,,,,0,0,89 of 141,89 of 201,63%,44%,117 of 171,109 of 223,3 of 8,1 of 7,37%,14%,"{'round_1_sig_str_head_1': '', 'round_1_sig_str_head_2': '', 'round_1_sig_str_body_1': '', 'round_1_sig_str_body_2': '', 'round_1_sig_str_leg_1': '30 of 44', 'round_1_sig_str_leg_2': '20 of 53', 'round_1_sig_str_dist_1': '68%', 'round_1_sig_str_dist_2': '37%', 'round_1_sig_str_clinch_1': '21 of 35', 'round_1_sig_str_clinch_2': '14 of 42', 'round_1_sig_str_ground_1': '4 of 4', 'round_1_sig_str_ground_2': '1 of 3'}","{'round_2_sig_str_head_1': '', 'round_2_sig_str_head_2': '', 'round_2_sig_str_body_1': '', 'round_2_sig_str_body_2': '', 'round_2_sig_str_leg_1': '30 of 44', 'round_2_sig_str_leg_2': '20 of 53', 'round_2_sig_str_dist_1': '68%', 'round_2_sig_str_dist_2': '37%', 'round_2_sig_str_clinch_1': '21 of 35', 'round_2_sig_str_clinch_2': '14 of 42', 'round_2_sig_str_ground_1': '4 of 4', 'round_2_sig_str_ground_2': '1 of 3'}","{'round_3_sig_str_head_1': '', 'round_3_sig_str_head_2': '', 'round_3_sig_str_body_1': '', 'round_3_sig_str_body_2': '', 'round_3_sig_str_leg_1': '30 of 44', 'round_3_sig_str_leg_2': '20 of 53', 'round_3_sig_str_dist_1': '68%', 'round_3_sig_str_dist_2': '37%', 'round_3_sig_str_clinch_1': '21 of 35', 'round_3_sig_str_clinch_2': '14 of 42', 'round_3_sig_str_ground_1': '4 of 4', 'round_3_sig_str_ground_2': '1 of 3'}","{'round_4_sig_str_head_1': '', 'round_4_sig_str_head_2': '', 'round_4_sig_str_body_1': '', 'round_4_sig_str_body_2': '', 'round_4_sig_str_leg_1': '30 of 44', 'round_4_sig_str_leg_2': '20 of 53', 'round_4_sig_str_dist_1': '68%', 'round_4_sig_str_dist_2': '37%', 'round_4_sig_str_clinch_1': '21 of 35', 'round_4_sig_str_clinch_2': '14 of 42', 'round_4_sig_str_ground_1': '4 of 4', 'round_4_sig_str_ground_2': '1 of 3'}","{'round_5_sig_str_head_1': '', 'round_5_sig_str_head_2': '', 'round_5_sig_str_body_1': '', 'round_5_sig_str_body_2': '', 'round_5_sig_str_leg_1': '30 of 44', 'round_5_sig_str_leg_2': '20 of 53', 'round_5_sig_str_dist_1': '68%', 'round_5_sig_str_dist_2': '37%', 'round_5_sig_str_clinch_1': '21 of 35', 'round_5_sig_str_clinch_2': '14 of 42', 'round_5_sig_str_ground_1': '4 of 4', 'round_5_sig_str_ground_2': '1 of 3'}",,,,,,,,,,,,,,,,,,
http://ufcstats.com/fight-details/53f7f1b4834387a8,"October 19, 2024","Las Vegas, Nevada, USA",L,Jessica Penne,,W,Elise Reed,,Women's Strawweight Bout,Decision - Unanimous,,,,,Adalaide Byrd 28 - 29. Derek Cleary 28 - 29. Ron McCarthy 28 - 29.,,,,,0,0,54 of 125,117 of 188,43%,62%,98 of 174,229 of 306,1 of 13,0 of 0,7%,---,0,0,,,,,,,,,,,,,,,,,,,,,,,0,0,19 of 33,6 of 17,57%,35%,51 of 70,105 of 122,1 of 5,0 of 0,20%,---,0,0,,,,,0,0,18 of 42,44 of 70,42%,62%,26 of 50,56 of 82,0 of 4,0 of 0,0%,---,0,0,,,,,0,0,17 of 50,67 of 101,34%,66%,21 of 54,68 of 102,0 of 4,0 of 0,0%,---,0,0,,,,,,,,,,,,,,,,,,,,,,,,,,,,,,,,,,,,,,,,,,,,,,,,,,,,,,,,,,,,,,,,,,,,,,,,,,,,,,,,,,,,,,,,,,,0,0,54 of 125,117 of 188,43%,62%,98 of 174,229 of 306,1 of 13,0 of 0,7%,---,"{'round_1_sig_str_head_1': '', 'round_1_sig_str_head_2': '', 'round_1_sig_str_body_1': '', 'round_1_sig_str_body_2': '', 'round_1_sig_str_leg_1': '19 of 33', 'round_1_sig_str_leg_2': '6 of 17', 'round_1_sig_str_dist_1': '57%', 'round_1_sig_str_dist_2': '35%', 'round_1_sig_str_clinch_1': '7 of 20', 'round_1_sig_str_clinch_2': '0 of 10', 'round_1_sig_str_ground_1': '9 of 9', 'round_1_sig_str_ground_2': '2 of 2'}","{'round_2_sig_str_head_1': '', 'round_2_sig_str_head_2': '', 'round_2_sig_str_body_1': '', 'round_2_sig_str_body_2': '', 'round_2_sig_str_leg_1': '19 of 33', 'round_2_sig_str_leg_2': '6 of 17', 'round_2_sig_str_dist_1': '57%', 'round_2_sig_str_dist_2': '35%', 'round_2_sig_str_clinch_1': '7 of 20', 'round_2_sig_str_clinch_2': '0 of 10', 'round_2_sig_str_ground_1': '9 of 9', 'round_2_sig_str_ground_2': '2 of 2'}","{'round_3_sig_str_head_1': '', 'round_3_sig_str_head_2': '', 'round_3_sig_str_body_1': '', 'round_3_sig_str_body_2': '', 'round_3_sig_str_leg_1': '19 of 33', 'round_3_sig_str_leg_2': '6 of 17', 'round_3_sig_str_dist_1': '57%', 'round_3_sig_str_dist_2': '35%', 'round_3_sig_str_clinch_1': '7 of 20', 'round_3_sig_str_clinch_2': '0 of 10', 'round_3_sig_str_ground_1': '9 of 9', 'round_3_sig_str_ground_2': '2 of 2'}","{'round_4_sig_str_head_1': '', 'round_4_sig_str_head_2': '', 'round_4_sig_str_body_1': '', 'round_4_sig_str_body_2': '', 'round_4_sig_str_leg_1': '19 of 33', 'round_4_sig_str_leg_2': '6 of 17', 'round_4_sig_str_dist_1': '57%', 'round_4_sig_str_dist_2': '35%', 'round_4_sig_str_clinch_1': '7 of 20', 'round_4_sig_str_clinch_2': '0 of 10', 'round_4_sig_str_ground_1': '9 of 9', 'round_4_sig_str_ground_2': '2 of 2'}","{'round_5_sig_str_head_1': '', 'round_5_sig_str_head_2': '', 'round_5_sig_str_body_1': '', 'round_5_sig_str_body_2': '', 'round_5_sig_str_leg_1': '19 of 33', 'round_5_sig_str_leg_2': '6 of 17', 'round_5_sig_str_dist_1': '57%', 'round_5_sig_str_dist_2': '35%', 'round_5_sig_str_clinch_1': '7 of 20', 'round_5_sig_str_clinch_2': '0 of 10', 'round_5_sig_str_ground_1': '9 of 9', 'round_5_sig_str_ground_2': '2 of 2'}",,,,,,,,,,,,,,,,,,
http://ufcstats.com/fight-details/4277b02a4dadac40,"October 19, 2024","Las Vegas, Nevada, USA",W,Melissa Martinez,"""Super Mely""",L,Alice Ardelean,,Women's Strawweight Bout,Decision - Unanimous,,,,,Mike Bell 27 - 30. Ron McCarthy 27 - 30. Tony Weeks 27 - 30.,,,,,0,0,72 of 145,92 of 224,49%,41%,78 of 151,103 of 240,0 of 0,0 of 1,---,0%,0,0,,,,,,,,,,,,,,,,,,,,,,,0,0,18 of 42,27 of 71,42%,38%,18 of 42,29 of 73,0 of 0,0 of 0,---,---,0,0,,,,,0,0,29 of 56,45 of 90,51%,50%,29 of 56,48 of 94,0 of 0,0 of 1,---,0%,0,0,,,,,0,0,25 of 47,20 of 63,53%,31%,31 of 53,26 of 73,0 of 0,0 of 0,---,---,0,0,,,,,,,,,,,,,,,,,,,,,,,,,,,,,,,,,,,,,,,,,,,,,,,,,,,,,,,,,,,,,,,,,,,,,,,,,,,,,,,,,,,,,,,,,,,0,0,72 of 145,92 of 224,49%,41%,78 of 151,103 of 240,0 of 0,0 of 1,---,0%,"{'round_1_sig_str_head_1': '', 'round_1_sig_str_head_2': '', 'round_1_sig_str_body_1': '', 'round_1_sig_str_body_2': '', 'round_1_sig_str_leg_1': '18 of 42', 'round_1_sig_str_leg_2': '27 of 71', 'round_1_sig_str_dist_1': '42%', 'round_1_sig_str_dist_2': '38%', 'round_1_sig_str_clinch_1': '10 of 29', 'round_1_sig_str_clinch_2': '17 of 60', 'round_1_sig_str_ground_1': '3 of 8', 'round_1_sig_str_ground_2': '2 of 2'}","{'round_2_sig_str_head_1': '', 'round_2_sig_str_head_2': '', 'round_2_sig_str_body_1': '', 'round_2_sig_str_body_2': '', 'round_2_sig_str_leg_1': '18 of 42', 'round_2_sig_str_leg_2': '27 of 71', 'round_2_sig_str_dist_1': '42%', 'round_2_sig_str_dist_2': '38%', 'round_2_sig_str_clinch_1': '10 of 29', 'round_2_sig_str_clinch_2': '17 of 60', 'round_2_sig_str_ground_1': '3 of 8', 'round_2_sig_str_ground_2': '2 of 2'}","{'round_3_sig_str_head_1': '', 'round_3_sig_str_head_2': '', 'round_3_sig_str_body_1': '', 'round_3_sig_str_body_2': '', 'round_3_sig_str_leg_1': '18 of 42', 'round_3_sig_str_leg_2': '27 of 71', 'round_3_sig_str_dist_1': '42%', 'round_3_sig_str_dist_2': '38%', 'round_3_sig_str_clinch_1': '10 of 29', 'round_3_sig_str_clinch_2': '17 of 60', 'round_3_sig_str_ground_1': '3 of 8', 'round_3_sig_str_ground_2': '2 of 2'}","{'round_4_sig_str_head_1': '', 'round_4_sig_str_head_2': '', 'round_4_sig_str_body_1': '', 'round_4_sig_str_body_2': '', 'round_4_sig_str_leg_1': '18 of 42', 'round_4_sig_str_leg_2': '27 of 71', 'round_4_sig_str_dist_1': '42%', 'round_4_sig_str_dist_2': '38%', 'round_4_sig_str_clinch_1': '10 of 29', 'round_4_sig_str_clinch_2': '17 of 60', 'round_4_sig_str_ground_1': '3 of 8', 'round_4_sig_str_ground_2': '2 of 2'}","{'round_5_sig_str_head_1': '', 'round_5_sig_str_head_2': '', 'round_5_sig_str_body_1': '', 'round_5_sig_str_body_2': '', 'round_5_sig_str_leg_1': '18 of 42', 'round_5_sig_str_leg_2': '27 of 71', 'round_5_sig_str_dist_1': '42%', 'round_5_sig_str_dist_2': '38%', 'round_5_sig_str_clinch_1': '10 of 29', 'round_5_sig_str_clinch_2': '17 of 60', 'round_5_sig_str_ground_1': '3 of 8', 'round_5_sig_str_ground_2': '2 of 2'}",,,,,,,,,,,,,,,,,,
http://ufcstats.com/fight-details/a2f46e94aa6b0c64,"October 19, 2024","Las Vegas, Nevada, USA",L,Jake Hadley,"""White Kong""",W,Cameron Smotherman,"""The Baby-Faced Killa""",Bantamweight Bout,Decision - Unanimous,,,,,Adalaide Byrd 26 - 30. Ben Cartlidge 27 - 29. Derek Cleary 27 - 29.,,,,,0,0,60 of 165,96 of 259,36%,37%,70 of 176,97 of 260,1 of 2,0 of 0,50%,---,0,0,,,,,,,,,,,,,,,,,,,,,,,0,0,24 of 58,37 of 79,41%,46%,24 of 58,37 of 79,0 of 0,0 of 0,---,---,0,0,,,,,0,0,18 of 57,25 of 75,31%,33%,27 of 67,26 of 76,1 of 1,0 of 0,100%,---,0,0,,,,,0,0,18 of 50,34 of 105,36%,32%,19 of 51,34 of 105,0 of 1,0 of 0,0%,---,0,0,,,,,,,,,,,,,,,,,,,,,,,,,,,,,,,,,,,,,,,,,,,,,,,,,,,,,,,,,,,,,,,,,,,,,,,,,,,,,,,,,,,,,,,,,,,0,0,60 of 165,96 of 259,36%,37%,70 of 176,97 of 260,1 of 2,0 of 0,50%,---,"{'round_1_sig_str_head_1': '', 'round_1_sig_str_head_2': '', 'round_1_sig_str_body_1': '', 'round_1_sig_str_body_2': '', 'round_1_sig_str_leg_1': '24 of 58', 'round_1_sig_str_leg_2': '37 of 79', 'round_1_sig_str_dist_1': '41%', 'round_1_sig_str_dist_2': '46%', 'round_1_sig_str_clinch_1': '8 of 40', 'round_1_sig_str_clinch_2': '13 of 48', 'round_1_sig_str_ground_1': '7 of 7', 'round_1_sig_str_ground_2': '23 of 30'}","{'round_2_sig_str_head_1': '', 'round_2_sig_str_head_2': '', 'round_2_sig_str_body_1': '', 'round_2_sig_str_body_2': '', 'round_2_sig_str_leg_1': '24 of 58', 'round_2_sig_str_leg_2': '37 of 79', 'round_2_sig_str_dist_1': '41%', 'round_2_sig_str_dist_2': '46%', 'round_2_sig_str_clinch_1': '8 of 40', 'round_2_sig_str_clinch_2': '13 of 48', 'round_2_sig_str_ground_1': '7 of 7', 'round_2_sig_str_ground_2': '23 of 30'}","{'round_3_sig_str_head_1': '', 'round_3_sig_str_head_2': '', 'round_3_sig_str_body_1': '', 'round_3_sig_str_body_2': '', 'round_3_sig_str_leg_1': '24 of 58', 'round_3_sig_str_leg_2': '37 of 79', 'round_3_sig_str_dist_1': '41%', 'round_3_sig_str_dist_2': '46%', 'round_3_sig_str_clinch_1': '8 of 40', 'round_3_sig_str_clinch_2': '13 of 48', 'round_3_sig_str_ground_1': '7 of 7', 'round_3_sig_str_ground_2': '23 of 30'}","{'round_4_sig_str_head_1': '', 'round_4_sig_str_head_2': '', 'round_4_sig_str_body_1': '', 'round_4_sig_str_body_2': '', 'round_4_sig_str_leg_1': '24 of 58', 'round_4_sig_str_leg_2': '37 of 79', 'round_4_sig_str_dist_1': '41%', 'round_4_sig_str_dist_2': '46%', 'round_4_sig_str_clinch_1': '8 of 40', 'round_4_sig_str_clinch_2': '13 of 48', 'round_4_sig_str_ground_1': '7 of 7', 'round_4_sig_str_ground_2': '23 of 30'}","{'round_5_sig_str_head_1': '', 'round_5_sig_str_head_2': '', 'round_5_sig_str_body_1': '', 'round_5_sig_str_body_2': '', 'round_5_sig_str_leg_1': '24 of 58', 'round_5_sig_str_leg_2': '37 of 79', 'round_5_sig_str_dist_1': '41%', 'round_5_sig_str_dist_2': '46%', 'round_5_sig_str_clinch_1': '8 of 40', 'round_5_sig_str_clinch_2': '13 of 48', 'round_5_sig_str_ground_1': '7 of 7', 'round_5_sig_str_ground_2': '23 of 30'}",,,,,,,,,,,,,,,,,,
http://ufcstats.com/fight-details/fc73ecbd83b7f159,"October 19, 2024","Las Vegas, Nevada, USA",W,Joselyne Edwards,"""La Pantera""",L,Tamires Vidal,"""Tractor""",Women's Bantamweight Bout,Submission,,,,,Rear Naked Choke,,,,,0,0,81 of 134,34 of 69,60%,49%,151 of 212,53 of 91,4 of 7,0 of 1,57%,0%,2,0,,,,,,,,,,,,,,,,,,,,,,,0,0,41 of 65,18 of 41,63%,43%,70 of 98,24 of 47,2 of 5,0 of 1,40%,0%,0,0,,,,,0,0,14 of 22,5 of 10,63%,50%,35 of 45,17 of 25,1 of 1,0 of 0,100%,---,0,0,,,,,0,0,26 of 47,11 of 18,55%,61%,46 of 69,12 of 19,1 of 1,0 of 0,100%,---,2,0,,,,,,,,,,,,,,,,,,,,,,,,,,,,,,,,,,,,,,,,,,,,,,,,,,,,,,,,,,,,,,,,,,,,,,,,,,,,,,,,,,,,,,,,,,,0,0,81 of 134,34 of 69,60%,49%,151 of 212,53 of 91,4 of 7,0 of 1,57%,0%,"{'round_1_sig_str_head_1': '', 'round_1_sig_str_head_2': '', 'round_1_sig_str_body_1': '', 'round_1_sig_str_body_2': '', 'round_1_sig_str_leg_1': '41 of 65', 'round_1_sig_str_leg_2': '18 of 41', 'round_1_sig_str_dist_1': '63%', 'round_1_sig_str_dist_2': '43%', 'round_1_sig_str_clinch_1': '24 of 44', 'round_1_sig_str_clinch_2': '9 of 28', 'round_1_sig_str_ground_1': '11 of 14', 'round_1_sig_str_ground_2': '4 of 7'}","{'round_2_sig_str_head_1': '', 'round_2_sig_str_head_2': '', 'round_2_sig_str_body_1': '', 'round_2_sig_str_body_2': '', 'round_2_sig_str_leg_1': '41 of 65', 'round_2_sig_str_leg_2': '18 of 41', 'round_2_sig_str_dist_1': '63%', 'round_2_sig_str_dist_2': '43%', 'round_2_sig_str_clinch_1': '24 of 44', 'round_2_sig_str_clinch_2': '9 of 28', 'round_2_sig_str_ground_1': '11 of 14', 'round_2_sig_str_ground_2': '4 of 7'}","{'round_3_sig_str_head_1': '', 'round_3_sig_str_head_2': '', 'round_3_sig_str_body_1': '', 'round_3_sig_str_body_2': '', 'round_3_sig_str_leg_1': '41 of 65', 'round_3_sig_str_leg_2': '18 of 41', 'round_3_sig_str_dist_1': '63%', 'round_3_sig_str_dist_2': '43%', 'round_3_sig_str_clinch_1': '24 of 44', 'round_3_sig_str_clinch_2': '9 of 28', 'round_3_sig_str_ground_1': '11 of 14', 'round_3_sig_str_ground_2': '4 of 7'}","{'round_4_sig_str_head_1': '', 'round_4_sig_str_head_2': '', 'round_4_sig_str_body_1': '', 'round_4_sig_str_body_2': '', 'round_4_sig_str_leg_1': '41 of 65', 'round_4_sig_str_leg_2': '18 of 41', 'round_4_sig_str_dist_1': '63%', 'round_4_sig_str_dist_2': '43%', 'round_4_sig_str_clinch_1': '24 of 44', 'round_4_sig_str_clinch_2': '9 of 28', 'round_4_sig_str_ground_1': '11 of 14', 'round_4_sig_str_ground_2': '4 of 7'}","{'round_5_sig_str_head_1': '', 'round_5_sig_str_head_2': '', 'round_5_sig_str_body_1': '', 'round_5_sig_str_body_2': '', 'round_5_sig_str_leg_1': '41 of 65', 'round_5_sig_str_leg_2': '18 of 41', 'round_5_sig_str_dist_1': '63%', 'round_5_sig_str_dist_2': '43%', 'round_5_sig_str_clinch_1': '24 of 44', 'round_5_sig_str_clinch_2': '9 of 28', 'round_5_sig_str_ground_1': '11 of 14', 'round_5_sig_str_ground_2': '4 of 7'}",,,,,,,,,,,,,,,,,,
http://ufcstats.com/fight-details/503d7342cc08109f,"October 19, 2024","Las Vegas, Nevada, USA",W,Charles Johnson,"""InnerG""",L,Sumudaerji,"""The Tibetan Eagle""",Flyweight Bout,Decision - Unanimous,,,,,Mike Bell 28 - 29. Chris Leben 28 - 29. Ron McCarthy 28 - 29.,,,,,1,0,65 of 150,75 of 144,43%,52%,84 of 177,78 of 149,2 of 6,0 of 3,33%,0%,0,2,,,,,,,,,,,,,,,,,,,,,,,0,0,19 of 50,24 of 43,38%,55%,33 of 64,24 of 43,0 of 2,0 of 0,0%,---,0,0,,,,,1,0,30 of 60,23 of 44,50%,52%,34 of 72,25 of 48,1 of 2,0 of 0,50%,---,0,2,,,,,0,0,16 of 40,28 of 57,40%,49%,17 of 41,29 of 58,1 of 2,0 of 3,50%,0%,0,0,,,,,,,,,,,,,,,,,,,,,,,,,,,,,,,,,,,,,,,,,,,,,,,,,,,,,,,,,,,,,,,,,,,,,,,,,,,,,,,,,,,,,,,,,,,1,0,65 of 150,75 of 144,43%,52%,84 of 177,78 of 149,2 of 6,0 of 3,33%,0%,"{'round_1_sig_str_head_1': '', 'round_1_sig_str_head_2': '', 'round_1_sig_str_body_1': '', 'round_1_sig_str_body_2': '', 'round_1_sig_str_leg_1': '19 of 50', 'round_1_sig_str_leg_2': '24 of 43', 'round_1_sig_str_dist_1': '38%', 'round_1_sig_str_dist_2': '55%', 'round_1_sig_str_clinch_1': '12 of 42', 'round_1_sig_str_clinch_2': '12 of 26', 'round_1_sig_str_ground_1': '5 of 5', 'round_1_sig_str_ground_2': '2 of 3'}","{'round_2_sig_str_head_1': '', 'round_2_sig_str_head_2': '', 'round_2_sig_str_body_1': '', 'round_2_sig_str_body_2': '', 'round_2_sig_str_leg_1': '19 of 50', 'round_2_sig_str_leg_2': '24 of 43', 'round_2_sig_str_dist_1': '38%', 'round_2_sig_str_dist_2': '55%', 'round_2_sig_str_clinch_1': '12 of 42', 'round_2_sig_str_clinch_2': '12 of 26', 'round_2_sig_str_ground_1': '5 of 5', 'round_2_sig_str_ground_2': '2 of 3'}","{'round_3_sig_str_head_1': '', 'round_3_sig_str_head_2': '', 'round_3_sig_str_body_1': '', 'round_3_sig_str_body_2': '', 'round_3_sig_str_leg_1': '19 of 50', 'round_3_sig_str_leg_2': '24 of 43', 'round_3_sig_str_dist_1': '38%', 'round_3_sig_str_dist_2': '55%', 'round_3_sig_str_clinch_1': '12 of 42', 'round_3_sig_str_clinch_2': '12 of 26', 'round_3_sig_str_ground_1': '5 of 5', 'round_3_sig_str_ground_2': '2 of 3'}","{'round_4_sig_str_head_1': '', 'round_4_sig_str_head_2': '', 'round_4_sig_str_body_1': '', 'round_4_sig_str_body_2': '', 'round_4_sig_str_leg_1': '19 of 50', 'round_4_sig_str_leg_2': '24 of 43', 'round_4_sig_str_dist_1': '38%', 'round_4_sig_str_dist_2': '55%', 'round_4_sig_str_clinch_1': '12 of 42', 'round_4_sig_str_clinch_2': '12 of 26', 'round_4_sig_str_ground_1': '5 of 5', 'round_4_sig_str_ground_2': '2 of 3'}","{'round_5_sig_str_head_1': '', 'round_5_sig_str_head_2': '', 'round_5_sig_str_body_1': '', 'round_5_sig_str_body_2': '', 'round_5_sig_str_leg_1': '19 of 50', 'round_5_sig_str_leg_2': '24 of 43', 'round_5_sig_str_dist_1': '38%', 'round_5_sig_str_dist_2': '55%', 'round_5_sig_str_clinch_1': '12 of 42', 'round_5_sig_str_clinch_2': '12 of 26', 'round_5_sig_str_ground_1': '5 of 5', 'round_5_sig_str_ground_2': '2 of 3'}",,,,,,,,,,,,,,,,,,
http://ufcstats.com/fight-details/c61923255389e67c,"October 19, 2024","Las Vegas, Nevada, USA",L,Matheus Nicolau,,W,Asu Almabayev,"""Zulfikar""",Flyweight Bout,Decision - Unanimous,,,,,Mike Bell 28 - 29. Ron McCarthy 28 - 29. Brian Puccillo 28 - 29.,,,,,0,1,16 of 42,22 of 54,38%,40%,38 of 68,55 of 112,0 of 1,1 of 6,0%,16%,1,0,,,,,,,,,,,,,,,,,,,,,,,0,0,5 of 15,9 of 21,33%,42%,5 of 15,9 of 21,0 of 0,0 of 0,---,---,0,0,,,,,0,0,10 of 24,6 of 22,41%,27%,12 of 27,11 of 27,0 of 1,1 of 6,0%,16%,1,0,,,,,0,1,1 of 3,7 of 11,33%,63%,21 of 26,35 of 64,0 of 0,0 of 0,---,---,0,0,,,,,,,,,,,,,,,,,,,,,,,,,,,,,,,,,,,,,,,,,,,,,,,,,,,,,,,,,,,,,,,,,,,,,,,,,,,,,,,,,,,,,,,,,,,0,1,16 of 42,22 of 54,38%,40%,38 of 68,55 of 112,0 of 1,1 of 6,0%,16%,"{'round_1_sig_str_head_1': '', 'round_1_sig_str_head_2': '', 'round_1_sig_str_body_1': '', 'round_1_sig_str_body_2': '', 'round_1_sig_str_leg_1': '5 of 15', 'round_1_sig_str_leg_2': '9 of 21', 'round_1_sig_str_dist_1': '33%', 'round_1_sig_str_dist_2': '42%', 'round_1_sig_str_clinch_1': '1 of 8', 'round_1_sig_str_clinch_2': '1 of 11', 'round_1_sig_str_ground_1': '3 of 5', 'round_1_sig_str_ground_2': '4 of 4'}","{'round_2_sig_str_head_1': '', 'round_2_sig_str_head_2': '', 'round_2_sig_str_body_1': '', 'round_2_sig_str_body_2': '', 'round_2_sig_str_leg_1': '5 of 15', 'round_2_sig_str_leg_2': '9 of 21', 'round_2_sig_str_dist_1': '33%', 'round_2_sig_str_dist_2': '42%', 'round_2_sig_str_clinch_1': '1 of 8', 'round_2_sig_str_clinch_2': '1 of 11', 'round_2_sig_str_ground_1': '3 of 5', 'round_2_sig_str_ground_2': '4 of 4'}","{'round_3_sig_str_head_1': '', 'round_3_sig_str_head_2': '', 'round_3_sig_str_body_1': '', 'round_3_sig_str_body_2': '', 'round_3_sig_str_leg_1': '5 of 15', 'round_3_sig_str_leg_2': '9 of 21', 'round_3_sig_str_dist_1': '33%', 'round_3_sig_str_dist_2': '42%', 'round_3_sig_str_clinch_1': '1 of 8', 'round_3_sig_str_clinch_2': '1 of 11', 'round_3_sig_str_ground_1': '3 of 5', 'round_3_sig_str_ground_2': '4 of 4'}","{'round_4_sig_str_head_1': '', 'round_4_sig_str_head_2': '', 'round_4_sig_str_body_1': '', 'round_4_sig_str_body_2': '', 'round_4_sig_str_leg_1': '5 of 15', 'round_4_sig_str_leg_2': '9 of 21', 'round_4_sig_str_dist_1': '33%', 'round_4_sig_str_dist_2': '42%', 'round_4_sig_str_clinch_1': '1 of 8', 'round_4_sig_str_clinch_2': '1 of 11', 'round_4_sig_str_ground_1': '3 of 5', 'round_4_sig_str_ground_2': '4 of 4'}","{'round_5_sig_str_head_1': '', 'round_5_sig_str_head_2': '', 'round_5_sig_str_body_1': '', 'round_5_sig_str_body_2': '', 'round_5_sig_str_leg_1': '5 of 15', 'round_5_sig_str_leg_2': '9 of 21', 'round_5_sig_str_dist_1': '33%', 'round_5_sig_str_dist_2': '42%', 'round_5_sig_str_clinch_1': '1 of 8', 'round_5_sig_str_clinch_2': '1 of 11', 'round_5_sig_str_ground_1': '3 of 5', 'round_5_sig_str_ground_2': '4 of 4'}",,,,,,,,,,,,,,,,,,
http://ufcstats.com/fight-details/0599f35e6679de02,"October 19, 2024","Las Vegas, Nevada, USA",W,Darren Elkins,"""The Damage""",L,Daniel Pineda,"""The Pit""",,Decision - Unanimous,,,,,Ben Cartlidge 28 - 29. Junichiro Kamijo 28 - 29. Tony Weeks 28 - 29.,,,,,0,0,39 of 88,31 of 53,44%,58%,102 of 170,61 of 85,3 of 12,0 of 0,25%,---,0,2,,,,,,,,,,,,,,,,,,,,,,,0,0,3 of 8,13 of 15,37%,86%,23 of 35,27 of 30,1 of 2,0 of 0,50%,---,0,2,,,,,0,0,19 of 47,12 of 24,40%,50%,39 of 72,17 of 29,2 of 4,0 of 0,50%,---,0,0,,,,,0,0,17 of 33,6 of 14,51%,42%,40 of 63,17 of 26,0 of 6,0 of 0,0%,---,0,0,,,,,,,,,,,,,,,,,,,,,,,,,,,,,,,,,,,,,,,,,,,,,,,,,,,,,,,,,,,,,,,,,,,,,,,,,,,,,,,,,,,,,,,,,,,0,0,39 of 88,31 of 53,44%,58%,102 of 170,61 of 85,3 of 12,0 of 0,25%,---,"{'round_1_sig_str_head_1': '', 'round_1_sig_str_head_2': '', 'round_1_sig_str_body_1': '', 'round_1_sig_str_body_2': '', 'round_1_sig_str_leg_1': '3 of 8', 'round_1_sig_str_leg_2': '13 of 15', 'round_1_sig_str_dist_1': '37%', 'round_1_sig_str_dist_2': '86%', 'round_1_sig_str_clinch_1': '3 of 8', 'round_1_sig_str_clinch_2': '12 of 13', 'round_1_sig_str_ground_1': '0 of 0', 'round_1_sig_str_ground_2': '1 of 2'}","{'round_2_sig_str_head_1': '', 'round_2_sig_str_head_2': '', 'round_2_sig_str_body_1': '', 'round_2_sig_str_body_2': '', 'round_2_sig_str_leg_1': '3 of 8', 'round_2_sig_str_leg_2': '13 of 15', 'round_2_sig_str_dist_1': '37%', 'round_2_sig_str_dist_2': '86%', 'round_2_sig_str_clinch_1': '3 of 8', 'round_2_sig_str_clinch_2': '12 of 13', 'round_2_sig_str_ground_1': '0 of 0', 'round_2_sig_str_ground_2': '1 of 2'}","{'round_3_sig_str_head_1': '', 'round_3_sig_str_head_2': '', 'round_3_sig_str_body_1': '', 'round_3_sig_str_body_2': '', 'round_3_sig_str_leg_1': '3 of 8', 'round_3_sig_str_leg_2': '13 of 15', 'round_3_sig_str_dist_1': '37%', 'round_3_sig_str_dist_2': '86%', 'round_3_sig_str_clinch_1': '3 of 8', 'round_3_sig_str_clinch_2': '12 of 13', 'round_3_sig_str_ground_1': '0 of 0', 'round_3_sig_str_ground_2': '1 of 2'}","{'round_4_sig_str_head_1': '', 'round_4_sig_str_head_2': '', 'round_4_sig_str_body_1': '', 'round_4_sig_str_body_2': '', 'round_4_sig_str_leg_1': '3 of 8', 'round_4_sig_str_leg_2': '13 of 15', 'round_4_sig_str_dist_1': '37%', 'round_4_sig_str_dist_2': '86%', 'round_4_sig_str_clinch_1': '3 of 8', 'round_4_sig_str_clinch_2': '12 of 13', 'round_4_sig_str_ground_1': '0 of 0', 'round_4_sig_str_ground_2': '1 of 2'}","{'round_5_sig_str_head_1': '', 'round_5_sig_str_head_2': '', 'round_5_sig_str_body_1': '', 'round_5_sig_str_body_2': '', 'round_5_sig_str_leg_1': '3 of 8', 'round_5_sig_str_leg_2': '13 of 15', 'round_5_sig_str_dist_1': '37%', 'round_5_sig_str_dist_2': '86%', 'round_5_sig_str_clinch_1': '3 of 8', 'round_5_sig_str_clinch_2': '12 of 13', 'round_5_sig_str_ground_1': '0 of 0', 'round_5_sig_str_ground_2': '1 of 2'}",,,,,,,,,,,,,,,,,,
http://ufcstats.com/fight-details/85854504ce1aa97a,"October 12, 2024","Las Vegas, Nevada, USA",W,Junior Tafa,"""The Juggernaut""",L,Sean Sharaf,"""The Smoke""",Heavyweight Bout,KO/TKO,,,,,Punches to Head At Distance,,,,,0,0,71 of 128,53 of 118,55%,44%,71 of 128,54 of 122,0 of 0,1 of 8,---,12%,0,0,,,,,,,,,,,,,,,,,,,,,,,0,0,36 of 75,46 of 102,48%,45%,36 of 75,47 of 106,0 of 0,1 of 5,---,20%,0,0,,,,,0,0,35 of 53,7 of 16,66%,43%,35 of 53,7 of 16,0 of 0,0 of 3,---,0%,0,0,,,,,,,,,,,,,,,,,,,,,,,,,,,,,,,,,,,,,,,,,,,,,,,,,,,,,,,,,,,,,,,,,,,,,,,,,,,,,,,,,,,,,,,,,,,,,,,,,,,,,,,,,,,,,0,0,71 of 128,53 of 118,55%,44%,71 of 128,54 of 122,0 of 0,1 of 8,---,12%,"{'round_1_sig_str_head_1': '', 'round_1_sig_str_head_2': '', 'round_1_sig_str_body_1': '', 'round_1_sig_str_body_2': '', 'round_1_sig_str_leg_1': '36 of 75', 'round_1_sig_str_leg_2': '46 of 102', 'round_1_sig_str_dist_1': '48%', 'round_1_sig_str_dist_2': '45%', 'round_1_sig_str_clinch_1': '28 of 66', 'round_1_sig_str_clinch_2': '34 of 87', 'round_1_sig_str_ground_1': '8 of 9', 'round_1_sig_str_ground_2': '6 of 9'}","{'round_2_sig_str_head_1': '', 'round_2_sig_str_head_2': '', 'round_2_sig_str_body_1': '', 'round_2_sig_str_body_2': '', 'round_2_sig_str_leg_1': '36 of 75', 'round_2_sig_str_leg_2': '46 of 102', 'round_2_sig_str_dist_1': '48%', 'round_2_sig_str_dist_2': '45%', 'round_2_sig_str_clinch_1': '28 of 66', 'round_2_sig_str_clinch_2': '34 of 87', 'round_2_sig_str_ground_1': '8 of 9', 'round_2_sig_str_ground_2': '6 of 9'}","{'round_3_sig_str_head_1': '', 'round_3_sig_str_head_2': '', 'round_3_sig_str_body_1': '', 'round_3_sig_str_body_2': '', 'round_3_sig_str_leg_1': '36 of 75', 'round_3_sig_str_leg_2': '46 of 102', 'round_3_sig_str_dist_1': '48%', 'round_3_sig_str_dist_2': '45%', 'round_3_sig_str_clinch_1': '28 of 66', 'round_3_sig_str_clinch_2': '34 of 87', 'round_3_sig_str_ground_1': '8 of 9', 'round_3_sig_str_ground_2': '6 of 9'}","{'round_4_sig_str_head_1': '', 'round_4_sig_str_head_2': '', 'round_4_sig_str_body_1': '', 'round_4_sig_str_body_2': '', 'round_4_sig_str_leg_1': '36 of 75', 'round_4_sig_str_leg_2': '46 of 102', 'round_4_sig_str_dist_1': '48%', 'round_4_sig_str_dist_2': '45%', 'round_4_sig_str_clinch_1': '28 of 66', 'round_4_sig_str_clinch_2': '34 of 87', 'round_4_sig_str_ground_1': '8 of 9', 'round_4_sig_str_ground_2': '6 of 9'}","{'round_5_sig_str_head_1': '', 'round_5_sig_str_head_2': '', 'round_5_sig_str_body_1': '', 'round_5_sig_str_body_2': '', 'round_5_sig_str_leg_1': '36 of 75', 'round_5_sig_str_leg_2': '46 of 102', 'round_5_sig_str_dist_1': '48%', 'round_5_sig_str_dist_2': '45%', 'round_5_sig_str_clinch_1': '28 of 66', 'round_5_sig_str_clinch_2': '34 of 87', 'round_5_sig_str_ground_1': '8 of 9', 'round_5_sig_str_ground_2': '6 of 9'}",,,,,,,,,,,,,,,,,,
http://ufcstats.com/fight-details/f01b97e864cb4b8b,"October 19, 2024","Las Vegas, Nevada, USA",W,Rob Font,,L,Kyler Phillips,"""The Matrix""",Bantamweight Bout,Decision - Unanimous,,,,,Mike Bell 28 - 29. Derek Cleary 28 - 29. Junichiro Kamijo 28 - 29.,,,,,0,0,61 of 137,38 of 125,44%,30%,65 of 144,50 of 143,0 of 1,4 of 5,0%,80%,0,0,,,,,,,,,,,,,,,,,,,,,,,0,0,7 of 19,10 of 26,36%,38%,7 of 20,21 of 42,0 of 1,1 of 1,0%,100%,0,0,,,,,0,0,31 of 58,14 of 48,53%,29%,34 of 63,15 of 49,0 of 0,2 of 2,---,100%,0,0,,,,,0,0,23 of 60,14 of 51,38%,27%,24 of 61,14 of 52,0 of 0,1 of 2,---,50%,0,0,,,,,,,,,,,,,,,,,,,,,,,,,,,,,,,,,,,,,,,,,,,,,,,,,,,,,,,,,,,,,,,,,,,,,,,,,,,,,,,,,,,,,,,,,,,0,0,61 of 137,38 of 125,44%,30%,65 of 144,50 of 143,0 of 1,4 of 5,0%,80%,"{'round_1_sig_str_head_1': '', 'round_1_sig_str_head_2': '', 'round_1_sig_str_body_1': '', 'round_1_sig_str_body_2': '', 'round_1_sig_str_leg_1': '7 of 19', 'round_1_sig_str_leg_2': '10 of 26', 'round_1_sig_str_dist_1': '36%', 'round_1_sig_str_dist_2': '38%', 'round_1_sig_str_clinch_1': '6 of 17', 'round_1_sig_str_clinch_2': '8 of 23', 'round_1_sig_str_ground_1': '1 of 2', 'round_1_sig_str_ground_2': '2 of 2'}","{'round_2_sig_str_head_1': '', 'round_2_sig_str_head_2': '', 'round_2_sig_str_body_1': '', 'round_2_sig_str_body_2': '', 'round_2_sig_str_leg_1': '7 of 19', 'round_2_sig_str_leg_2': '10 of 26', 'round_2_sig_str_dist_1': '36%', 'round_2_sig_str_dist_2': '38%', 'round_2_sig_str_clinch_1': '6 of 17', 'round_2_sig_str_clinch_2': '8 of 23', 'round_2_sig_str_ground_1': '1 of 2', 'round_2_sig_str_ground_2': '2 of 2'}","{'round_3_sig_str_head_1': '', 'round_3_sig_str_head_2': '', 'round_3_sig_str_body_1': '', 'round_3_sig_str_body_2': '', 'round_3_sig_str_leg_1': '7 of 19', 'round_3_sig_str_leg_2': '10 of 26', 'round_3_sig_str_dist_1': '36%', 'round_3_sig_str_dist_2': '38%', 'round_3_sig_str_clinch_1': '6 of 17', 'round_3_sig_str_clinch_2': '8 of 23', 'round_3_sig_str_ground_1': '1 of 2', 'round_3_sig_str_ground_2': '2 of 2'}","{'round_4_sig_str_head_1': '', 'round_4_sig_str_head_2': '', 'round_4_sig_str_body_1': '', 'round_4_sig_str_body_2': '', 'round_4_sig_str_leg_1': '7 of 19', 'round_4_sig_str_leg_2': '10 of 26', 'round_4_sig_str_dist_1': '36%', 'round_4_sig_str_dist_2': '38%', 'round_4_sig_str_clinch_1': '6 of 17', 'round_4_sig_str_clinch_2': '8 of 23', 'round_4_sig_str_ground_1': '1 of 2', 'round_4_sig_str_ground_2': '2 of 2'}","{'round_5_sig_str_head_1': '', 'round_5_sig_str_head_2': '', 'round_5_sig_str_body_1': '', 'round_5_sig_str_body_2': '', 'round_5_sig_str_leg_1': '7 of 19', 'round_5_sig_str_leg_2': '10 of 26', 'round_5_sig_str_dist_1': '36%', 'round_5_sig_str_dist_2': '38%', 'round_5_sig_str_clinch_1': '6 of 17', 'round_5_sig_str_clinch_2': '8 of 23', 'round_5_sig_str_ground_1': '1 of 2', 'round_5_sig_str_ground_2': '2 of 2'}",,,,,,,,,,,,,,,,,,
http://ufcstats.com/fight-details/a2f2c64f9fb3fb1c,"October 19, 2024","Las Vegas, Nevada, USA",W,Anthony Hernandez,"""Fluffy""",L,Michel Pereira,"""Demolidor""",,KO/TKO,,,,,Elbows to Head On Ground,,,,,0,0,152 of 212,24 of 53,71%,45%,219 of 293,29 of 62,10 of 29,0 of 1,34%,0%,0,1,,,,,,,,,,,,,,,,,,,,,,,0,0,27 of 52,15 of 34,51%,44%,30 of 55,17 of 36,1 of 8,0 of 0,12%,---,0,0,,,,,0,0,30 of 47,2 of 7,63%,28%,47 of 68,2 of 7,2 of 6,0 of 0,33%,---,0,1,,,,,0,0,44 of 55,3 of 8,80%,37%,64 of 77,4 of 9,2 of 6,0 of 0,33%,---,0,0,,,,,,,,,,,,,,,,,,,,,,,,,,,,,,,,,,,,,,,,,,,,,,,,,,,,,,,,,,,,,,,,,,,,,,,,,,,,,,,,,,,,,,,,,,,0,0,152 of 212,24 of 53,71%,45%,219 of 293,29 of 62,10 of 29,0 of 1,34%,0%,"{'round_1_sig_str_head_1': '', 'round_1_sig_str_head_2': '', 'round_1_sig_str_body_1': '', 'round_1_sig_str_body_2': '', 'round_1_sig_str_leg_1': '27 of 52', 'round_1_sig_str_leg_2': '15 of 34', 'round_1_sig_str_dist_1': '51%', 'round_1_sig_str_dist_2': '44%', 'round_1_sig_str_clinch_1': '20 of 42', 'round_1_sig_str_clinch_2': '7 of 19', 'round_1_sig_str_ground_1': '5 of 7', 'round_1_sig_str_ground_2': '8 of 15'}","{'round_2_sig_str_head_1': '', 'round_2_sig_str_head_2': '', 'round_2_sig_str_body_1': '', 'round_2_sig_str_body_2': '', 'round_2_sig_str_leg_1': '27 of 52', 'round_2_sig_str_leg_2': '15 of 34', 'round_2_sig_str_dist_1': '51%', 'round_2_sig_str_dist_2': '44%', 'round_2_sig_str_clinch_1': '20 of 42', 'round_2_sig_str_clinch_2': '7 of 19', 'round_2_sig_str_ground_1': '5 of 7', 'round_2_sig_str_ground_2': '8 of 15'}","{'round_3_sig_str_head_1': '', 'round_3_sig_str_head_2': '', 'round_3_sig_str_body_1': '', 'round_3_sig_str_body_2': '', 'round_3_sig_str_leg_1': '27 of 52', 'round_3_sig_str_leg_2': '15 of 34', 'round_3_sig_str_dist_1': '51%', 'round_3_sig_str_dist_2': '44%', 'round_3_sig_str_clinch_1': '20 of 42', 'round_3_sig_str_clinch_2': '7 of 19', 'round_3_sig_str_ground_1': '5 of 7', 'round_3_sig_str_ground_2': '8 of 15'}","{'round_4_sig_str_head_1': '', 'round_4_sig_str_head_2': '', 'round_4_sig_str_body_1': '', 'round_4_sig_str_body_2': '', 'round_4_sig_str_leg_1': '27 of 52', 'round_4_sig_str_leg_2': '15 of 34', 'round_4_sig_str_dist_1': '51%', 'round_4_sig_str_dist_2': '44%', 'round_4_sig_str_clinch_1': '20 of 42', 'round_4_sig_str_clinch_2': '7 of 19', 'round_4_sig_str_ground_1': '5 of 7', 'round_4_sig_str_ground_2': '8 of 15'}","{'round_5_sig_str_head_1': '', 'round_5_sig_str_head_2': '', 'round_5_sig_str_body_1': '', 'round_5_sig_str_body_2': '', 'round_5_sig_str_leg_1': '27 of 52', 'round_5_sig_str_leg_2': '15 of 34', 'round_5_sig_str_dist_1': '51%', 'round_5_sig_str_dist_2': '44%', 'round_5_sig_str_clinch_1': '20 of 42', 'round_5_sig_str_clinch_2': '7 of 19', 'round_5_sig_str_ground_1': '5 of 7', 'round_5_sig_str_ground_2': '8 of 15'}",,,,,0,0,29 of 35,3 of 3,82%,100%,48 of 62,5 of 9,3 of 6,0 of 1,50%,0%,0,0
http://ufcstats.com/fight-details/48dd2c9cb39bd2d4,"October 12, 2024","Las Vegas, Nevada, USA",W,Julia Polastri,"""Psycho""",L,Cory McKenna,"""Poppins""",Women's Strawweight Bout,Decision - Split,,,,,Adalaide Byrd 28 - 29. Sal D'amato 29 - 28. Ron McCarthy 27 - 30.,,,,,0,0,88 of 145,40 of 124,60%,32%,142 of 203,98 of 198,0 of 1,1 of 6,0%,16%,0,0,,,,,,,,,,,,,,,,,,,,,,,0,0,40 of 58,17 of 42,68%,40%,58 of 79,43 of 69,0 of 0,0 of 2,---,0%,0,0,,,,,0,0,26 of 43,15 of 44,60%,34%,49 of 66,20 of 50,0 of 1,0 of 1,0%,0%,0,0,,,,,0,0,22 of 44,8 of 38,50%,21%,35 of 58,35 of 79,0 of 0,1 of 3,---,33%,0,0,,,,,,,,,,,,,,,,,,,,,,,,,,,,,,,,,,,,,,,,,,,,,,,,,,,,,,,,,,,,,,,,,,,,,,,,,,,,,,,,,,,,,,,,,,,0,0,88 of 145,40 of 124,60%,32%,142 of 203,98 of 198,0 of 1,1 of 6,0%,16%,"{'round_1_sig_str_head_1': '', 'round_1_sig_str_head_2': '', 'round_1_sig_str_body_1': '', 'round_1_sig_str_body_2': '', 'round_1_sig_str_leg_1': '40 of 58', 'round_1_sig_str_leg_2': '17 of 42', 'round_1_sig_str_dist_1': '68%', 'round_1_sig_str_dist_2': '40%', 'round_1_sig_str_clinch_1': '17 of 33', 'round_1_sig_str_clinch_2': '12 of 35', 'round_1_sig_str_ground_1': '18 of 19', 'round_1_sig_str_ground_2': '3 of 5'}","{'round_2_sig_str_head_1': '', 'round_2_sig_str_head_2': '', 'round_2_sig_str_body_1': '', 'round_2_sig_str_body_2': '', 'round_2_sig_str_leg_1': '40 of 58', 'round_2_sig_str_leg_2': '17 of 42', 'round_2_sig_str_dist_1': '68%', 'round_2_sig_str_dist_2': '40%', 'round_2_sig_str_clinch_1': '17 of 33', 'round_2_sig_str_clinch_2': '12 of 35', 'round_2_sig_str_ground_1': '18 of 19', 'round_2_sig_str_ground_2': '3 of 5'}","{'round_3_sig_str_head_1': '', 'round_3_sig_str_head_2': '', 'round_3_sig_str_body_1': '', 'round_3_sig_str_body_2': '', 'round_3_sig_str_leg_1': '40 of 58', 'round_3_sig_str_leg_2': '17 of 42', 'round_3_sig_str_dist_1': '68%', 'round_3_sig_str_dist_2': '40%', 'round_3_sig_str_clinch_1': '17 of 33', 'round_3_sig_str_clinch_2': '12 of 35', 'round_3_sig_str_ground_1': '18 of 19', 'round_3_sig_str_ground_2': '3 of 5'}","{'round_4_sig_str_head_1': '', 'round_4_sig_str_head_2': '', 'round_4_sig_str_body_1': '', 'round_4_sig_str_body_2': '', 'round_4_sig_str_leg_1': '40 of 58', 'round_4_sig_str_leg_2': '17 of 42', 'round_4_sig_str_dist_1': '68%', 'round_4_sig_str_dist_2': '40%', 'round_4_sig_str_clinch_1': '17 of 33', 'round_4_sig_str_clinch_2': '12 of 35', 'round_4_sig_str_ground_1': '18 of 19', 'round_4_sig_str_ground_2': '3 of 5'}","{'round_5_sig_str_head_1': '', 'round_5_sig_str_head_2': '', 'round_5_sig_str_body_1': '', 'round_5_sig_str_body_2': '', 'round_5_sig_str_leg_1': '40 of 58', 'round_5_sig_str_leg_2': '17 of 42', 'round_5_sig_str_dist_1': '68%', 'round_5_sig_str_dist_2': '40%', 'round_5_sig_str_clinch_1': '17 of 33', 'round_5_sig_str_clinch_2': '12 of 35', 'round_5_sig_str_ground_1': '18 of 19', 'round_5_sig_str_ground_2': '3 of 5'}",,,,,,,,,,,,,,,,,,
http://ufcstats.com/fight-details/69a5895fde58432c,"October 12, 2024","Las Vegas, Nevada, USA",L,Jonathan Pearce,"""JSP""",W,Pat Sabatini,,Featherweight Bout,Submission,,,,,Rear Naked Choke,,,,,0,0,2 of 2,3 of 5,100%,60%,32 of 32,19 of 25,0 of 0,2 of 3,---,66%,0,1,,,,,,,,,,,,,,,,,,,,,,,0,0,2 of 2,3 of 5,100%,60%,32 of 32,19 of 25,0 of 0,2 of 3,---,66%,0,1,,,,,,,,,,,,,,,,,,,,,,,,,,,,,,,,,,,,,,,,,,,,,,,,,,,,,,,,,,,,,,,,,,,,,,,,,,,,,,,,,,,,,,,,,,,,,,,,,,,,,,,,,,,,,,,,,,,,,,,,,,,,,,,0,0,2 of 2,3 of 5,100%,60%,32 of 32,19 of 25,0 of 0,2 of 3,---,66%,"{'round_1_sig_str_head_1': '', 'round_1_sig_str_head_2': '', 'round_1_sig_str_body_1': '', 'round_1_sig_str_body_2': '', 'round_1_sig_str_leg_1': '2 of 2', 'round_1_sig_str_leg_2': '3 of 5', 'round_1_sig_str_dist_1': '100%', 'round_1_sig_str_dist_2': '60%', 'round_1_sig_str_clinch_1': '0 of 0', 'round_1_sig_str_clinch_2': '2 of 4', 'round_1_sig_str_ground_1': '1 of 1', 'round_1_sig_str_ground_2': '1 of 1'}","{'round_2_sig_str_head_1': '', 'round_2_sig_str_head_2': '', 'round_2_sig_str_body_1': '', 'round_2_sig_str_body_2': '', 'round_2_sig_str_leg_1': '2 of 2', 'round_2_sig_str_leg_2': '3 of 5', 'round_2_sig_str_dist_1': '100%', 'round_2_sig_str_dist_2': '60%', 'round_2_sig_str_clinch_1': '0 of 0', 'round_2_sig_str_clinch_2': '2 of 4', 'round_2_sig_str_ground_1': '1 of 1', 'round_2_sig_str_ground_2': '1 of 1'}","{'round_3_sig_str_head_1': '', 'round_3_sig_str_head_2': '', 'round_3_sig_str_body_1': '', 'round_3_sig_str_body_2': '', 'round_3_sig_str_leg_1': '2 of 2', 'round_3_sig_str_leg_2': '3 of 5', 'round_3_sig_str_dist_1': '100%', 'round_3_sig_str_dist_2': '60%', 'round_3_sig_str_clinch_1': '0 of 0', 'round_3_sig_str_clinch_2': '2 of 4', 'round_3_sig_str_ground_1': '1 of 1', 'round_3_sig_str_ground_2': '1 of 1'}","{'round_4_sig_str_head_1': '', 'round_4_sig_str_head_2': '', 'round_4_sig_str_body_1': '', 'round_4_sig_str_body_2': '', 'round_4_sig_str_leg_1': '2 of 2', 'round_4_sig_str_leg_2': '3 of 5', 'round_4_sig_str_dist_1': '100%', 'round_4_sig_str_dist_2': '60%', 'round_4_sig_str_clinch_1': '0 of 0', 'round_4_sig_str_clinch_2': '2 of 4', 'round_4_sig_str_ground_1': '1 of 1', 'round_4_sig_str_ground_2': '1 of 1'}","{'round_5_sig_str_head_1': '', 'round_5_sig_str_head_2': '', 'round_5_sig_str_body_1': '', 'round_5_sig_str_body_2': '', 'round_5_sig_str_leg_1': '2 of 2', 'round_5_sig_str_leg_2': '3 of 5', 'round_5_sig_str_dist_1': '100%', 'round_5_sig_str_dist_2': '60%', 'round_5_sig_str_clinch_1': '0 of 0', 'round_5_sig_str_clinch_2': '2 of 4', 'round_5_sig_str_ground_1': '1 of 1', 'round_5_sig_str_ground_2': '1 of 1'}",,,,,,,,,,,,,,,,,,
http://ufcstats.com/fight-details/57415110bd494c79,"October 12, 2024","Las Vegas, Nevada, USA",W,Themba Gorimbo,"""The Answer""",L,Niko Price,"""The Hybrid""",Welterweight Bout,Decision - Unanimous,,,,,Mike Bell 27 - 30. Eric Colon 27 - 30. Sal D'amato 27 - 30.,,,,,0,0,68 of 127,16 of 53,53%,30%,141 of 223,58 of 100,7 of 9,0 of 3,77%,0%,2,1,,,,,,,,,,,,,,,,,,,,,,,0,0,32 of 67,6 of 17,47%,35%,45 of 87,13 of 24,1 of 1,0 of 1,100%,0%,1,0,,,,,0,0,32 of 53,9 of 31,60%,29%,52 of 76,19 of 41,4 of 5,0 of 2,80%,0%,0,1,,,,,0,0,4 of 7,1 of 5,57%,20%,44 of 60,26 of 35,2 of 3,0 of 0,66%,---,1,0,,,,,,,,,,,,,,,,,,,,,,,,,,,,,,,,,,,,,,,,,,,,,,,,,,,,,,,,,,,,,,,,,,,,,,,,,,,,,,,,,,,,,,,,,,,0,0,68 of 127,16 of 53,53%,30%,141 of 223,58 of 100,7 of 9,0 of 3,77%,0%,"{'round_1_sig_str_head_1': '', 'round_1_sig_str_head_2': '', 'round_1_sig_str_body_1': '', 'round_1_sig_str_body_2': '', 'round_1_sig_str_leg_1': '32 of 67', 'round_1_sig_str_leg_2': '6 of 17', 'round_1_sig_str_dist_1': '47%', 'round_1_sig_str_dist_2': '35%', 'round_1_sig_str_clinch_1': '21 of 55', 'round_1_sig_str_clinch_2': '5 of 14', 'round_1_sig_str_ground_1': '2 of 3', 'round_1_sig_str_ground_2': '1 of 1'}","{'round_2_sig_str_head_1': '', 'round_2_sig_str_head_2': '', 'round_2_sig_str_body_1': '', 'round_2_sig_str_body_2': '', 'round_2_sig_str_leg_1': '32 of 67', 'round_2_sig_str_leg_2': '6 of 17', 'round_2_sig_str_dist_1': '47%', 'round_2_sig_str_dist_2': '35%', 'round_2_sig_str_clinch_1': '21 of 55', 'round_2_sig_str_clinch_2': '5 of 14', 'round_2_sig_str_ground_1': '2 of 3', 'round_2_sig_str_ground_2': '1 of 1'}","{'round_3_sig_str_head_1': '', 'round_3_sig_str_head_2': '', 'round_3_sig_str_body_1': '', 'round_3_sig_str_body_2': '', 'round_3_sig_str_leg_1': '32 of 67', 'round_3_sig_str_leg_2': '6 of 17', 'round_3_sig_str_dist_1': '47%', 'round_3_sig_str_dist_2': '35%', 'round_3_sig_str_clinch_1': '21 of 55', 'round_3_sig_str_clinch_2': '5 of 14', 'round_3_sig_str_ground_1': '2 of 3', 'round_3_sig_str_ground_2': '1 of 1'}","{'round_4_sig_str_head_1': '', 'round_4_sig_str_head_2': '', 'round_4_sig_str_body_1': '', 'round_4_sig_str_body_2': '', 'round_4_sig_str_leg_1': '32 of 67', 'round_4_sig_str_leg_2': '6 of 17', 'round_4_sig_str_dist_1': '47%', 'round_4_sig_str_dist_2': '35%', 'round_4_sig_str_clinch_1': '21 of 55', 'round_4_sig_str_clinch_2': '5 of 14', 'round_4_sig_str_ground_1': '2 of 3', 'round_4_sig_str_ground_2': '1 of 1'}","{'round_5_sig_str_head_1': '', 'round_5_sig_str_head_2': '', 'round_5_sig_str_body_1': '', 'round_5_sig_str_body_2': '', 'round_5_sig_str_leg_1': '32 of 67', 'round_5_sig_str_leg_2': '6 of 17', 'round_5_sig_str_dist_1': '47%', 'round_5_sig_str_dist_2': '35%', 'round_5_sig_str_clinch_1': '21 of 55', 'round_5_sig_str_clinch_2': '5 of 14', 'round_5_sig_str_ground_1': '2 of 3', 'round_5_sig_str_ground_2': '1 of 1'}",,,,,,,,,,,,,,,,,,
http://ufcstats.com/fight-details/98c29ba02cee5ba3,"October 12, 2024","Las Vegas, Nevada, USA",W,Grant Dawson,"""KGD""",L,Rafa Garcia,"""Gifted""",Lightweight Bout,KO/TKO,,,,,Punches to Head From Back Control,,,,,0,0,44 of 90,5 of 12,48%,41%,80 of 144,29 of 38,2 of 4,0 of 0,50%,---,0,0,,,,,,,,,,,,,,,,,,,,,,,0,0,20 of 52,4 of 10,38%,40%,41 of 87,27 of 34,1 of 3,0 of 0,33%,---,0,0,,,,,0,0,24 of 38,1 of 2,63%,50%,39 of 57,2 of 4,1 of 1,0 of 0,100%,---,0,0,,,,,,,,,,,,,,,,,,,,,,,,,,,,,,,,,,,,,,,,,,,,,,,,,,,,,,,,,,,,,,,,,,,,,,,,,,,,,,,,,,,,,,,,,,,,,,,,,,,,,,,,,,,,,0,0,44 of 90,5 of 12,48%,41%,80 of 144,29 of 38,2 of 4,0 of 0,50%,---,"{'round_1_sig_str_head_1': '', 'round_1_sig_str_head_2': '', 'round_1_sig_str_body_1': '', 'round_1_sig_str_body_2': '', 'round_1_sig_str_leg_1': '20 of 52', 'round_1_sig_str_leg_2': '4 of 10', 'round_1_sig_str_dist_1': '38%', 'round_1_sig_str_dist_2': '40%', 'round_1_sig_str_clinch_1': '16 of 42', 'round_1_sig_str_clinch_2': '3 of 6', 'round_1_sig_str_ground_1': '3 of 9', 'round_1_sig_str_ground_2': '1 of 4'}","{'round_2_sig_str_head_1': '', 'round_2_sig_str_head_2': '', 'round_2_sig_str_body_1': '', 'round_2_sig_str_body_2': '', 'round_2_sig_str_leg_1': '20 of 52', 'round_2_sig_str_leg_2': '4 of 10', 'round_2_sig_str_dist_1': '38%', 'round_2_sig_str_dist_2': '40%', 'round_2_sig_str_clinch_1': '16 of 42', 'round_2_sig_str_clinch_2': '3 of 6', 'round_2_sig_str_ground_1': '3 of 9', 'round_2_sig_str_ground_2': '1 of 4'}","{'round_3_sig_str_head_1': '', 'round_3_sig_str_head_2': '', 'round_3_sig_str_body_1': '', 'round_3_sig_str_body_2': '', 'round_3_sig_str_leg_1': '20 of 52', 'round_3_sig_str_leg_2': '4 of 10', 'round_3_sig_str_dist_1': '38%', 'round_3_sig_str_dist_2': '40%', 'round_3_sig_str_clinch_1': '16 of 42', 'round_3_sig_str_clinch_2': '3 of 6', 'round_3_sig_str_ground_1': '3 of 9', 'round_3_sig_str_ground_2': '1 of 4'}","{'round_4_sig_str_head_1': '', 'round_4_sig_str_head_2': '', 'round_4_sig_str_body_1': '', 'round_4_sig_str_body_2': '', 'round_4_sig_str_leg_1': '20 of 52', 'round_4_sig_str_leg_2': '4 of 10', 'round_4_sig_str_dist_1': '38%', 'round_4_sig_str_dist_2': '40%', 'round_4_sig_str_clinch_1': '16 of 42', 'round_4_sig_str_clinch_2': '3 of 6', 'round_4_sig_str_ground_1': '3 of 9', 'round_4_sig_str_ground_2': '1 of 4'}","{'round_5_sig_str_head_1': '', 'round_5_sig_str_head_2': '', 'round_5_sig_str_body_1': '', 'round_5_sig_str_body_2': '', 'round_5_sig_str_leg_1': '20 of 52', 'round_5_sig_str_leg_2': '4 of 10', 'round_5_sig_str_dist_1': '38%', 'round_5_sig_str_dist_2': '40%', 'round_5_sig_str_clinch_1': '16 of 42', 'round_5_sig_str_clinch_2': '3 of 6', 'round_5_sig_str_ground_1': '3 of 9', 'round_5_sig_str_ground_2': '1 of 4'}",,,,,,,,,,,,,,,,,,
http://ufcstats.com/fight-details/f1cc9169813c4a3e,"October 12, 2024","Las Vegas, Nevada, USA",L,CJ Vergara,,W,Ramazan Temirov,"""Temurlan""",,KO/TKO,,,,,Punch to Body At Distance,,,,,0,3,4 of 16,23 of 55,25%,41%,4 of 16,23 of 55,0 of 0,0 of 0,---,---,0,0,,,,,,,,,,,,,,,,,,,,,,,0,3,4 of 16,23 of 55,25%,41%,4 of 16,23 of 55,0 of 0,0 of 0,---,---,0,0,,,,,,,,,,,,,,,,,,,,,,,,,,,,,,,,,,,,,,,,,,,,,,,,,,,,,,,,,,,,,,,,,,,,,,,,,,,,,,,,,,,,,,,,,,,,,,,,,,,,,,,,,,,,,,,,,,,,,,,,,,,,,,,0,3,4 of 16,23 of 55,25%,41%,4 of 16,23 of 55,0 of 0,0 of 0,---,---,"{'round_1_sig_str_head_1': '', 'round_1_sig_str_head_2': '', 'round_1_sig_str_body_1': '', 'round_1_sig_str_body_2': '', 'round_1_sig_str_leg_1': '4 of 16', 'round_1_sig_str_leg_2': '23 of 55', 'round_1_sig_str_dist_1': '25%', 'round_1_sig_str_dist_2': '41%', 'round_1_sig_str_clinch_1': '1 of 12', 'round_1_sig_str_clinch_2': '18 of 46', 'round_1_sig_str_ground_1': '1 of 1', 'round_1_sig_str_ground_2': '4 of 8'}","{'round_2_sig_str_head_1': '', 'round_2_sig_str_head_2': '', 'round_2_sig_str_body_1': '', 'round_2_sig_str_body_2': '', 'round_2_sig_str_leg_1': '4 of 16', 'round_2_sig_str_leg_2': '23 of 55', 'round_2_sig_str_dist_1': '25%', 'round_2_sig_str_dist_2': '41%', 'round_2_sig_str_clinch_1': '1 of 12', 'round_2_sig_str_clinch_2': '18 of 46', 'round_2_sig_str_ground_1': '1 of 1', 'round_2_sig_str_ground_2': '4 of 8'}","{'round_3_sig_str_head_1': '', 'round_3_sig_str_head_2': '', 'round_3_sig_str_body_1': '', 'round_3_sig_str_body_2': '', 'round_3_sig_str_leg_1': '4 of 16', 'round_3_sig_str_leg_2': '23 of 55', 'round_3_sig_str_dist_1': '25%', 'round_3_sig_str_dist_2': '41%', 'round_3_sig_str_clinch_1': '1 of 12', 'round_3_sig_str_clinch_2': '18 of 46', 'round_3_sig_str_ground_1': '1 of 1', 'round_3_sig_str_ground_2': '4 of 8'}","{'round_4_sig_str_head_1': '', 'round_4_sig_str_head_2': '', 'round_4_sig_str_body_1': '', 'round_4_sig_str_body_2': '', 'round_4_sig_str_leg_1': '4 of 16', 'round_4_sig_str_leg_2': '23 of 55', 'round_4_sig_str_dist_1': '25%', 'round_4_sig_str_dist_2': '41%', 'round_4_sig_str_clinch_1': '1 of 12', 'round_4_sig_str_clinch_2': '18 of 46', 'round_4_sig_str_ground_1': '1 of 1', 'round_4_sig_str_ground_2': '4 of 8'}","{'round_5_sig_str_head_1': '', 'round_5_sig_str_head_2': '', 'round_5_sig_str_body_1': '', 'round_5_sig_str_body_2': '', 'round_5_sig_str_leg_1': '4 of 16', 'round_5_sig_str_leg_2': '23 of 55', 'round_5_sig_str_dist_1': '25%', 'round_5_sig_str_dist_2': '41%', 'round_5_sig_str_clinch_1': '1 of 12', 'round_5_sig_str_clinch_2': '18 of 46', 'round_5_sig_str_ground_1': '1 of 1', 'round_5_sig_str_ground_2': '4 of 8'}",,,,,,,,,,,,,,,,,,
http://ufcstats.com/fight-details/ee5c0b8a757992af,"October 12, 2024","Las Vegas, Nevada, USA",W,Chidi Njokuani,"""Bang Bang""",L,Jared Gooden,"""NiteTrain""",Welterweight Bout,Decision - Unanimous,,,,,Mike Bell 27 - 30. Chris Lee 27 - 30. Tony Weeks 27 - 30.,,,,,0,0,105 of 148,20 of 50,70%,40%,162 of 207,81 of 121,0 of 0,2 of 8,---,25%,0,1,,,,,,,,,,,,,,,,,,,,,,,0,0,21 of 28,3 of 5,75%,60%,46 of 53,23 of 28,0 of 0,1 of 4,---,25%,0,0,,,,,0,0,52 of 65,11 of 27,80%,40%,67 of 80,38 of 57,0 of 0,0 of 0,---,---,0,0,,,,,0,0,32 of 55,6 of 18,58%,33%,49 of 74,20 of 36,0 of 0,1 of 4,---,25%,0,1,,,,,,,,,,,,,,,,,,,,,,,,,,,,,,,,,,,,,,,,,,,,,,,,,,,,,,,,,,,,,,,,,,,,,,,,,,,,,,,,,,,,,,,,,,,0,0,105 of 148,20 of 50,70%,40%,162 of 207,81 of 121,0 of 0,2 of 8,---,25%,"{'round_1_sig_str_head_1': '', 'round_1_sig_str_head_2': '', 'round_1_sig_str_body_1': '', 'round_1_sig_str_body_2': '', 'round_1_sig_str_leg_1': '21 of 28', 'round_1_sig_str_leg_2': '3 of 5', 'round_1_sig_str_dist_1': '75%', 'round_1_sig_str_dist_2': '60%', 'round_1_sig_str_clinch_1': '5 of 7', 'round_1_sig_str_clinch_2': '1 of 3', 'round_1_sig_str_ground_1': '16 of 21', 'round_1_sig_str_ground_2': '2 of 2'}","{'round_2_sig_str_head_1': '', 'round_2_sig_str_head_2': '', 'round_2_sig_str_body_1': '', 'round_2_sig_str_body_2': '', 'round_2_sig_str_leg_1': '21 of 28', 'round_2_sig_str_leg_2': '3 of 5', 'round_2_sig_str_dist_1': '75%', 'round_2_sig_str_dist_2': '60%', 'round_2_sig_str_clinch_1': '5 of 7', 'round_2_sig_str_clinch_2': '1 of 3', 'round_2_sig_str_ground_1': '16 of 21', 'round_2_sig_str_ground_2': '2 of 2'}","{'round_3_sig_str_head_1': '', 'round_3_sig_str_head_2': '', 'round_3_sig_str_body_1': '', 'round_3_sig_str_body_2': '', 'round_3_sig_str_leg_1': '21 of 28', 'round_3_sig_str_leg_2': '3 of 5', 'round_3_sig_str_dist_1': '75%', 'round_3_sig_str_dist_2': '60%', 'round_3_sig_str_clinch_1': '5 of 7', 'round_3_sig_str_clinch_2': '1 of 3', 'round_3_sig_str_ground_1': '16 of 21', 'round_3_sig_str_ground_2': '2 of 2'}","{'round_4_sig_str_head_1': '', 'round_4_sig_str_head_2': '', 'round_4_sig_str_body_1': '', 'round_4_sig_str_body_2': '', 'round_4_sig_str_leg_1': '21 of 28', 'round_4_sig_str_leg_2': '3 of 5', 'round_4_sig_str_dist_1': '75%', 'round_4_sig_str_dist_2': '60%', 'round_4_sig_str_clinch_1': '5 of 7', 'round_4_sig_str_clinch_2': '1 of 3', 'round_4_sig_str_ground_1': '16 of 21', 'round_4_sig_str_ground_2': '2 of 2'}","{'round_5_sig_str_head_1': '', 'round_5_sig_str_head_2': '', 'round_5_sig_str_body_1': '', 'round_5_sig_str_body_2': '', 'round_5_sig_str_leg_1': '21 of 28', 'round_5_sig_str_leg_2': '3 of 5', 'round_5_sig_str_dist_1': '75%', 'round_5_sig_str_dist_2': '60%', 'round_5_sig_str_clinch_1': '5 of 7', 'round_5_sig_str_clinch_2': '1 of 3', 'round_5_sig_str_ground_1': '16 of 21', 'round_5_sig_str_ground_2': '2 of 2'}",,,,,,,,,,,,,,,,,,
http://ufcstats.com/fight-details/6fa2dae90bda4742,"October 12, 2024","Las Vegas, Nevada, USA",L,Brad Tavares,,W,JunYong Park,"""The Iron Turtle""",Middleweight Bout,Decision - Split,,,,,Junichiro Kamijo 29 - 28. Mike Bell 28 - 29. Eric Colon 28 - 29.,,,,,0,0,65 of 149,99 of 177,43%,55%,73 of 159,124 of 210,0 of 0,2 of 6,---,33%,0,0,,,,,,,,,,,,,,,,,,,,,,,0,0,26 of 57,19 of 46,45%,41%,27 of 60,21 of 48,0 of 0,0 of 2,---,0%,0,0,,,,,0,0,31 of 80,67 of 108,38%,62%,31 of 80,68 of 109,0 of 0,1 of 1,---,100%,0,0,,,,,0,0,8 of 12,13 of 23,66%,56%,15 of 19,35 of 53,0 of 0,1 of 3,---,33%,0,0,,,,,,,,,,,,,,,,,,,,,,,,,,,,,,,,,,,,,,,,,,,,,,,,,,,,,,,,,,,,,,,,,,,,,,,,,,,,,,,,,,,,,,,,,,,0,0,65 of 149,99 of 177,43%,55%,73 of 159,124 of 210,0 of 0,2 of 6,---,33%,"{'round_1_sig_str_head_1': '', 'round_1_sig_str_head_2': '', 'round_1_sig_str_body_1': '', 'round_1_sig_str_body_2': '', 'round_1_sig_str_leg_1': '26 of 57', 'round_1_sig_str_leg_2': '19 of 46', 'round_1_sig_str_dist_1': '45%', 'round_1_sig_str_dist_2': '41%', 'round_1_sig_str_clinch_1': '21 of 52', 'round_1_sig_str_clinch_2': '12 of 37', 'round_1_sig_str_ground_1': '0 of 0', 'round_1_sig_str_ground_2': '2 of 3'}","{'round_2_sig_str_head_1': '', 'round_2_sig_str_head_2': '', 'round_2_sig_str_body_1': '', 'round_2_sig_str_body_2': '', 'round_2_sig_str_leg_1': '26 of 57', 'round_2_sig_str_leg_2': '19 of 46', 'round_2_sig_str_dist_1': '45%', 'round_2_sig_str_dist_2': '41%', 'round_2_sig_str_clinch_1': '21 of 52', 'round_2_sig_str_clinch_2': '12 of 37', 'round_2_sig_str_ground_1': '0 of 0', 'round_2_sig_str_ground_2': '2 of 3'}","{'round_3_sig_str_head_1': '', 'round_3_sig_str_head_2': '', 'round_3_sig_str_body_1': '', 'round_3_sig_str_body_2': '', 'round_3_sig_str_leg_1': '26 of 57', 'round_3_sig_str_leg_2': '19 of 46', 'round_3_sig_str_dist_1': '45%', 'round_3_sig_str_dist_2': '41%', 'round_3_sig_str_clinch_1': '21 of 52', 'round_3_sig_str_clinch_2': '12 of 37', 'round_3_sig_str_ground_1': '0 of 0', 'round_3_sig_str_ground_2': '2 of 3'}","{'round_4_sig_str_head_1': '', 'round_4_sig_str_head_2': '', 'round_4_sig_str_body_1': '', 'round_4_sig_str_body_2': '', 'round_4_sig_str_leg_1': '26 of 57', 'round_4_sig_str_leg_2': '19 of 46', 'round_4_sig_str_dist_1': '45%', 'round_4_sig_str_dist_2': '41%', 'round_4_sig_str_clinch_1': '21 of 52', 'round_4_sig_str_clinch_2': '12 of 37', 'round_4_sig_str_ground_1': '0 of 0', 'round_4_sig_str_ground_2': '2 of 3'}","{'round_5_sig_str_head_1': '', 'round_5_sig_str_head_2': '', 'round_5_sig_str_body_1': '', 'round_5_sig_str_body_2': '', 'round_5_sig_str_leg_1': '26 of 57', 'round_5_sig_str_leg_2': '19 of 46', 'round_5_sig_str_dist_1': '45%', 'round_5_sig_str_dist_2': '41%', 'round_5_sig_str_clinch_1': '21 of 52', 'round_5_sig_str_clinch_2': '12 of 37', 'round_5_sig_str_ground_1': '0 of 0', 'round_5_sig_str_ground_2': '2 of 3'}",,,,,,,,,,,,,,,,,,
http://ufcstats.com/fight-details/eb73b63bbd7b88a7,"October 05, 2024","Salt Lake City, Utah, USA",L,Marina Rodriguez,,W,Iasmin Lucindo,,Women's Strawweight Bout,Decision - Split,,,,,Steve Faragher 29 - 28. Mike Bell 28 - 29. Dan Furse 28 - 29.,,,,,0,0,33 of 99,30 of 73,33%,41%,65 of 134,55 of 104,1 of 1,3 of 4,100%,75%,0,0,,,,,,,,,,,,,,,,,,,,,,,0,0,5 of 25,11 of 33,20%,33%,18 of 38,20 of 42,0 of 0,1 of 1,---,100%,0,0,,,,,0,0,16 of 37,10 of 24,43%,41%,21 of 42,24 of 39,0 of 0,1 of 1,---,100%,0,0,,,,,0,0,12 of 37,9 of 16,32%,56%,26 of 54,11 of 23,1 of 1,1 of 2,100%,50%,0,0,,,,,,,,,,,,,,,,,,,,,,,,,,,,,,,,,,,,,,,,,,,,,,,,,,,,,,,,,,,,,,,,,,,,,,,,,,,,,,,,,,,,,,,,,,,0,0,33 of 99,30 of 73,33%,41%,65 of 134,55 of 104,1 of 1,3 of 4,100%,75%,"{'round_1_sig_str_head_1': '', 'round_1_sig_str_head_2': '', 'round_1_sig_str_body_1': '', 'round_1_sig_str_body_2': '', 'round_1_sig_str_leg_1': '5 of 25', 'round_1_sig_str_leg_2': '11 of 33', 'round_1_sig_str_dist_1': '20%', 'round_1_sig_str_dist_2': '33%', 'round_1_sig_str_clinch_1': '4 of 21', 'round_1_sig_str_clinch_2': '4 of 21', 'round_1_sig_str_ground_1': '1 of 2', 'round_1_sig_str_ground_2': '5 of 8'}","{'round_2_sig_str_head_1': '', 'round_2_sig_str_head_2': '', 'round_2_sig_str_body_1': '', 'round_2_sig_str_body_2': '', 'round_2_sig_str_leg_1': '5 of 25', 'round_2_sig_str_leg_2': '11 of 33', 'round_2_sig_str_dist_1': '20%', 'round_2_sig_str_dist_2': '33%', 'round_2_sig_str_clinch_1': '4 of 21', 'round_2_sig_str_clinch_2': '4 of 21', 'round_2_sig_str_ground_1': '1 of 2', 'round_2_sig_str_ground_2': '5 of 8'}","{'round_3_sig_str_head_1': '', 'round_3_sig_str_head_2': '', 'round_3_sig_str_body_1': '', 'round_3_sig_str_body_2': '', 'round_3_sig_str_leg_1': '5 of 25', 'round_3_sig_str_leg_2': '11 of 33', 'round_3_sig_str_dist_1': '20%', 'round_3_sig_str_dist_2': '33%', 'round_3_sig_str_clinch_1': '4 of 21', 'round_3_sig_str_clinch_2': '4 of 21', 'round_3_sig_str_ground_1': '1 of 2', 'round_3_sig_str_ground_2': '5 of 8'}","{'round_4_sig_str_head_1': '', 'round_4_sig_str_head_2': '', 'round_4_sig_str_body_1': '', 'round_4_sig_str_body_2': '', 'round_4_sig_str_leg_1': '5 of 25', 'round_4_sig_str_leg_2': '11 of 33', 'round_4_sig_str_dist_1': '20%', 'round_4_sig_str_dist_2': '33%', 'round_4_sig_str_clinch_1': '4 of 21', 'round_4_sig_str_clinch_2': '4 of 21', 'round_4_sig_str_ground_1': '1 of 2', 'round_4_sig_str_ground_2': '5 of 8'}","{'round_5_sig_str_head_1': '', 'round_5_sig_str_head_2': '', 'round_5_sig_str_body_1': '', 'round_5_sig_str_body_2': '', 'round_5_sig_str_leg_1': '5 of 25', 'round_5_sig_str_leg_2': '11 of 33', 'round_5_sig_str_dist_1': '20%', 'round_5_sig_str_dist_2': '33%', 'round_5_sig_str_clinch_1': '4 of 21', 'round_5_sig_str_clinch_2': '4 of 21', 'round_5_sig_str_ground_1': '1 of 2', 'round_5_sig_str_ground_2': '5 of 8'}",,,,,,,,,,,,,,,,,,
http://ufcstats.com/fight-details/f690949d90ff1dee,"October 12, 2024","Las Vegas, Nevada, USA",W,Daniel Rodriguez,"""D-Rod""",L,Alex Morono,"""The Great White""",Welterweight Bout,Decision - Split,,,,,Adalaide Byrd 28 - 29. Sal D'amato 29 - 28. Mike Bell 28 - 29.,,,,,0,0,123 of 257,74 of 257,47%,28%,126 of 260,91 of 276,1 of 1,0 of 1,100%,0%,0,0,,,,,,,,,,,,,,,,,,,,,,,0,0,25 of 56,31 of 81,44%,38%,25 of 56,31 of 81,0 of 0,0 of 0,---,---,0,0,,,,,0,0,44 of 99,23 of 91,44%,25%,44 of 99,23 of 91,0 of 0,0 of 0,---,---,0,0,,,,,0,0,54 of 102,20 of 85,52%,23%,57 of 105,37 of 104,1 of 1,0 of 1,100%,0%,0,0,,,,,,,,,,,,,,,,,,,,,,,,,,,,,,,,,,,,,,,,,,,,,,,,,,,,,,,,,,,,,,,,,,,,,,,,,,,,,,,,,,,,,,,,,,,0,0,123 of 257,74 of 257,47%,28%,126 of 260,91 of 276,1 of 1,0 of 1,100%,0%,"{'round_1_sig_str_head_1': '', 'round_1_sig_str_head_2': '', 'round_1_sig_str_body_1': '', 'round_1_sig_str_body_2': '', 'round_1_sig_str_leg_1': '25 of 56', 'round_1_sig_str_leg_2': '31 of 81', 'round_1_sig_str_dist_1': '44%', 'round_1_sig_str_dist_2': '38%', 'round_1_sig_str_clinch_1': '7 of 32', 'round_1_sig_str_clinch_2': '20 of 67', 'round_1_sig_str_ground_1': '11 of 17', 'round_1_sig_str_ground_2': '5 of 8'}","{'round_2_sig_str_head_1': '', 'round_2_sig_str_head_2': '', 'round_2_sig_str_body_1': '', 'round_2_sig_str_body_2': '', 'round_2_sig_str_leg_1': '25 of 56', 'round_2_sig_str_leg_2': '31 of 81', 'round_2_sig_str_dist_1': '44%', 'round_2_sig_str_dist_2': '38%', 'round_2_sig_str_clinch_1': '7 of 32', 'round_2_sig_str_clinch_2': '20 of 67', 'round_2_sig_str_ground_1': '11 of 17', 'round_2_sig_str_ground_2': '5 of 8'}","{'round_3_sig_str_head_1': '', 'round_3_sig_str_head_2': '', 'round_3_sig_str_body_1': '', 'round_3_sig_str_body_2': '', 'round_3_sig_str_leg_1': '25 of 56', 'round_3_sig_str_leg_2': '31 of 81', 'round_3_sig_str_dist_1': '44%', 'round_3_sig_str_dist_2': '38%', 'round_3_sig_str_clinch_1': '7 of 32', 'round_3_sig_str_clinch_2': '20 of 67', 'round_3_sig_str_ground_1': '11 of 17', 'round_3_sig_str_ground_2': '5 of 8'}","{'round_4_sig_str_head_1': '', 'round_4_sig_str_head_2': '', 'round_4_sig_str_body_1': '', 'round_4_sig_str_body_2': '', 'round_4_sig_str_leg_1': '25 of 56', 'round_4_sig_str_leg_2': '31 of 81', 'round_4_sig_str_dist_1': '44%', 'round_4_sig_str_dist_2': '38%', 'round_4_sig_str_clinch_1': '7 of 32', 'round_4_sig_str_clinch_2': '20 of 67', 'round_4_sig_str_ground_1': '11 of 17', 'round_4_sig_str_ground_2': '5 of 8'}","{'round_5_sig_str_head_1': '', 'round_5_sig_str_head_2': '', 'round_5_sig_str_body_1': '', 'round_5_sig_str_body_2': '', 'round_5_sig_str_leg_1': '25 of 56', 'round_5_sig_str_leg_2': '31 of 81', 'round_5_sig_str_dist_1': '44%', 'round_5_sig_str_dist_2': '38%', 'round_5_sig_str_clinch_1': '7 of 32', 'round_5_sig_str_clinch_2': '20 of 67', 'round_5_sig_str_ground_1': '11 of 17', 'round_5_sig_str_ground_2': '5 of 8'}",,,,,,,,,,,,,,,,,,
http://ufcstats.com/fight-details/69bca5091b2a31f6,"October 05, 2024","Salt Lake City, Utah, USA",L,Stephen Thompson,"""Wonderboy""",W,Joaquin Buckley,"""New Mansa""",,KO/TKO,,,,,Punch to Head At Distance,,,,,0,1,49 of 106,34 of 93,46%,36%,63 of 121,55 of 117,0 of 0,4 of 7,---,57%,0,0,,,,,,,,,,,,,,,,,,,,,,,0,0,15 of 28,6 of 26,53%,23%,21 of 35,16 of 39,0 of 0,2 of 3,---,66%,0,0,,,,,0,0,22 of 45,12 of 33,48%,36%,28 of 51,20 of 41,0 of 0,2 of 4,---,50%,0,0,,,,,0,1,12 of 33,16 of 34,36%,47%,14 of 35,19 of 37,0 of 0,0 of 0,---,---,0,0,,,,,,,,,,,,,,,,,,,,,,,,,,,,,,,,,,,,,,,,,,,,,,,,,,,,,,,,,,,,,,,,,,,,,,,,,,,,,,,,,,,,,,,,,,,0,1,49 of 106,34 of 93,46%,36%,63 of 121,55 of 117,0 of 0,4 of 7,---,57%,"{'round_1_sig_str_head_1': '', 'round_1_sig_str_head_2': '', 'round_1_sig_str_body_1': '', 'round_1_sig_str_body_2': '', 'round_1_sig_str_leg_1': '15 of 28', 'round_1_sig_str_leg_2': '6 of 26', 'round_1_sig_str_dist_1': '53%', 'round_1_sig_str_dist_2': '23%', 'round_1_sig_str_clinch_1': '12 of 25', 'round_1_sig_str_clinch_2': '5 of 21', 'round_1_sig_str_ground_1': '2 of 2', 'round_1_sig_str_ground_2': '1 of 4'}","{'round_2_sig_str_head_1': '', 'round_2_sig_str_head_2': '', 'round_2_sig_str_body_1': '', 'round_2_sig_str_body_2': '', 'round_2_sig_str_leg_1': '15 of 28', 'round_2_sig_str_leg_2': '6 of 26', 'round_2_sig_str_dist_1': '53%', 'round_2_sig_str_dist_2': '23%', 'round_2_sig_str_clinch_1': '12 of 25', 'round_2_sig_str_clinch_2': '5 of 21', 'round_2_sig_str_ground_1': '2 of 2', 'round_2_sig_str_ground_2': '1 of 4'}","{'round_3_sig_str_head_1': '', 'round_3_sig_str_head_2': '', 'round_3_sig_str_body_1': '', 'round_3_sig_str_body_2': '', 'round_3_sig_str_leg_1': '15 of 28', 'round_3_sig_str_leg_2': '6 of 26', 'round_3_sig_str_dist_1': '53%', 'round_3_sig_str_dist_2': '23%', 'round_3_sig_str_clinch_1': '12 of 25', 'round_3_sig_str_clinch_2': '5 of 21', 'round_3_sig_str_ground_1': '2 of 2', 'round_3_sig_str_ground_2': '1 of 4'}","{'round_4_sig_str_head_1': '', 'round_4_sig_str_head_2': '', 'round_4_sig_str_body_1': '', 'round_4_sig_str_body_2': '', 'round_4_sig_str_leg_1': '15 of 28', 'round_4_sig_str_leg_2': '6 of 26', 'round_4_sig_str_dist_1': '53%', 'round_4_sig_str_dist_2': '23%', 'round_4_sig_str_clinch_1': '12 of 25', 'round_4_sig_str_clinch_2': '5 of 21', 'round_4_sig_str_ground_1': '2 of 2', 'round_4_sig_str_ground_2': '1 of 4'}","{'round_5_sig_str_head_1': '', 'round_5_sig_str_head_2': '', 'round_5_sig_str_body_1': '', 'round_5_sig_str_body_2': '', 'round_5_sig_str_leg_1': '15 of 28', 'round_5_sig_str_leg_2': '6 of 26', 'round_5_sig_str_dist_1': '53%', 'round_5_sig_str_dist_2': '23%', 'round_5_sig_str_clinch_1': '12 of 25', 'round_5_sig_str_clinch_2': '5 of 21', 'round_5_sig_str_ground_1': '2 of 2', 'round_5_sig_str_ground_2': '1 of 4'}",,,,,,,,,,,,,,,,,,
http://ufcstats.com/fight-details/998bde5639c61adb,"October 12, 2024","Las Vegas, Nevada, USA",W,Brandon Royval,"""Raw Dawg""",L,Tatsuro Taira,,,Decision - Split,,,,,Chris Lee 47 - 48. Sal D'amato 48 - 47. Ron McCarthy 47 - 48.,,,,,0,0,124 of 232,42 of 99,53%,42%,172 of 287,80 of 143,3 of 3,6 of 15,100%,40%,3,1,,,,,,,,,,,,,,,,,,,,,,,0,0,17 of 55,10 of 22,30%,45%,17 of 55,11 of 24,0 of 0,1 of 3,---,33%,0,0,,,,,0,0,3 of 14,5 of 7,21%,71%,11 of 22,29 of 34,0 of 0,2 of 2,---,100%,0,0,,,,,0,0,56 of 78,5 of 21,71%,23%,81 of 105,7 of 23,2 of 2,0 of 4,100%,0%,1,1,,,,,,,,,,,,,,,,,,,,,,,,,,,,,,,,,,,,,,,,,,,,,,,,,,,,,,,,,,,,,,,,,,,,,,,,,,,,,,,,,,,,,,,,,,,0,0,124 of 232,42 of 99,53%,42%,172 of 287,80 of 143,3 of 3,6 of 15,100%,40%,"{'round_1_sig_str_head_1': '', 'round_1_sig_str_head_2': '', 'round_1_sig_str_body_1': '', 'round_1_sig_str_body_2': '', 'round_1_sig_str_leg_1': '17 of 55', 'round_1_sig_str_leg_2': '10 of 22', 'round_1_sig_str_dist_1': '30%', 'round_1_sig_str_dist_2': '45%', 'round_1_sig_str_clinch_1': '12 of 46', 'round_1_sig_str_clinch_2': '6 of 18', 'round_1_sig_str_ground_1': '5 of 9', 'round_1_sig_str_ground_2': '2 of 2'}","{'round_2_sig_str_head_1': '', 'round_2_sig_str_head_2': '', 'round_2_sig_str_body_1': '', 'round_2_sig_str_body_2': '', 'round_2_sig_str_leg_1': '17 of 55', 'round_2_sig_str_leg_2': '10 of 22', 'round_2_sig_str_dist_1': '30%', 'round_2_sig_str_dist_2': '45%', 'round_2_sig_str_clinch_1': '12 of 46', 'round_2_sig_str_clinch_2': '6 of 18', 'round_2_sig_str_ground_1': '5 of 9', 'round_2_sig_str_ground_2': '2 of 2'}","{'round_3_sig_str_head_1': '', 'round_3_sig_str_head_2': '', 'round_3_sig_str_body_1': '', 'round_3_sig_str_body_2': '', 'round_3_sig_str_leg_1': '17 of 55', 'round_3_sig_str_leg_2': '10 of 22', 'round_3_sig_str_dist_1': '30%', 'round_3_sig_str_dist_2': '45%', 'round_3_sig_str_clinch_1': '12 of 46', 'round_3_sig_str_clinch_2': '6 of 18', 'round_3_sig_str_ground_1': '5 of 9', 'round_3_sig_str_ground_2': '2 of 2'}","{'round_4_sig_str_head_1': '', 'round_4_sig_str_head_2': '', 'round_4_sig_str_body_1': '', 'round_4_sig_str_body_2': '', 'round_4_sig_str_leg_1': '17 of 55', 'round_4_sig_str_leg_2': '10 of 22', 'round_4_sig_str_dist_1': '30%', 'round_4_sig_str_dist_2': '45%', 'round_4_sig_str_clinch_1': '12 of 46', 'round_4_sig_str_clinch_2': '6 of 18', 'round_4_sig_str_ground_1': '5 of 9', 'round_4_sig_str_ground_2': '2 of 2'}","{'round_5_sig_str_head_1': '', 'round_5_sig_str_head_2': '', 'round_5_sig_str_body_1': '', 'round_5_sig_str_body_2': '', 'round_5_sig_str_leg_1': '17 of 55', 'round_5_sig_str_leg_2': '10 of 22', 'round_5_sig_str_dist_1': '30%', 'round_5_sig_str_dist_2': '45%', 'round_5_sig_str_clinch_1': '12 of 46', 'round_5_sig_str_clinch_2': '6 of 18', 'round_5_sig_str_ground_1': '5 of 9', 'round_5_sig_str_ground_2': '2 of 2'}",,,,,0,0,5 of 11,8 of 13,45%,61%,6 of 12,18 of 25,0 of 0,1 of 3,---,33%,0,0
http://ufcstats.com/fight-details/e8aad69aace1d31f,"October 05, 2024","Salt Lake City, Utah, USA",L,Austin Hubbard,"""Thud""",W,Alexander Hernandez,"""The Great Ape""",Lightweight Bout,Decision - Split,,,,,Chris Lee 30 - 27. Dan Furse 28 - 29. Steve Faragher 28 - 29.,,,,,0,0,63 of 191,79 of 204,32%,38%,65 of 193,91 of 217,0 of 12,0 of 2,0%,0%,0,0,,,,,,,,,,,,,,,,,,,,,,,0,0,10 of 44,23 of 60,22%,38%,11 of 45,23 of 60,0 of 2,0 of 1,0%,0%,0,0,,,,,0,0,22 of 66,26 of 71,33%,36%,22 of 66,32 of 77,0 of 7,0 of 1,0%,0%,0,0,,,,,0,0,31 of 81,30 of 73,38%,41%,32 of 82,36 of 80,0 of 3,0 of 0,0%,---,0,0,,,,,,,,,,,,,,,,,,,,,,,,,,,,,,,,,,,,,,,,,,,,,,,,,,,,,,,,,,,,,,,,,,,,,,,,,,,,,,,,,,,,,,,,,,,0,0,63 of 191,79 of 204,32%,38%,65 of 193,91 of 217,0 of 12,0 of 2,0%,0%,"{'round_1_sig_str_head_1': '', 'round_1_sig_str_head_2': '', 'round_1_sig_str_body_1': '', 'round_1_sig_str_body_2': '', 'round_1_sig_str_leg_1': '10 of 44', 'round_1_sig_str_leg_2': '23 of 60', 'round_1_sig_str_dist_1': '22%', 'round_1_sig_str_dist_2': '38%', 'round_1_sig_str_clinch_1': '2 of 27', 'round_1_sig_str_clinch_2': '10 of 43', 'round_1_sig_str_ground_1': '7 of 15', 'round_1_sig_str_ground_2': '4 of 7'}","{'round_2_sig_str_head_1': '', 'round_2_sig_str_head_2': '', 'round_2_sig_str_body_1': '', 'round_2_sig_str_body_2': '', 'round_2_sig_str_leg_1': '10 of 44', 'round_2_sig_str_leg_2': '23 of 60', 'round_2_sig_str_dist_1': '22%', 'round_2_sig_str_dist_2': '38%', 'round_2_sig_str_clinch_1': '2 of 27', 'round_2_sig_str_clinch_2': '10 of 43', 'round_2_sig_str_ground_1': '7 of 15', 'round_2_sig_str_ground_2': '4 of 7'}","{'round_3_sig_str_head_1': '', 'round_3_sig_str_head_2': '', 'round_3_sig_str_body_1': '', 'round_3_sig_str_body_2': '', 'round_3_sig_str_leg_1': '10 of 44', 'round_3_sig_str_leg_2': '23 of 60', 'round_3_sig_str_dist_1': '22%', 'round_3_sig_str_dist_2': '38%', 'round_3_sig_str_clinch_1': '2 of 27', 'round_3_sig_str_clinch_2': '10 of 43', 'round_3_sig_str_ground_1': '7 of 15', 'round_3_sig_str_ground_2': '4 of 7'}","{'round_4_sig_str_head_1': '', 'round_4_sig_str_head_2': '', 'round_4_sig_str_body_1': '', 'round_4_sig_str_body_2': '', 'round_4_sig_str_leg_1': '10 of 44', 'round_4_sig_str_leg_2': '23 of 60', 'round_4_sig_str_dist_1': '22%', 'round_4_sig_str_dist_2': '38%', 'round_4_sig_str_clinch_1': '2 of 27', 'round_4_sig_str_clinch_2': '10 of 43', 'round_4_sig_str_ground_1': '7 of 15', 'round_4_sig_str_ground_2': '4 of 7'}","{'round_5_sig_str_head_1': '', 'round_5_sig_str_head_2': '', 'round_5_sig_str_body_1': '', 'round_5_sig_str_body_2': '', 'round_5_sig_str_leg_1': '10 of 44', 'round_5_sig_str_leg_2': '23 of 60', 'round_5_sig_str_dist_1': '22%', 'round_5_sig_str_dist_2': '38%', 'round_5_sig_str_clinch_1': '2 of 27', 'round_5_sig_str_clinch_2': '10 of 43', 'round_5_sig_str_ground_1': '7 of 15', 'round_5_sig_str_ground_2': '4 of 7'}",,,,,,,,,,,,,,,,,,
http://ufcstats.com/fight-details/9ea124a13d071186,"October 05, 2024","Salt Lake City, Utah, USA",L,Ketlen Vieira,"""Fenomeno""",W,Kayla Harrison,,Women's Bantamweight Bout,Decision - Unanimous,,,,,Derek Cleary 27 - 30. Sal D'amato 27 - 30. Steve Faragher 28 - 29.,,,,,0,0,24 of 61,55 of 94,39%,58%,67 of 108,98 of 149,0 of 0,2 of 8,---,25%,0,0,,,,,,,,,,,,,,,,,,,,,,,0,0,5 of 16,17 of 27,31%,62%,27 of 38,37 of 53,0 of 0,1 of 2,---,50%,0,0,,,,,0,0,14 of 32,15 of 35,43%,42%,29 of 49,27 of 50,0 of 0,0 of 2,---,0%,0,0,,,,,0,0,5 of 13,23 of 32,38%,71%,11 of 21,34 of 46,0 of 0,1 of 4,---,25%,0,0,,,,,,,,,,,,,,,,,,,,,,,,,,,,,,,,,,,,,,,,,,,,,,,,,,,,,,,,,,,,,,,,,,,,,,,,,,,,,,,,,,,,,,,,,,,0,0,24 of 61,55 of 94,39%,58%,67 of 108,98 of 149,0 of 0,2 of 8,---,25%,"{'round_1_sig_str_head_1': '', 'round_1_sig_str_head_2': '', 'round_1_sig_str_body_1': '', 'round_1_sig_str_body_2': '', 'round_1_sig_str_leg_1': '5 of 16', 'round_1_sig_str_leg_2': '17 of 27', 'round_1_sig_str_dist_1': '31%', 'round_1_sig_str_dist_2': '62%', 'round_1_sig_str_clinch_1': '1 of 8', 'round_1_sig_str_clinch_2': '7 of 17', 'round_1_sig_str_ground_1': '0 of 4', 'round_1_sig_str_ground_2': '9 of 9'}","{'round_2_sig_str_head_1': '', 'round_2_sig_str_head_2': '', 'round_2_sig_str_body_1': '', 'round_2_sig_str_body_2': '', 'round_2_sig_str_leg_1': '5 of 16', 'round_2_sig_str_leg_2': '17 of 27', 'round_2_sig_str_dist_1': '31%', 'round_2_sig_str_dist_2': '62%', 'round_2_sig_str_clinch_1': '1 of 8', 'round_2_sig_str_clinch_2': '7 of 17', 'round_2_sig_str_ground_1': '0 of 4', 'round_2_sig_str_ground_2': '9 of 9'}","{'round_3_sig_str_head_1': '', 'round_3_sig_str_head_2': '', 'round_3_sig_str_body_1': '', 'round_3_sig_str_body_2': '', 'round_3_sig_str_leg_1': '5 of 16', 'round_3_sig_str_leg_2': '17 of 27', 'round_3_sig_str_dist_1': '31%', 'round_3_sig_str_dist_2': '62%', 'round_3_sig_str_clinch_1': '1 of 8', 'round_3_sig_str_clinch_2': '7 of 17', 'round_3_sig_str_ground_1': '0 of 4', 'round_3_sig_str_ground_2': '9 of 9'}","{'round_4_sig_str_head_1': '', 'round_4_sig_str_head_2': '', 'round_4_sig_str_body_1': '', 'round_4_sig_str_body_2': '', 'round_4_sig_str_leg_1': '5 of 16', 'round_4_sig_str_leg_2': '17 of 27', 'round_4_sig_str_dist_1': '31%', 'round_4_sig_str_dist_2': '62%', 'round_4_sig_str_clinch_1': '1 of 8', 'round_4_sig_str_clinch_2': '7 of 17', 'round_4_sig_str_ground_1': '0 of 4', 'round_4_sig_str_ground_2': '9 of 9'}","{'round_5_sig_str_head_1': '', 'round_5_sig_str_head_2': '', 'round_5_sig_str_body_1': '', 'round_5_sig_str_body_2': '', 'round_5_sig_str_leg_1': '5 of 16', 'round_5_sig_str_leg_2': '17 of 27', 'round_5_sig_str_dist_1': '31%', 'round_5_sig_str_dist_2': '62%', 'round_5_sig_str_clinch_1': '1 of 8', 'round_5_sig_str_clinch_2': '7 of 17', 'round_5_sig_str_ground_1': '0 of 4', 'round_5_sig_str_ground_2': '9 of 9'}",,,,,,,,,,,,,,,,,,
http://ufcstats.com/fight-details/5931cd9cf5da5f75,"October 05, 2024","Salt Lake City, Utah, USA",W,Roman Dolidze,,L,Kevin Holland,"""Trailblazer""",Middleweight Bout,KO/TKO,,,,,"to    
      Rib injury",,,,,0,0,19 of 33,18 of 28,57%,64%,57 of 101,36 of 46,1 of 1,0 of 0,100%,---,0,0,,,,,,,,,,,,,,,,,,,,,,,0,0,19 of 33,18 of 28,57%,64%,57 of 101,36 of 46,1 of 1,0 of 0,100%,---,0,0,,,,,,,,,,,,,,,,,,,,,,,,,,,,,,,,,,,,,,,,,,,,,,,,,,,,,,,,,,,,,,,,,,,,,,,,,,,,,,,,,,,,,,,,,,,,,,,,,,,,,,,,,,,,,,,,,,,,,,,,,,,,,,,0,0,19 of 33,18 of 28,57%,64%,57 of 101,36 of 46,1 of 1,0 of 0,100%,---,"{'round_1_sig_str_head_1': '', 'round_1_sig_str_head_2': '', 'round_1_sig_str_body_1': '', 'round_1_sig_str_body_2': '', 'round_1_sig_str_leg_1': '19 of 33', 'round_1_sig_str_leg_2': '18 of 28', 'round_1_sig_str_dist_1': '57%', 'round_1_sig_str_dist_2': '64%', 'round_1_sig_str_clinch_1': '16 of 30', 'round_1_sig_str_clinch_2': '5 of 13', 'round_1_sig_str_ground_1': '2 of 2', 'round_1_sig_str_ground_2': '3 of 4'}","{'round_2_sig_str_head_1': '', 'round_2_sig_str_head_2': '', 'round_2_sig_str_body_1': '', 'round_2_sig_str_body_2': '', 'round_2_sig_str_leg_1': '19 of 33', 'round_2_sig_str_leg_2': '18 of 28', 'round_2_sig_str_dist_1': '57%', 'round_2_sig_str_dist_2': '64%', 'round_2_sig_str_clinch_1': '16 of 30', 'round_2_sig_str_clinch_2': '5 of 13', 'round_2_sig_str_ground_1': '2 of 2', 'round_2_sig_str_ground_2': '3 of 4'}","{'round_3_sig_str_head_1': '', 'round_3_sig_str_head_2': '', 'round_3_sig_str_body_1': '', 'round_3_sig_str_body_2': '', 'round_3_sig_str_leg_1': '19 of 33', 'round_3_sig_str_leg_2': '18 of 28', 'round_3_sig_str_dist_1': '57%', 'round_3_sig_str_dist_2': '64%', 'round_3_sig_str_clinch_1': '16 of 30', 'round_3_sig_str_clinch_2': '5 of 13', 'round_3_sig_str_ground_1': '2 of 2', 'round_3_sig_str_ground_2': '3 of 4'}","{'round_4_sig_str_head_1': '', 'round_4_sig_str_head_2': '', 'round_4_sig_str_body_1': '', 'round_4_sig_str_body_2': '', 'round_4_sig_str_leg_1': '19 of 33', 'round_4_sig_str_leg_2': '18 of 28', 'round_4_sig_str_dist_1': '57%', 'round_4_sig_str_dist_2': '64%', 'round_4_sig_str_clinch_1': '16 of 30', 'round_4_sig_str_clinch_2': '5 of 13', 'round_4_sig_str_ground_1': '2 of 2', 'round_4_sig_str_ground_2': '3 of 4'}","{'round_5_sig_str_head_1': '', 'round_5_sig_str_head_2': '', 'round_5_sig_str_body_1': '', 'round_5_sig_str_body_2': '', 'round_5_sig_str_leg_1': '19 of 33', 'round_5_sig_str_leg_2': '18 of 28', 'round_5_sig_str_dist_1': '57%', 'round_5_sig_str_dist_2': '64%', 'round_5_sig_str_clinch_1': '16 of 30', 'round_5_sig_str_clinch_2': '5 of 13', 'round_5_sig_str_ground_1': '2 of 2', 'round_5_sig_str_ground_2': '3 of 4'}",,,,,,,,,,,,,,,,,,
http://ufcstats.com/fight-details/1d68bb733de24b06,"October 05, 2024","Salt Lake City, Utah, USA",L,Raquel Pennington,"""Rocky""",W,Julianna Pena,"""The Venezuelan Vixen""",,Decision - Split,,,,,Sal D'amato 47 - 48. Derek Cleary 48 - 47. Mike Bell 47 - 48.,,,,,1,0,92 of 317,92 of 260,29%,35%,112 of 345,123 of 308,0 of 0,2 of 3,---,66%,0,1,,,,,,,,,,,,,,,,,,,,,,,0,0,17 of 60,25 of 59,28%,42%,17 of 60,25 of 59,0 of 0,0 of 0,---,---,0,0,,,,,0,0,6 of 24,6 of 16,25%,37%,23 of 47,18 of 34,0 of 0,1 of 2,---,50%,0,0,,,,,0,0,8 of 34,18 of 33,23%,54%,11 of 39,35 of 53,0 of 0,1 of 1,---,100%,0,1,,,,,,,,,,,,,,,,,,,,,,,,,,,,,,,,,,,,,,,,,,,,,,,,,,,,,,,,,,,,,,,,,,,,,,,,,,,,,,,,,,,,,,,,,,,1,0,92 of 317,92 of 260,29%,35%,112 of 345,123 of 308,0 of 0,2 of 3,---,66%,"{'round_1_sig_str_head_1': '', 'round_1_sig_str_head_2': '', 'round_1_sig_str_body_1': '', 'round_1_sig_str_body_2': '', 'round_1_sig_str_leg_1': '17 of 60', 'round_1_sig_str_leg_2': '25 of 59', 'round_1_sig_str_dist_1': '28%', 'round_1_sig_str_dist_2': '42%', 'round_1_sig_str_clinch_1': '12 of 53', 'round_1_sig_str_clinch_2': '24 of 58', 'round_1_sig_str_ground_1': '3 of 4', 'round_1_sig_str_ground_2': '1 of 1'}","{'round_2_sig_str_head_1': '', 'round_2_sig_str_head_2': '', 'round_2_sig_str_body_1': '', 'round_2_sig_str_body_2': '', 'round_2_sig_str_leg_1': '17 of 60', 'round_2_sig_str_leg_2': '25 of 59', 'round_2_sig_str_dist_1': '28%', 'round_2_sig_str_dist_2': '42%', 'round_2_sig_str_clinch_1': '12 of 53', 'round_2_sig_str_clinch_2': '24 of 58', 'round_2_sig_str_ground_1': '3 of 4', 'round_2_sig_str_ground_2': '1 of 1'}","{'round_3_sig_str_head_1': '', 'round_3_sig_str_head_2': '', 'round_3_sig_str_body_1': '', 'round_3_sig_str_body_2': '', 'round_3_sig_str_leg_1': '17 of 60', 'round_3_sig_str_leg_2': '25 of 59', 'round_3_sig_str_dist_1': '28%', 'round_3_sig_str_dist_2': '42%', 'round_3_sig_str_clinch_1': '12 of 53', 'round_3_sig_str_clinch_2': '24 of 58', 'round_3_sig_str_ground_1': '3 of 4', 'round_3_sig_str_ground_2': '1 of 1'}","{'round_4_sig_str_head_1': '', 'round_4_sig_str_head_2': '', 'round_4_sig_str_body_1': '', 'round_4_sig_str_body_2': '', 'round_4_sig_str_leg_1': '17 of 60', 'round_4_sig_str_leg_2': '25 of 59', 'round_4_sig_str_dist_1': '28%', 'round_4_sig_str_dist_2': '42%', 'round_4_sig_str_clinch_1': '12 of 53', 'round_4_sig_str_clinch_2': '24 of 58', 'round_4_sig_str_ground_1': '3 of 4', 'round_4_sig_str_ground_2': '1 of 1'}","{'round_5_sig_str_head_1': '', 'round_5_sig_str_head_2': '', 'round_5_sig_str_body_1': '', 'round_5_sig_str_body_2': '', 'round_5_sig_str_leg_1': '17 of 60', 'round_5_sig_str_leg_2': '25 of 59', 'round_5_sig_str_dist_1': '28%', 'round_5_sig_str_dist_2': '42%', 'round_5_sig_str_clinch_1': '12 of 53', 'round_5_sig_str_clinch_2': '24 of 58', 'round_5_sig_str_ground_1': '3 of 4', 'round_5_sig_str_ground_2': '1 of 1'}",,,,,1,0,26 of 84,16 of 67,30%,23%,26 of 84,18 of 76,0 of 0,0 of 0,---,---,0,0
http://ufcstats.com/fight-details/3d7d82fff71e395a,"October 05, 2024","Salt Lake City, Utah, USA",L,Jose Aldo,,W,Mario Bautista,,Bantamweight Bout,Decision - Split,,,,,Chris Lee 29 - 28. Derek Cleary 28 - 29. Mike Bell 28 - 29.,,,,,0,0,51 of 117,49 of 142,43%,34%,65 of 139,90 of 196,0 of 0,0 of 10,---,0%,0,0,,,,,,,,,,,,,,,,,,,,,,,0,0,13 of 26,20 of 53,50%,37%,20 of 38,40 of 81,0 of 0,0 of 2,---,0%,0,0,,,,,0,0,21 of 43,19 of 53,48%,35%,25 of 50,31 of 65,0 of 0,0 of 4,---,0%,0,0,,,,,0,0,17 of 48,10 of 36,35%,27%,20 of 51,19 of 50,0 of 0,0 of 4,---,0%,0,0,,,,,,,,,,,,,,,,,,,,,,,,,,,,,,,,,,,,,,,,,,,,,,,,,,,,,,,,,,,,,,,,,,,,,,,,,,,,,,,,,,,,,,,,,,,0,0,51 of 117,49 of 142,43%,34%,65 of 139,90 of 196,0 of 0,0 of 10,---,0%,"{'round_1_sig_str_head_1': '', 'round_1_sig_str_head_2': '', 'round_1_sig_str_body_1': '', 'round_1_sig_str_body_2': '', 'round_1_sig_str_leg_1': '13 of 26', 'round_1_sig_str_leg_2': '20 of 53', 'round_1_sig_str_dist_1': '50%', 'round_1_sig_str_dist_2': '37%', 'round_1_sig_str_clinch_1': '8 of 21', 'round_1_sig_str_clinch_2': '8 of 39', 'round_1_sig_str_ground_1': '1 of 1', 'round_1_sig_str_ground_2': '5 of 6'}","{'round_2_sig_str_head_1': '', 'round_2_sig_str_head_2': '', 'round_2_sig_str_body_1': '', 'round_2_sig_str_body_2': '', 'round_2_sig_str_leg_1': '13 of 26', 'round_2_sig_str_leg_2': '20 of 53', 'round_2_sig_str_dist_1': '50%', 'round_2_sig_str_dist_2': '37%', 'round_2_sig_str_clinch_1': '8 of 21', 'round_2_sig_str_clinch_2': '8 of 39', 'round_2_sig_str_ground_1': '1 of 1', 'round_2_sig_str_ground_2': '5 of 6'}","{'round_3_sig_str_head_1': '', 'round_3_sig_str_head_2': '', 'round_3_sig_str_body_1': '', 'round_3_sig_str_body_2': '', 'round_3_sig_str_leg_1': '13 of 26', 'round_3_sig_str_leg_2': '20 of 53', 'round_3_sig_str_dist_1': '50%', 'round_3_sig_str_dist_2': '37%', 'round_3_sig_str_clinch_1': '8 of 21', 'round_3_sig_str_clinch_2': '8 of 39', 'round_3_sig_str_ground_1': '1 of 1', 'round_3_sig_str_ground_2': '5 of 6'}","{'round_4_sig_str_head_1': '', 'round_4_sig_str_head_2': '', 'round_4_sig_str_body_1': '', 'round_4_sig_str_body_2': '', 'round_4_sig_str_leg_1': '13 of 26', 'round_4_sig_str_leg_2': '20 of 53', 'round_4_sig_str_dist_1': '50%', 'round_4_sig_str_dist_2': '37%', 'round_4_sig_str_clinch_1': '8 of 21', 'round_4_sig_str_clinch_2': '8 of 39', 'round_4_sig_str_ground_1': '1 of 1', 'round_4_sig_str_ground_2': '5 of 6'}","{'round_5_sig_str_head_1': '', 'round_5_sig_str_head_2': '', 'round_5_sig_str_body_1': '', 'round_5_sig_str_body_2': '', 'round_5_sig_str_leg_1': '13 of 26', 'round_5_sig_str_leg_2': '20 of 53', 'round_5_sig_str_dist_1': '50%', 'round_5_sig_str_dist_2': '37%', 'round_5_sig_str_clinch_1': '8 of 21', 'round_5_sig_str_clinch_2': '8 of 39', 'round_5_sig_str_ground_1': '1 of 1', 'round_5_sig_str_ground_2': '5 of 6'}",,,,,,,,,,,,,,,,,,
http://ufcstats.com/fight-details/8c5e06c71f392f33,"October 05, 2024","Salt Lake City, Utah, USA",W,Alex Pereira,"""Poatan""",L,Khalil Rountree Jr.,,,KO/TKO,,,,,Punch to Head At Distance,,,,,1,0,127 of 209,61 of 191,60%,31%,129 of 211,62 of 193,0 of 0,0 of 0,---,---,0,0,,,,,,,,,,,,,,,,,,,,,,,0,0,15 of 27,10 of 42,55%,23%,15 of 27,10 of 42,0 of 0,0 of 0,---,---,0,0,,,,,0,0,18 of 41,11 of 42,43%,26%,18 of 41,11 of 42,0 of 0,0 of 0,---,---,0,0,,,,,0,0,31 of 49,25 of 54,63%,46%,31 of 49,25 of 54,0 of 0,0 of 0,---,---,0,0,,,,,,,,,,,,,,,,,,,,,,,,,,,,,,,,,,,,,,,,,,,,,,,,,,,,,,,,,,,,,,,,,,,,,,,,,,,,,,,,,,,,,,,,,,,1,0,127 of 209,61 of 191,60%,31%,129 of 211,62 of 193,0 of 0,0 of 0,---,---,"{'round_1_sig_str_head_1': '', 'round_1_sig_str_head_2': '', 'round_1_sig_str_body_1': '', 'round_1_sig_str_body_2': '', 'round_1_sig_str_leg_1': '15 of 27', 'round_1_sig_str_leg_2': '10 of 42', 'round_1_sig_str_dist_1': '55%', 'round_1_sig_str_dist_2': '23%', 'round_1_sig_str_clinch_1': '7 of 17', 'round_1_sig_str_clinch_2': '8 of 39', 'round_1_sig_str_ground_1': '3 of 4', 'round_1_sig_str_ground_2': '1 of 1'}","{'round_2_sig_str_head_1': '', 'round_2_sig_str_head_2': '', 'round_2_sig_str_body_1': '', 'round_2_sig_str_body_2': '', 'round_2_sig_str_leg_1': '15 of 27', 'round_2_sig_str_leg_2': '10 of 42', 'round_2_sig_str_dist_1': '55%', 'round_2_sig_str_dist_2': '23%', 'round_2_sig_str_clinch_1': '7 of 17', 'round_2_sig_str_clinch_2': '8 of 39', 'round_2_sig_str_ground_1': '3 of 4', 'round_2_sig_str_ground_2': '1 of 1'}","{'round_3_sig_str_head_1': '', 'round_3_sig_str_head_2': '', 'round_3_sig_str_body_1': '', 'round_3_sig_str_body_2': '', 'round_3_sig_str_leg_1': '15 of 27', 'round_3_sig_str_leg_2': '10 of 42', 'round_3_sig_str_dist_1': '55%', 'round_3_sig_str_dist_2': '23%', 'round_3_sig_str_clinch_1': '7 of 17', 'round_3_sig_str_clinch_2': '8 of 39', 'round_3_sig_str_ground_1': '3 of 4', 'round_3_sig_str_ground_2': '1 of 1'}","{'round_4_sig_str_head_1': '', 'round_4_sig_str_head_2': '', 'round_4_sig_str_body_1': '', 'round_4_sig_str_body_2': '', 'round_4_sig_str_leg_1': '15 of 27', 'round_4_sig_str_leg_2': '10 of 42', 'round_4_sig_str_dist_1': '55%', 'round_4_sig_str_dist_2': '23%', 'round_4_sig_str_clinch_1': '7 of 17', 'round_4_sig_str_clinch_2': '8 of 39', 'round_4_sig_str_ground_1': '3 of 4', 'round_4_sig_str_ground_2': '1 of 1'}","{'round_5_sig_str_head_1': '', 'round_5_sig_str_head_2': '', 'round_5_sig_str_body_1': '', 'round_5_sig_str_body_2': '', 'round_5_sig_str_leg_1': '15 of 27', 'round_5_sig_str_leg_2': '10 of 42', 'round_5_sig_str_dist_1': '55%', 'round_5_sig_str_dist_2': '23%', 'round_5_sig_str_clinch_1': '7 of 17', 'round_5_sig_str_clinch_2': '8 of 39', 'round_5_sig_str_ground_1': '3 of 4', 'round_5_sig_str_ground_2': '1 of 1'}",,,,,1,0,63 of 92,15 of 53,68%,28%,65 of 94,16 of 55,0 of 0,0 of 0,---,---,0,0
http://ufcstats.com/fight-details/e61cb905f6152183,"March 08, 2025","Las Vegas, Nevada, USA",W,Brunno Ferreira,"""The Hulk""",L,Armen Petrosyan,"""Superman""",Middleweight Bout,Submission,,,,,Armbar From Bottom Guard,,,,,0,0,27 of 56,46 of 83,48%,55%,31 of 63,47 of 84,2 of 7,0 of 0,28%,---,1,0,,,,,,,,,,,,,,,,,,,,,,,0,0,13 of 25,22 of 39,52%,56%,14 of 26,23 of 40,0 of 4,0 of 0,0%,---,0,0,,,,,0,0,14 of 31,24 of 44,45%,54%,17 of 37,24 of 44,2 of 3,0 of 0,66%,---,1,0,,,,,,,,,,,,,,,,,,,,,,,,,,,,,,,,,,,,,,,,,,,,,,,,,,,,,,,,,,,,,,,,,,,,,,,,,,,,,,,,,,,,,,,,,,,,,,,,,,,,,,,,,,,,,0,0,27 of 56,46 of 83,48%,55%,31 of 63,47 of 84,2 of 7,0 of 0,28%,---,"{'round_1_sig_str_head_1': '', 'round_1_sig_str_head_2': '', 'round_1_sig_str_body_1': '', 'round_1_sig_str_body_2': '', 'round_1_sig_str_leg_1': '13 of 25', 'round_1_sig_str_leg_2': '22 of 39', 'round_1_sig_str_dist_1': '52%', 'round_1_sig_str_dist_2': '56%', 'round_1_sig_str_clinch_1': '6 of 15', 'round_1_sig_str_clinch_2': '6 of 22', 'round_1_sig_str_ground_1': '4 of 5', 'round_1_sig_str_ground_2': '4 of 4'}","{'round_2_sig_str_head_1': '', 'round_2_sig_str_head_2': '', 'round_2_sig_str_body_1': '', 'round_2_sig_str_body_2': '', 'round_2_sig_str_leg_1': '13 of 25', 'round_2_sig_str_leg_2': '22 of 39', 'round_2_sig_str_dist_1': '52%', 'round_2_sig_str_dist_2': '56%', 'round_2_sig_str_clinch_1': '6 of 15', 'round_2_sig_str_clinch_2': '6 of 22', 'round_2_sig_str_ground_1': '4 of 5', 'round_2_sig_str_ground_2': '4 of 4'}","{'round_3_sig_str_head_1': '', 'round_3_sig_str_head_2': '', 'round_3_sig_str_body_1': '', 'round_3_sig_str_body_2': '', 'round_3_sig_str_leg_1': '13 of 25', 'round_3_sig_str_leg_2': '22 of 39', 'round_3_sig_str_dist_1': '52%', 'round_3_sig_str_dist_2': '56%', 'round_3_sig_str_clinch_1': '6 of 15', 'round_3_sig_str_clinch_2': '6 of 22', 'round_3_sig_str_ground_1': '4 of 5', 'round_3_sig_str_ground_2': '4 of 4'}","{'round_4_sig_str_head_1': '', 'round_4_sig_str_head_2': '', 'round_4_sig_str_body_1': '', 'round_4_sig_str_body_2': '', 'round_4_sig_str_leg_1': '13 of 25', 'round_4_sig_str_leg_2': '22 of 39', 'round_4_sig_str_dist_1': '52%', 'round_4_sig_str_dist_2': '56%', 'round_4_sig_str_clinch_1': '6 of 15', 'round_4_sig_str_clinch_2': '6 of 22', 'round_4_sig_str_ground_1': '4 of 5', 'round_4_sig_str_ground_2': '4 of 4'}","{'round_5_sig_str_head_1': '', 'round_5_sig_str_head_2': '', 'round_5_sig_str_body_1': '', 'round_5_sig_str_body_2': '', 'round_5_sig_str_leg_1': '13 of 25', 'round_5_sig_str_leg_2': '22 of 39', 'round_5_sig_str_dist_1': '52%', 'round_5_sig_str_dist_2': '56%', 'round_5_sig_str_clinch_1': '6 of 15', 'round_5_sig_str_clinch_2': '6 of 22', 'round_5_sig_str_ground_1': '4 of 5', 'round_5_sig_str_ground_2': '4 of 4'}",,,,,,,,,,,,,,,,,,
http://ufcstats.com/fight-details/cab4937435d081d0,"March 08, 2025","Las Vegas, Nevada, USA",L,Alex Morono,"""The Great White""",W,Carlos Leal,"""The Lion""",Welterweight Bout,KO/TKO,,,,,Punches to Head In Clinch,,,,,0,0,40 of 95,79 of 120,42%,65%,41 of 96,81 of 123,0 of 1,0 of 0,0%,---,0,0,,,,,,,,,,,,,,,,,,,,,,,0,0,40 of 95,79 of 120,42%,65%,41 of 96,81 of 123,0 of 1,0 of 0,0%,---,0,0,,,,,,,,,,,,,,,,,,,,,,,,,,,,,,,,,,,,,,,,,,,,,,,,,,,,,,,,,,,,,,,,,,,,,,,,,,,,,,,,,,,,,,,,,,,,,,,,,,,,,,,,,,,,,,,,,,,,,,,,,,,,,,,0,0,40 of 95,79 of 120,42%,65%,41 of 96,81 of 123,0 of 1,0 of 0,0%,---,"{'round_1_sig_str_head_1': '', 'round_1_sig_str_head_2': '', 'round_1_sig_str_body_1': '', 'round_1_sig_str_body_2': '', 'round_1_sig_str_leg_1': '40 of 95', 'round_1_sig_str_leg_2': '79 of 120', 'round_1_sig_str_dist_1': '42%', 'round_1_sig_str_dist_2': '65%', 'round_1_sig_str_clinch_1': '32 of 82', 'round_1_sig_str_clinch_2': '49 of 89', 'round_1_sig_str_ground_1': '4 of 9', 'round_1_sig_str_ground_2': '28 of 29'}","{'round_2_sig_str_head_1': '', 'round_2_sig_str_head_2': '', 'round_2_sig_str_body_1': '', 'round_2_sig_str_body_2': '', 'round_2_sig_str_leg_1': '40 of 95', 'round_2_sig_str_leg_2': '79 of 120', 'round_2_sig_str_dist_1': '42%', 'round_2_sig_str_dist_2': '65%', 'round_2_sig_str_clinch_1': '32 of 82', 'round_2_sig_str_clinch_2': '49 of 89', 'round_2_sig_str_ground_1': '4 of 9', 'round_2_sig_str_ground_2': '28 of 29'}","{'round_3_sig_str_head_1': '', 'round_3_sig_str_head_2': '', 'round_3_sig_str_body_1': '', 'round_3_sig_str_body_2': '', 'round_3_sig_str_leg_1': '40 of 95', 'round_3_sig_str_leg_2': '79 of 120', 'round_3_sig_str_dist_1': '42%', 'round_3_sig_str_dist_2': '65%', 'round_3_sig_str_clinch_1': '32 of 82', 'round_3_sig_str_clinch_2': '49 of 89', 'round_3_sig_str_ground_1': '4 of 9', 'round_3_sig_str_ground_2': '28 of 29'}","{'round_4_sig_str_head_1': '', 'round_4_sig_str_head_2': '', 'round_4_sig_str_body_1': '', 'round_4_sig_str_body_2': '', 'round_4_sig_str_leg_1': '40 of 95', 'round_4_sig_str_leg_2': '79 of 120', 'round_4_sig_str_dist_1': '42%', 'round_4_sig_str_dist_2': '65%', 'round_4_sig_str_clinch_1': '32 of 82', 'round_4_sig_str_clinch_2': '49 of 89', 'round_4_sig_str_ground_1': '4 of 9', 'round_4_sig_str_ground_2': '28 of 29'}","{'round_5_sig_str_head_1': '', 'round_5_sig_str_head_2': '', 'round_5_sig_str_body_1': '', 'round_5_sig_str_body_2': '', 'round_5_sig_str_leg_1': '40 of 95', 'round_5_sig_str_leg_2': '79 of 120', 'round_5_sig_str_dist_1': '42%', 'round_5_sig_str_dist_2': '65%', 'round_5_sig_str_clinch_1': '32 of 82', 'round_5_sig_str_clinch_2': '49 of 89', 'round_5_sig_str_ground_1': '4 of 9', 'round_5_sig_str_ground_2': '28 of 29'}",,,,,,,,,,,,,,,,,,
http://ufcstats.com/fight-details/af3e43049bc86fe9,"March 08, 2025","Las Vegas, Nevada, USA",W,Joshua Van,"""The Fearless""",L,Rei Tsuruya,,Flyweight Bout,Decision - Unanimous,,,,,Mike Bell 27 - 30. Ben Cartlidge 27 - 30. Derek Cleary 27 - 30.,,,,,0,0,59 of 97,32 of 84,60%,38%,127 of 169,47 of 104,0 of 0,4 of 21,---,19%,0,0,,,,,,,,,,,,,,,,,,,,,,,0,0,17 of 29,6 of 14,58%,42%,37 of 51,13 of 24,0 of 0,2 of 6,---,33%,0,0,,,,,0,0,18 of 28,11 of 33,64%,33%,31 of 41,19 of 43,0 of 0,1 of 9,---,11%,0,0,,,,,0,0,24 of 40,15 of 37,60%,40%,59 of 77,15 of 37,0 of 0,1 of 6,---,16%,0,0,,,,,,,,,,,,,,,,,,,,,,,,,,,,,,,,,,,,,,,,,,,,,,,,,,,,,,,,,,,,,,,,,,,,,,,,,,,,,,,,,,,,,,,,,,,0,0,59 of 97,32 of 84,60%,38%,127 of 169,47 of 104,0 of 0,4 of 21,---,19%,"{'round_1_sig_str_head_1': '', 'round_1_sig_str_head_2': '', 'round_1_sig_str_body_1': '', 'round_1_sig_str_body_2': '', 'round_1_sig_str_leg_1': '17 of 29', 'round_1_sig_str_leg_2': '6 of 14', 'round_1_sig_str_dist_1': '58%', 'round_1_sig_str_dist_2': '42%', 'round_1_sig_str_clinch_1': '10 of 22', 'round_1_sig_str_clinch_2': '6 of 13', 'round_1_sig_str_ground_1': '6 of 6', 'round_1_sig_str_ground_2': '0 of 1'}","{'round_2_sig_str_head_1': '', 'round_2_sig_str_head_2': '', 'round_2_sig_str_body_1': '', 'round_2_sig_str_body_2': '', 'round_2_sig_str_leg_1': '17 of 29', 'round_2_sig_str_leg_2': '6 of 14', 'round_2_sig_str_dist_1': '58%', 'round_2_sig_str_dist_2': '42%', 'round_2_sig_str_clinch_1': '10 of 22', 'round_2_sig_str_clinch_2': '6 of 13', 'round_2_sig_str_ground_1': '6 of 6', 'round_2_sig_str_ground_2': '0 of 1'}","{'round_3_sig_str_head_1': '', 'round_3_sig_str_head_2': '', 'round_3_sig_str_body_1': '', 'round_3_sig_str_body_2': '', 'round_3_sig_str_leg_1': '17 of 29', 'round_3_sig_str_leg_2': '6 of 14', 'round_3_sig_str_dist_1': '58%', 'round_3_sig_str_dist_2': '42%', 'round_3_sig_str_clinch_1': '10 of 22', 'round_3_sig_str_clinch_2': '6 of 13', 'round_3_sig_str_ground_1': '6 of 6', 'round_3_sig_str_ground_2': '0 of 1'}","{'round_4_sig_str_head_1': '', 'round_4_sig_str_head_2': '', 'round_4_sig_str_body_1': '', 'round_4_sig_str_body_2': '', 'round_4_sig_str_leg_1': '17 of 29', 'round_4_sig_str_leg_2': '6 of 14', 'round_4_sig_str_dist_1': '58%', 'round_4_sig_str_dist_2': '42%', 'round_4_sig_str_clinch_1': '10 of 22', 'round_4_sig_str_clinch_2': '6 of 13', 'round_4_sig_str_ground_1': '6 of 6', 'round_4_sig_str_ground_2': '0 of 1'}","{'round_5_sig_str_head_1': '', 'round_5_sig_str_head_2': '', 'round_5_sig_str_body_1': '', 'round_5_sig_str_body_2': '', 'round_5_sig_str_leg_1': '17 of 29', 'round_5_sig_str_leg_2': '6 of 14', 'round_5_sig_str_dist_1': '58%', 'round_5_sig_str_dist_2': '42%', 'round_5_sig_str_clinch_1': '10 of 22', 'round_5_sig_str_clinch_2': '6 of 13', 'round_5_sig_str_ground_1': '6 of 6', 'round_5_sig_str_ground_2': '0 of 1'}",,,,,,,,,,,,,,,,,,
http://ufcstats.com/fight-details/96c2f85b46e98e91,"March 08, 2025","Las Vegas, Nevada, USA",L,Djorden Santos,"""Shakur""",W,Ozzy Diaz,,Middleweight Bout,Decision - Unanimous,,,,,Eric Colon 28 - 29. Chris Lee 28 - 29. Tony Weeks 28 - 29.,,,,,0,0,131 of 345,135 of 261,37%,51%,134 of 348,136 of 262,1 of 3,0 of 0,33%,---,0,0,,,,,,,,,,,,,,,,,,,,,,,0,0,25 of 70,20 of 36,35%,55%,25 of 70,20 of 36,0 of 0,0 of 0,---,---,0,0,,,,,0,0,49 of 135,51 of 97,36%,52%,49 of 135,51 of 97,0 of 2,0 of 0,0%,---,0,0,,,,,0,0,57 of 140,64 of 128,40%,50%,60 of 143,65 of 129,1 of 1,0 of 0,100%,---,0,0,,,,,,,,,,,,,,,,,,,,,,,,,,,,,,,,,,,,,,,,,,,,,,,,,,,,,,,,,,,,,,,,,,,,,,,,,,,,,,,,,,,,,,,,,,,0,0,131 of 345,135 of 261,37%,51%,134 of 348,136 of 262,1 of 3,0 of 0,33%,---,"{'round_1_sig_str_head_1': '', 'round_1_sig_str_head_2': '', 'round_1_sig_str_body_1': '', 'round_1_sig_str_body_2': '', 'round_1_sig_str_leg_1': '25 of 70', 'round_1_sig_str_leg_2': '20 of 36', 'round_1_sig_str_dist_1': '35%', 'round_1_sig_str_dist_2': '55%', 'round_1_sig_str_clinch_1': '17 of 61', 'round_1_sig_str_clinch_2': '16 of 30', 'round_1_sig_str_ground_1': '3 of 4', 'round_1_sig_str_ground_2': '0 of 1'}","{'round_2_sig_str_head_1': '', 'round_2_sig_str_head_2': '', 'round_2_sig_str_body_1': '', 'round_2_sig_str_body_2': '', 'round_2_sig_str_leg_1': '25 of 70', 'round_2_sig_str_leg_2': '20 of 36', 'round_2_sig_str_dist_1': '35%', 'round_2_sig_str_dist_2': '55%', 'round_2_sig_str_clinch_1': '17 of 61', 'round_2_sig_str_clinch_2': '16 of 30', 'round_2_sig_str_ground_1': '3 of 4', 'round_2_sig_str_ground_2': '0 of 1'}","{'round_3_sig_str_head_1': '', 'round_3_sig_str_head_2': '', 'round_3_sig_str_body_1': '', 'round_3_sig_str_body_2': '', 'round_3_sig_str_leg_1': '25 of 70', 'round_3_sig_str_leg_2': '20 of 36', 'round_3_sig_str_dist_1': '35%', 'round_3_sig_str_dist_2': '55%', 'round_3_sig_str_clinch_1': '17 of 61', 'round_3_sig_str_clinch_2': '16 of 30', 'round_3_sig_str_ground_1': '3 of 4', 'round_3_sig_str_ground_2': '0 of 1'}","{'round_4_sig_str_head_1': '', 'round_4_sig_str_head_2': '', 'round_4_sig_str_body_1': '', 'round_4_sig_str_body_2': '', 'round_4_sig_str_leg_1': '25 of 70', 'round_4_sig_str_leg_2': '20 of 36', 'round_4_sig_str_dist_1': '35%', 'round_4_sig_str_dist_2': '55%', 'round_4_sig_str_clinch_1': '17 of 61', 'round_4_sig_str_clinch_2': '16 of 30', 'round_4_sig_str_ground_1': '3 of 4', 'round_4_sig_str_ground_2': '0 of 1'}","{'round_5_sig_str_head_1': '', 'round_5_sig_str_head_2': '', 'round_5_sig_str_body_1': '', 'round_5_sig_str_body_2': '', 'round_5_sig_str_leg_1': '25 of 70', 'round_5_sig_str_leg_2': '20 of 36', 'round_5_sig_str_dist_1': '35%', 'round_5_sig_str_dist_2': '55%', 'round_5_sig_str_clinch_1': '17 of 61', 'round_5_sig_str_clinch_2': '16 of 30', 'round_5_sig_str_ground_1': '3 of 4', 'round_5_sig_str_ground_2': '0 of 1'}",,,,,,,,,,,,,,,,,,
http://ufcstats.com/fight-details/a3cd6a65aaa9f104,"March 08, 2025","Las Vegas, Nevada, USA",L,Jalin Turner,"""The Tarantula""",W,Ignacio Bahamondes,"""La Jaula""",,Submission,,,,,Triangle Choke From Bottom Guard,,,,,0,0,7 of 20,10 of 16,35%,62%,11 of 25,17 of 23,0 of 0,0 of 1,---,0%,0,1,,,,,,,,,,,,,,,,,,,,,,,0,0,7 of 20,10 of 16,35%,62%,11 of 25,17 of 23,0 of 0,0 of 1,---,0%,0,1,,,,,,,,,,,,,,,,,,,,,,,,,,,,,,,,,,,,,,,,,,,,,,,,,,,,,,,,,,,,,,,,,,,,,,,,,,,,,,,,,,,,,,,,,,,,,,,,,,,,,,,,,,,,,,,,,,,,,,,,,,,,,,,0,0,7 of 20,10 of 16,35%,62%,11 of 25,17 of 23,0 of 0,0 of 1,---,0%,"{'round_1_sig_str_head_1': '', 'round_1_sig_str_head_2': '', 'round_1_sig_str_body_1': '', 'round_1_sig_str_body_2': '', 'round_1_sig_str_leg_1': '7 of 20', 'round_1_sig_str_leg_2': '10 of 16', 'round_1_sig_str_dist_1': '35%', 'round_1_sig_str_dist_2': '62%', 'round_1_sig_str_clinch_1': '4 of 16', 'round_1_sig_str_clinch_2': '7 of 13', 'round_1_sig_str_ground_1': '2 of 3', 'round_1_sig_str_ground_2': '0 of 0'}","{'round_2_sig_str_head_1': '', 'round_2_sig_str_head_2': '', 'round_2_sig_str_body_1': '', 'round_2_sig_str_body_2': '', 'round_2_sig_str_leg_1': '7 of 20', 'round_2_sig_str_leg_2': '10 of 16', 'round_2_sig_str_dist_1': '35%', 'round_2_sig_str_dist_2': '62%', 'round_2_sig_str_clinch_1': '4 of 16', 'round_2_sig_str_clinch_2': '7 of 13', 'round_2_sig_str_ground_1': '2 of 3', 'round_2_sig_str_ground_2': '0 of 0'}","{'round_3_sig_str_head_1': '', 'round_3_sig_str_head_2': '', 'round_3_sig_str_body_1': '', 'round_3_sig_str_body_2': '', 'round_3_sig_str_leg_1': '7 of 20', 'round_3_sig_str_leg_2': '10 of 16', 'round_3_sig_str_dist_1': '35%', 'round_3_sig_str_dist_2': '62%', 'round_3_sig_str_clinch_1': '4 of 16', 'round_3_sig_str_clinch_2': '7 of 13', 'round_3_sig_str_ground_1': '2 of 3', 'round_3_sig_str_ground_2': '0 of 0'}","{'round_4_sig_str_head_1': '', 'round_4_sig_str_head_2': '', 'round_4_sig_str_body_1': '', 'round_4_sig_str_body_2': '', 'round_4_sig_str_leg_1': '7 of 20', 'round_4_sig_str_leg_2': '10 of 16', 'round_4_sig_str_dist_1': '35%', 'round_4_sig_str_dist_2': '62%', 'round_4_sig_str_clinch_1': '4 of 16', 'round_4_sig_str_clinch_2': '7 of 13', 'round_4_sig_str_ground_1': '2 of 3', 'round_4_sig_str_ground_2': '0 of 0'}","{'round_5_sig_str_head_1': '', 'round_5_sig_str_head_2': '', 'round_5_sig_str_body_1': '', 'round_5_sig_str_body_2': '', 'round_5_sig_str_leg_1': '7 of 20', 'round_5_sig_str_leg_2': '10 of 16', 'round_5_sig_str_dist_1': '35%', 'round_5_sig_str_dist_2': '62%', 'round_5_sig_str_clinch_1': '4 of 16', 'round_5_sig_str_clinch_2': '7 of 13', 'round_5_sig_str_ground_1': '2 of 3', 'round_5_sig_str_ground_2': '0 of 0'}",,,,,,,,,,,,,,,,,,
http://ufcstats.com/fight-details/231968c02cdfe65e,"March 08, 2025","Las Vegas, Nevada, USA",L,King Green,,W,Mauricio Ruffy,,,KO/TKO,,,,,"Kick to Head At Distance
      Wheel kick",,,,,0,1,4 of 15,4 of 9,26%,44%,4 of 15,4 of 9,0 of 0,0 of 0,---,---,0,0,,,,,,,,,,,,,,,,,,,,,,,0,1,4 of 15,4 of 9,26%,44%,4 of 15,4 of 9,0 of 0,0 of 0,---,---,0,0,,,,,,,,,,,,,,,,,,,,,,,,,,,,,,,,,,,,,,,,,,,,,,,,,,,,,,,,,,,,,,,,,,,,,,,,,,,,,,,,,,,,,,,,,,,,,,,,,,,,,,,,,,,,,,,,,,,,,,,,,,,,,,,0,1,4 of 15,4 of 9,26%,44%,4 of 15,4 of 9,0 of 0,0 of 0,---,---,"{'round_1_sig_str_head_1': '', 'round_1_sig_str_head_2': '', 'round_1_sig_str_body_1': '', 'round_1_sig_str_body_2': '', 'round_1_sig_str_leg_1': '4 of 15', 'round_1_sig_str_leg_2': '4 of 9', 'round_1_sig_str_dist_1': '26%', 'round_1_sig_str_dist_2': '44%', 'round_1_sig_str_clinch_1': '1 of 7', 'round_1_sig_str_clinch_2': '4 of 7', 'round_1_sig_str_ground_1': '1 of 3', 'round_1_sig_str_ground_2': '0 of 0'}","{'round_2_sig_str_head_1': '', 'round_2_sig_str_head_2': '', 'round_2_sig_str_body_1': '', 'round_2_sig_str_body_2': '', 'round_2_sig_str_leg_1': '4 of 15', 'round_2_sig_str_leg_2': '4 of 9', 'round_2_sig_str_dist_1': '26%', 'round_2_sig_str_dist_2': '44%', 'round_2_sig_str_clinch_1': '1 of 7', 'round_2_sig_str_clinch_2': '4 of 7', 'round_2_sig_str_ground_1': '1 of 3', 'round_2_sig_str_ground_2': '0 of 0'}","{'round_3_sig_str_head_1': '', 'round_3_sig_str_head_2': '', 'round_3_sig_str_body_1': '', 'round_3_sig_str_body_2': '', 'round_3_sig_str_leg_1': '4 of 15', 'round_3_sig_str_leg_2': '4 of 9', 'round_3_sig_str_dist_1': '26%', 'round_3_sig_str_dist_2': '44%', 'round_3_sig_str_clinch_1': '1 of 7', 'round_3_sig_str_clinch_2': '4 of 7', 'round_3_sig_str_ground_1': '1 of 3', 'round_3_sig_str_ground_2': '0 of 0'}","{'round_4_sig_str_head_1': '', 'round_4_sig_str_head_2': '', 'round_4_sig_str_body_1': '', 'round_4_sig_str_body_2': '', 'round_4_sig_str_leg_1': '4 of 15', 'round_4_sig_str_leg_2': '4 of 9', 'round_4_sig_str_dist_1': '26%', 'round_4_sig_str_dist_2': '44%', 'round_4_sig_str_clinch_1': '1 of 7', 'round_4_sig_str_clinch_2': '4 of 7', 'round_4_sig_str_ground_1': '1 of 3', 'round_4_sig_str_ground_2': '0 of 0'}","{'round_5_sig_str_head_1': '', 'round_5_sig_str_head_2': '', 'round_5_sig_str_body_1': '', 'round_5_sig_str_body_2': '', 'round_5_sig_str_leg_1': '4 of 15', 'round_5_sig_str_leg_2': '4 of 9', 'round_5_sig_str_dist_1': '26%', 'round_5_sig_str_dist_2': '44%', 'round_5_sig_str_clinch_1': '1 of 7', 'round_5_sig_str_clinch_2': '4 of 7', 'round_5_sig_str_ground_1': '1 of 3', 'round_5_sig_str_ground_2': '0 of 0'}",,,,,,,,,,,,,,,,,,
http://ufcstats.com/fight-details/19fe7177254802d1,"March 08, 2025","Las Vegas, Nevada, USA",W,Mairon Santos,"""The Legend""",L,Francis Marshall,"""Fire""",Featherweight Bout,Decision - Split,,,,,Derek Cleary 30 - 27. Chris Lee 28 - 29. David Lethaby 28 - 29.,,,,,0,0,58 of 129,39 of 143,44%,27%,78 of 154,64 of 179,0 of 1,3 of 5,0%,60%,0,0,,,,,,,,,,,,,,,,,,,,,,,0,0,18 of 42,16 of 45,42%,35%,18 of 42,36 of 76,0 of 1,0 of 2,0%,0%,0,0,,,,,0,0,19 of 36,8 of 40,52%,20%,19 of 36,8 of 40,0 of 0,2 of 2,---,100%,0,0,,,,,0,0,21 of 51,15 of 58,41%,25%,41 of 76,20 of 63,0 of 0,1 of 1,---,100%,0,0,,,,,,,,,,,,,,,,,,,,,,,,,,,,,,,,,,,,,,,,,,,,,,,,,,,,,,,,,,,,,,,,,,,,,,,,,,,,,,,,,,,,,,,,,,,0,0,58 of 129,39 of 143,44%,27%,78 of 154,64 of 179,0 of 1,3 of 5,0%,60%,"{'round_1_sig_str_head_1': '', 'round_1_sig_str_head_2': '', 'round_1_sig_str_body_1': '', 'round_1_sig_str_body_2': '', 'round_1_sig_str_leg_1': '18 of 42', 'round_1_sig_str_leg_2': '16 of 45', 'round_1_sig_str_dist_1': '42%', 'round_1_sig_str_dist_2': '35%', 'round_1_sig_str_clinch_1': '5 of 21', 'round_1_sig_str_clinch_2': '10 of 39', 'round_1_sig_str_ground_1': '4 of 10', 'round_1_sig_str_ground_2': '1 of 1'}","{'round_2_sig_str_head_1': '', 'round_2_sig_str_head_2': '', 'round_2_sig_str_body_1': '', 'round_2_sig_str_body_2': '', 'round_2_sig_str_leg_1': '18 of 42', 'round_2_sig_str_leg_2': '16 of 45', 'round_2_sig_str_dist_1': '42%', 'round_2_sig_str_dist_2': '35%', 'round_2_sig_str_clinch_1': '5 of 21', 'round_2_sig_str_clinch_2': '10 of 39', 'round_2_sig_str_ground_1': '4 of 10', 'round_2_sig_str_ground_2': '1 of 1'}","{'round_3_sig_str_head_1': '', 'round_3_sig_str_head_2': '', 'round_3_sig_str_body_1': '', 'round_3_sig_str_body_2': '', 'round_3_sig_str_leg_1': '18 of 42', 'round_3_sig_str_leg_2': '16 of 45', 'round_3_sig_str_dist_1': '42%', 'round_3_sig_str_dist_2': '35%', 'round_3_sig_str_clinch_1': '5 of 21', 'round_3_sig_str_clinch_2': '10 of 39', 'round_3_sig_str_ground_1': '4 of 10', 'round_3_sig_str_ground_2': '1 of 1'}","{'round_4_sig_str_head_1': '', 'round_4_sig_str_head_2': '', 'round_4_sig_str_body_1': '', 'round_4_sig_str_body_2': '', 'round_4_sig_str_leg_1': '18 of 42', 'round_4_sig_str_leg_2': '16 of 45', 'round_4_sig_str_dist_1': '42%', 'round_4_sig_str_dist_2': '35%', 'round_4_sig_str_clinch_1': '5 of 21', 'round_4_sig_str_clinch_2': '10 of 39', 'round_4_sig_str_ground_1': '4 of 10', 'round_4_sig_str_ground_2': '1 of 1'}","{'round_5_sig_str_head_1': '', 'round_5_sig_str_head_2': '', 'round_5_sig_str_body_1': '', 'round_5_sig_str_body_2': '', 'round_5_sig_str_leg_1': '18 of 42', 'round_5_sig_str_leg_2': '16 of 45', 'round_5_sig_str_dist_1': '42%', 'round_5_sig_str_dist_2': '35%', 'round_5_sig_str_clinch_1': '5 of 21', 'round_5_sig_str_clinch_2': '10 of 39', 'round_5_sig_str_ground_1': '4 of 10', 'round_5_sig_str_ground_2': '1 of 1'}",,,,,,,,,,,,,,,,,,
http://ufcstats.com/fight-details/9e05fe95a4fc63bc,"March 08, 2025","Las Vegas, Nevada, USA",L,Alex Pereira,"""Poatan""",W,Magomed Ankalaev,,,Decision - Unanimous,,,,,Sal D'amato 46 - 49. Derek Cleary 47 - 48. Mike Bell 47 - 48.,,,,,0,0,76 of 137,94 of 180,55%,52%,97 of 159,127 of 224,0 of 1,0 of 12,0%,0%,0,0,,,,,,,,,,,,,,,,,,,,,,,0,0,16 of 34,9 of 27,47%,33%,20 of 38,12 of 30,0 of 0,0 of 1,---,0%,0,0,,,,,0,0,18 of 36,29 of 53,50%,54%,18 of 36,29 of 53,0 of 0,0 of 0,---,---,0,0,,,,,0,0,21 of 34,17 of 40,61%,42%,21 of 34,18 of 41,0 of 1,0 of 1,0%,0%,0,0,,,,,,,,,,,,,,,,,,,,,,,,,,,,,,,,,,,,,,,,,,,,,,,,,,,,,,,,,,,,,,,,,,,,,,,,,,,,,,,,,,,,,,,,,,,0,0,76 of 137,94 of 180,55%,52%,97 of 159,127 of 224,0 of 1,0 of 12,0%,0%,"{'round_1_sig_str_head_1': '', 'round_1_sig_str_head_2': '', 'round_1_sig_str_body_1': '', 'round_1_sig_str_body_2': '', 'round_1_sig_str_leg_1': '16 of 34', 'round_1_sig_str_leg_2': '9 of 27', 'round_1_sig_str_dist_1': '47%', 'round_1_sig_str_dist_2': '33%', 'round_1_sig_str_clinch_1': '0 of 11', 'round_1_sig_str_clinch_2': '1 of 18', 'round_1_sig_str_ground_1': '2 of 5', 'round_1_sig_str_ground_2': '3 of 4'}","{'round_2_sig_str_head_1': '', 'round_2_sig_str_head_2': '', 'round_2_sig_str_body_1': '', 'round_2_sig_str_body_2': '', 'round_2_sig_str_leg_1': '16 of 34', 'round_2_sig_str_leg_2': '9 of 27', 'round_2_sig_str_dist_1': '47%', 'round_2_sig_str_dist_2': '33%', 'round_2_sig_str_clinch_1': '0 of 11', 'round_2_sig_str_clinch_2': '1 of 18', 'round_2_sig_str_ground_1': '2 of 5', 'round_2_sig_str_ground_2': '3 of 4'}","{'round_3_sig_str_head_1': '', 'round_3_sig_str_head_2': '', 'round_3_sig_str_body_1': '', 'round_3_sig_str_body_2': '', 'round_3_sig_str_leg_1': '16 of 34', 'round_3_sig_str_leg_2': '9 of 27', 'round_3_sig_str_dist_1': '47%', 'round_3_sig_str_dist_2': '33%', 'round_3_sig_str_clinch_1': '0 of 11', 'round_3_sig_str_clinch_2': '1 of 18', 'round_3_sig_str_ground_1': '2 of 5', 'round_3_sig_str_ground_2': '3 of 4'}","{'round_4_sig_str_head_1': '', 'round_4_sig_str_head_2': '', 'round_4_sig_str_body_1': '', 'round_4_sig_str_body_2': '', 'round_4_sig_str_leg_1': '16 of 34', 'round_4_sig_str_leg_2': '9 of 27', 'round_4_sig_str_dist_1': '47%', 'round_4_sig_str_dist_2': '33%', 'round_4_sig_str_clinch_1': '0 of 11', 'round_4_sig_str_clinch_2': '1 of 18', 'round_4_sig_str_ground_1': '2 of 5', 'round_4_sig_str_ground_2': '3 of 4'}","{'round_5_sig_str_head_1': '', 'round_5_sig_str_head_2': '', 'round_5_sig_str_body_1': '', 'round_5_sig_str_body_2': '', 'round_5_sig_str_leg_1': '16 of 34', 'round_5_sig_str_leg_2': '9 of 27', 'round_5_sig_str_dist_1': '47%', 'round_5_sig_str_dist_2': '33%', 'round_5_sig_str_clinch_1': '0 of 11', 'round_5_sig_str_clinch_2': '1 of 18', 'round_5_sig_str_ground_1': '2 of 5', 'round_5_sig_str_ground_2': '3 of 4'}",,,,,0,0,7 of 12,19 of 24,58%,79%,23 of 29,45 of 61,0 of 0,0 of 6,---,0%,0,0
http://ufcstats.com/fight-details/79f1c9f97d83ec83,"March 08, 2025","Las Vegas, Nevada, USA",W,Amanda Lemos,,L,Iasmin Lucindo,,Women's Strawweight Bout,Decision - Unanimous,,,,,Mike Bell 28 - 29. Sal D'amato 28 - 29. Ron McCarthy 28 - 29.,,,,,0,0,12 of 21,4 of 16,57%,25%,30 of 42,40 of 56,3 of 5,1 of 1,60%,100%,0,0,,,,,,,,,,,,,,,,,,,,,,,0,0,3 of 5,0 of 4,60%,0%,8 of 10,11 of 17,1 of 1,0 of 0,100%,---,0,0,,,,,0,0,7 of 12,0 of 3,58%,0%,10 of 16,12 of 15,1 of 3,0 of 0,33%,---,0,0,,,,,0,0,2 of 4,4 of 9,50%,44%,12 of 16,17 of 24,1 of 1,1 of 1,100%,100%,0,0,,,,,,,,,,,,,,,,,,,,,,,,,,,,,,,,,,,,,,,,,,,,,,,,,,,,,,,,,,,,,,,,,,,,,,,,,,,,,,,,,,,,,,,,,,,0,0,12 of 21,4 of 16,57%,25%,30 of 42,40 of 56,3 of 5,1 of 1,60%,100%,"{'round_1_sig_str_head_1': '', 'round_1_sig_str_head_2': '', 'round_1_sig_str_body_1': '', 'round_1_sig_str_body_2': '', 'round_1_sig_str_leg_1': '3 of 5', 'round_1_sig_str_leg_2': '0 of 4', 'round_1_sig_str_dist_1': '60%', 'round_1_sig_str_dist_2': '0%', 'round_1_sig_str_clinch_1': '2 of 4', 'round_1_sig_str_clinch_2': '0 of 3', 'round_1_sig_str_ground_1': '0 of 0', 'round_1_sig_str_ground_2': '0 of 0'}","{'round_2_sig_str_head_1': '', 'round_2_sig_str_head_2': '', 'round_2_sig_str_body_1': '', 'round_2_sig_str_body_2': '', 'round_2_sig_str_leg_1': '3 of 5', 'round_2_sig_str_leg_2': '0 of 4', 'round_2_sig_str_dist_1': '60%', 'round_2_sig_str_dist_2': '0%', 'round_2_sig_str_clinch_1': '2 of 4', 'round_2_sig_str_clinch_2': '0 of 3', 'round_2_sig_str_ground_1': '0 of 0', 'round_2_sig_str_ground_2': '0 of 0'}","{'round_3_sig_str_head_1': '', 'round_3_sig_str_head_2': '', 'round_3_sig_str_body_1': '', 'round_3_sig_str_body_2': '', 'round_3_sig_str_leg_1': '3 of 5', 'round_3_sig_str_leg_2': '0 of 4', 'round_3_sig_str_dist_1': '60%', 'round_3_sig_str_dist_2': '0%', 'round_3_sig_str_clinch_1': '2 of 4', 'round_3_sig_str_clinch_2': '0 of 3', 'round_3_sig_str_ground_1': '0 of 0', 'round_3_sig_str_ground_2': '0 of 0'}","{'round_4_sig_str_head_1': '', 'round_4_sig_str_head_2': '', 'round_4_sig_str_body_1': '', 'round_4_sig_str_body_2': '', 'round_4_sig_str_leg_1': '3 of 5', 'round_4_sig_str_leg_2': '0 of 4', 'round_4_sig_str_dist_1': '60%', 'round_4_sig_str_dist_2': '0%', 'round_4_sig_str_clinch_1': '2 of 4', 'round_4_sig_str_clinch_2': '0 of 3', 'round_4_sig_str_ground_1': '0 of 0', 'round_4_sig_str_ground_2': '0 of 0'}","{'round_5_sig_str_head_1': '', 'round_5_sig_str_head_2': '', 'round_5_sig_str_body_1': '', 'round_5_sig_str_body_2': '', 'round_5_sig_str_leg_1': '3 of 5', 'round_5_sig_str_leg_2': '0 of 4', 'round_5_sig_str_dist_1': '60%', 'round_5_sig_str_dist_2': '0%', 'round_5_sig_str_clinch_1': '2 of 4', 'round_5_sig_str_clinch_2': '0 of 3', 'round_5_sig_str_ground_1': '0 of 0', 'round_5_sig_str_ground_2': '0 of 0'}",,,,,,,,,,,,,,,,,,
http://ufcstats.com/fight-details/9f66d450af690df5,"March 29, 2025","Mexico City, Distrito Federal, Mexico",W,MarQuel Mederos,,L,Austin Hubbard,"""Thud""",Lightweight Bout,Decision - Split,,,,,Mike Bell 28 - 29. Miguel Jimenez 29 - 28. Sal D'amato 28 - 29.,,,,,0,0,44 of 68,26 of 65,64%,40%,57 of 81,62 of 121,0 of 1,2 of 9,0%,22%,0,1,,,,,,,,,,,,,,,,,,,,,,,0,0,23 of 35,17 of 39,65%,43%,23 of 35,19 of 41,0 of 0,0 of 3,---,0%,0,0,,,,,0,0,6 of 11,3 of 9,54%,33%,6 of 11,18 of 35,0 of 1,1 of 2,0%,50%,0,1,,,,,0,0,15 of 22,6 of 17,68%,35%,28 of 35,25 of 45,0 of 0,1 of 4,---,25%,0,0,,,,,,,,,,,,,,,,,,,,,,,,,,,,,,,,,,,,,,,,,,,,,,,,,,,,,,,,,,,,,,,,,,,,,,,,,,,,,,,,,,,,,,,,,,,0,0,44 of 68,26 of 65,64%,40%,57 of 81,62 of 121,0 of 1,2 of 9,0%,22%,"{'round_1_sig_str_head_1': '', 'round_1_sig_str_head_2': '', 'round_1_sig_str_body_1': '', 'round_1_sig_str_body_2': '', 'round_1_sig_str_leg_1': '23 of 35', 'round_1_sig_str_leg_2': '17 of 39', 'round_1_sig_str_dist_1': '65%', 'round_1_sig_str_dist_2': '43%', 'round_1_sig_str_clinch_1': '9 of 19', 'round_1_sig_str_clinch_2': '10 of 28', 'round_1_sig_str_ground_1': '4 of 4', 'round_1_sig_str_ground_2': '4 of 7'}","{'round_2_sig_str_head_1': '', 'round_2_sig_str_head_2': '', 'round_2_sig_str_body_1': '', 'round_2_sig_str_body_2': '', 'round_2_sig_str_leg_1': '23 of 35', 'round_2_sig_str_leg_2': '17 of 39', 'round_2_sig_str_dist_1': '65%', 'round_2_sig_str_dist_2': '43%', 'round_2_sig_str_clinch_1': '9 of 19', 'round_2_sig_str_clinch_2': '10 of 28', 'round_2_sig_str_ground_1': '4 of 4', 'round_2_sig_str_ground_2': '4 of 7'}","{'round_3_sig_str_head_1': '', 'round_3_sig_str_head_2': '', 'round_3_sig_str_body_1': '', 'round_3_sig_str_body_2': '', 'round_3_sig_str_leg_1': '23 of 35', 'round_3_sig_str_leg_2': '17 of 39', 'round_3_sig_str_dist_1': '65%', 'round_3_sig_str_dist_2': '43%', 'round_3_sig_str_clinch_1': '9 of 19', 'round_3_sig_str_clinch_2': '10 of 28', 'round_3_sig_str_ground_1': '4 of 4', 'round_3_sig_str_ground_2': '4 of 7'}","{'round_4_sig_str_head_1': '', 'round_4_sig_str_head_2': '', 'round_4_sig_str_body_1': '', 'round_4_sig_str_body_2': '', 'round_4_sig_str_leg_1': '23 of 35', 'round_4_sig_str_leg_2': '17 of 39', 'round_4_sig_str_dist_1': '65%', 'round_4_sig_str_dist_2': '43%', 'round_4_sig_str_clinch_1': '9 of 19', 'round_4_sig_str_clinch_2': '10 of 28', 'round_4_sig_str_ground_1': '4 of 4', 'round_4_sig_str_ground_2': '4 of 7'}","{'round_5_sig_str_head_1': '', 'round_5_sig_str_head_2': '', 'round_5_sig_str_body_1': '', 'round_5_sig_str_body_2': '', 'round_5_sig_str_leg_1': '23 of 35', 'round_5_sig_str_leg_2': '17 of 39', 'round_5_sig_str_dist_1': '65%', 'round_5_sig_str_dist_2': '43%', 'round_5_sig_str_clinch_1': '9 of 19', 'round_5_sig_str_clinch_2': '10 of 28', 'round_5_sig_str_ground_1': '4 of 4', 'round_5_sig_str_ground_2': '4 of 7'}",,,,,,,,,,,,,,,,,,
http://ufcstats.com/fight-details/e2e2537a345367d4,"March 29, 2025","Mexico City, Distrito Federal, Mexico",W,Jamall Emmers,"""Pretty Boy""",L,Gabriel Miranda,"""Fly""",Featherweight Bout,KO/TKO,,,,,Punch to Head At Distance,,,,,2,0,33 of 54,18 of 35,61%,51%,35 of 56,20 of 37,0 of 0,2 of 4,---,50%,0,1,,,,,,,,,,,,,,,,,,,,,,,2,0,33 of 54,18 of 35,61%,51%,35 of 56,20 of 37,0 of 0,2 of 4,---,50%,0,1,,,,,,,,,,,,,,,,,,,,,,,,,,,,,,,,,,,,,,,,,,,,,,,,,,,,,,,,,,,,,,,,,,,,,,,,,,,,,,,,,,,,,,,,,,,,,,,,,,,,,,,,,,,,,,,,,,,,,,,,,,,,,,,2,0,33 of 54,18 of 35,61%,51%,35 of 56,20 of 37,0 of 0,2 of 4,---,50%,"{'round_1_sig_str_head_1': '', 'round_1_sig_str_head_2': '', 'round_1_sig_str_body_1': '', 'round_1_sig_str_body_2': '', 'round_1_sig_str_leg_1': '33 of 54', 'round_1_sig_str_leg_2': '18 of 35', 'round_1_sig_str_dist_1': '61%', 'round_1_sig_str_dist_2': '51%', 'round_1_sig_str_clinch_1': '24 of 45', 'round_1_sig_str_clinch_2': '10 of 24', 'round_1_sig_str_ground_1': '7 of 7', 'round_1_sig_str_ground_2': '5 of 7'}","{'round_2_sig_str_head_1': '', 'round_2_sig_str_head_2': '', 'round_2_sig_str_body_1': '', 'round_2_sig_str_body_2': '', 'round_2_sig_str_leg_1': '33 of 54', 'round_2_sig_str_leg_2': '18 of 35', 'round_2_sig_str_dist_1': '61%', 'round_2_sig_str_dist_2': '51%', 'round_2_sig_str_clinch_1': '24 of 45', 'round_2_sig_str_clinch_2': '10 of 24', 'round_2_sig_str_ground_1': '7 of 7', 'round_2_sig_str_ground_2': '5 of 7'}","{'round_3_sig_str_head_1': '', 'round_3_sig_str_head_2': '', 'round_3_sig_str_body_1': '', 'round_3_sig_str_body_2': '', 'round_3_sig_str_leg_1': '33 of 54', 'round_3_sig_str_leg_2': '18 of 35', 'round_3_sig_str_dist_1': '61%', 'round_3_sig_str_dist_2': '51%', 'round_3_sig_str_clinch_1': '24 of 45', 'round_3_sig_str_clinch_2': '10 of 24', 'round_3_sig_str_ground_1': '7 of 7', 'round_3_sig_str_ground_2': '5 of 7'}","{'round_4_sig_str_head_1': '', 'round_4_sig_str_head_2': '', 'round_4_sig_str_body_1': '', 'round_4_sig_str_body_2': '', 'round_4_sig_str_leg_1': '33 of 54', 'round_4_sig_str_leg_2': '18 of 35', 'round_4_sig_str_dist_1': '61%', 'round_4_sig_str_dist_2': '51%', 'round_4_sig_str_clinch_1': '24 of 45', 'round_4_sig_str_clinch_2': '10 of 24', 'round_4_sig_str_ground_1': '7 of 7', 'round_4_sig_str_ground_2': '5 of 7'}","{'round_5_sig_str_head_1': '', 'round_5_sig_str_head_2': '', 'round_5_sig_str_body_1': '', 'round_5_sig_str_body_2': '', 'round_5_sig_str_leg_1': '33 of 54', 'round_5_sig_str_leg_2': '18 of 35', 'round_5_sig_str_dist_1': '61%', 'round_5_sig_str_dist_2': '51%', 'round_5_sig_str_clinch_1': '24 of 45', 'round_5_sig_str_clinch_2': '10 of 24', 'round_5_sig_str_ground_1': '7 of 7', 'round_5_sig_str_ground_2': '5 of 7'}",,,,,,,,,,,,,,,,,,
http://ufcstats.com/fight-details/7e3fc760b26b6ae4,"March 29, 2025","Mexico City, Distrito Federal, Mexico",W,Rafa Garcia,"""Gifted""",L,Vinc Pichel,"""From Hell""",Lightweight Bout,Decision - Unanimous,,,,,Guilherme Bravo 27 - 30. Dave Tirelli 27 - 30. Sal D'amato 28 - 29.,,,,,0,0,64 of 120,79 of 182,53%,43%,76 of 136,88 of 191,2 of 6,0 of 3,33%,0%,0,0,,,,,,,,,,,,,,,,,,,,,,,0,0,12 of 24,13 of 38,50%,34%,19 of 33,21 of 46,1 of 2,0 of 0,50%,---,0,0,,,,,0,0,21 of 49,32 of 70,42%,45%,24 of 52,32 of 70,0 of 2,0 of 1,0%,0%,0,0,,,,,0,0,31 of 47,34 of 74,65%,45%,33 of 51,35 of 75,1 of 2,0 of 2,50%,0%,0,0,,,,,,,,,,,,,,,,,,,,,,,,,,,,,,,,,,,,,,,,,,,,,,,,,,,,,,,,,,,,,,,,,,,,,,,,,,,,,,,,,,,,,,,,,,,0,0,64 of 120,79 of 182,53%,43%,76 of 136,88 of 191,2 of 6,0 of 3,33%,0%,"{'round_1_sig_str_head_1': '', 'round_1_sig_str_head_2': '', 'round_1_sig_str_body_1': '', 'round_1_sig_str_body_2': '', 'round_1_sig_str_leg_1': '12 of 24', 'round_1_sig_str_leg_2': '13 of 38', 'round_1_sig_str_dist_1': '50%', 'round_1_sig_str_dist_2': '34%', 'round_1_sig_str_clinch_1': '7 of 17', 'round_1_sig_str_clinch_2': '7 of 30', 'round_1_sig_str_ground_1': '3 of 4', 'round_1_sig_str_ground_2': '2 of 3'}","{'round_2_sig_str_head_1': '', 'round_2_sig_str_head_2': '', 'round_2_sig_str_body_1': '', 'round_2_sig_str_body_2': '', 'round_2_sig_str_leg_1': '12 of 24', 'round_2_sig_str_leg_2': '13 of 38', 'round_2_sig_str_dist_1': '50%', 'round_2_sig_str_dist_2': '34%', 'round_2_sig_str_clinch_1': '7 of 17', 'round_2_sig_str_clinch_2': '7 of 30', 'round_2_sig_str_ground_1': '3 of 4', 'round_2_sig_str_ground_2': '2 of 3'}","{'round_3_sig_str_head_1': '', 'round_3_sig_str_head_2': '', 'round_3_sig_str_body_1': '', 'round_3_sig_str_body_2': '', 'round_3_sig_str_leg_1': '12 of 24', 'round_3_sig_str_leg_2': '13 of 38', 'round_3_sig_str_dist_1': '50%', 'round_3_sig_str_dist_2': '34%', 'round_3_sig_str_clinch_1': '7 of 17', 'round_3_sig_str_clinch_2': '7 of 30', 'round_3_sig_str_ground_1': '3 of 4', 'round_3_sig_str_ground_2': '2 of 3'}","{'round_4_sig_str_head_1': '', 'round_4_sig_str_head_2': '', 'round_4_sig_str_body_1': '', 'round_4_sig_str_body_2': '', 'round_4_sig_str_leg_1': '12 of 24', 'round_4_sig_str_leg_2': '13 of 38', 'round_4_sig_str_dist_1': '50%', 'round_4_sig_str_dist_2': '34%', 'round_4_sig_str_clinch_1': '7 of 17', 'round_4_sig_str_clinch_2': '7 of 30', 'round_4_sig_str_ground_1': '3 of 4', 'round_4_sig_str_ground_2': '2 of 3'}","{'round_5_sig_str_head_1': '', 'round_5_sig_str_head_2': '', 'round_5_sig_str_body_1': '', 'round_5_sig_str_body_2': '', 'round_5_sig_str_leg_1': '12 of 24', 'round_5_sig_str_leg_2': '13 of 38', 'round_5_sig_str_dist_1': '50%', 'round_5_sig_str_dist_2': '34%', 'round_5_sig_str_clinch_1': '7 of 17', 'round_5_sig_str_clinch_2': '7 of 30', 'round_5_sig_str_ground_1': '3 of 4', 'round_5_sig_str_ground_2': '2 of 3'}",,,,,,,,,,,,,,,,,,
http://ufcstats.com/fight-details/a2f31cf3a28a7730,"March 08, 2025","Las Vegas, Nevada, USA",W,Justin Gaethje,"""The Highlight""",L,Rafael Fiziev,"""Ataman""",,Decision - Unanimous,,,,,Ben Cartlidge 28 - 29. Chris Lee 28 - 29. Ron McCarthy 28 - 29.,,,,,1,0,72 of 134,68 of 119,53%,57%,98 of 163,81 of 134,0 of 3,2 of 2,0%,100%,0,0,,,,,,,,,,,,,,,,,,,,,,,0,0,12 of 21,21 of 32,57%,65%,17 of 27,22 of 33,0 of 1,2 of 2,0%,100%,0,0,,,,,1,0,21 of 52,17 of 40,40%,42%,34 of 65,17 of 40,0 of 0,0 of 0,---,---,0,0,,,,,0,0,39 of 61,30 of 47,63%,63%,47 of 71,42 of 61,0 of 2,0 of 0,0%,---,0,0,,,,,,,,,,,,,,,,,,,,,,,,,,,,,,,,,,,,,,,,,,,,,,,,,,,,,,,,,,,,,,,,,,,,,,,,,,,,,,,,,,,,,,,,,,,1,0,72 of 134,68 of 119,53%,57%,98 of 163,81 of 134,0 of 3,2 of 2,0%,100%,"{'round_1_sig_str_head_1': '', 'round_1_sig_str_head_2': '', 'round_1_sig_str_body_1': '', 'round_1_sig_str_body_2': '', 'round_1_sig_str_leg_1': '12 of 21', 'round_1_sig_str_leg_2': '21 of 32', 'round_1_sig_str_dist_1': '57%', 'round_1_sig_str_dist_2': '65%', 'round_1_sig_str_clinch_1': '7 of 15', 'round_1_sig_str_clinch_2': '6 of 16', 'round_1_sig_str_ground_1': '1 of 1', 'round_1_sig_str_ground_2': '13 of 14'}","{'round_2_sig_str_head_1': '', 'round_2_sig_str_head_2': '', 'round_2_sig_str_body_1': '', 'round_2_sig_str_body_2': '', 'round_2_sig_str_leg_1': '12 of 21', 'round_2_sig_str_leg_2': '21 of 32', 'round_2_sig_str_dist_1': '57%', 'round_2_sig_str_dist_2': '65%', 'round_2_sig_str_clinch_1': '7 of 15', 'round_2_sig_str_clinch_2': '6 of 16', 'round_2_sig_str_ground_1': '1 of 1', 'round_2_sig_str_ground_2': '13 of 14'}","{'round_3_sig_str_head_1': '', 'round_3_sig_str_head_2': '', 'round_3_sig_str_body_1': '', 'round_3_sig_str_body_2': '', 'round_3_sig_str_leg_1': '12 of 21', 'round_3_sig_str_leg_2': '21 of 32', 'round_3_sig_str_dist_1': '57%', 'round_3_sig_str_dist_2': '65%', 'round_3_sig_str_clinch_1': '7 of 15', 'round_3_sig_str_clinch_2': '6 of 16', 'round_3_sig_str_ground_1': '1 of 1', 'round_3_sig_str_ground_2': '13 of 14'}","{'round_4_sig_str_head_1': '', 'round_4_sig_str_head_2': '', 'round_4_sig_str_body_1': '', 'round_4_sig_str_body_2': '', 'round_4_sig_str_leg_1': '12 of 21', 'round_4_sig_str_leg_2': '21 of 32', 'round_4_sig_str_dist_1': '57%', 'round_4_sig_str_dist_2': '65%', 'round_4_sig_str_clinch_1': '7 of 15', 'round_4_sig_str_clinch_2': '6 of 16', 'round_4_sig_str_ground_1': '1 of 1', 'round_4_sig_str_ground_2': '13 of 14'}","{'round_5_sig_str_head_1': '', 'round_5_sig_str_head_2': '', 'round_5_sig_str_body_1': '', 'round_5_sig_str_body_2': '', 'round_5_sig_str_leg_1': '12 of 21', 'round_5_sig_str_leg_2': '21 of 32', 'round_5_sig_str_dist_1': '57%', 'round_5_sig_str_dist_2': '65%', 'round_5_sig_str_clinch_1': '7 of 15', 'round_5_sig_str_clinch_2': '6 of 16', 'round_5_sig_str_ground_1': '1 of 1', 'round_5_sig_str_ground_2': '13 of 14'}",,,,,,,,,,,,,,,,,,
http://ufcstats.com/fight-details/cca4d763b1c6de0a,"April 05, 2025","Las Vegas, Nevada, USA",L,Vanessa Demopoulos,"""Lil Monster""",W,Talita Alencar,"""Problem Child""",Women's Strawweight Bout,Decision - Unanimous,,,,,Eric Colon 26 - 30. Sal D'amato 27 - 30. David Lethaby 27 - 30.,,,,,0,0,10 of 34,45 of 75,29%,60%,34 of 63,107 of 150,0 of 0,4 of 5,---,80%,0,1,,,,,,,,,,,,,,,,,,,,,,,0,0,4 of 7,9 of 17,57%,52%,7 of 10,19 of 31,0 of 0,1 of 1,---,100%,0,1,,,,,0,0,6 of 20,11 of 24,30%,45%,19 of 33,40 of 55,0 of 0,1 of 1,---,100%,0,0,,,,,0,0,0 of 7,25 of 34,0%,73%,8 of 20,48 of 64,0 of 0,2 of 3,---,66%,0,0,,,,,,,,,,,,,,,,,,,,,,,,,,,,,,,,,,,,,,,,,,,,,,,,,,,,,,,,,,,,,,,,,,,,,,,,,,,,,,,,,,,,,,,,,,,0,0,10 of 34,45 of 75,29%,60%,34 of 63,107 of 150,0 of 0,4 of 5,---,80%,"{'round_1_sig_str_head_1': '', 'round_1_sig_str_head_2': '', 'round_1_sig_str_body_1': '', 'round_1_sig_str_body_2': '', 'round_1_sig_str_leg_1': '4 of 7', 'round_1_sig_str_leg_2': '9 of 17', 'round_1_sig_str_dist_1': '57%', 'round_1_sig_str_dist_2': '52%', 'round_1_sig_str_clinch_1': '4 of 7', 'round_1_sig_str_clinch_2': '7 of 15', 'round_1_sig_str_ground_1': '0 of 0', 'round_1_sig_str_ground_2': '1 of 1'}","{'round_2_sig_str_head_1': '', 'round_2_sig_str_head_2': '', 'round_2_sig_str_body_1': '', 'round_2_sig_str_body_2': '', 'round_2_sig_str_leg_1': '4 of 7', 'round_2_sig_str_leg_2': '9 of 17', 'round_2_sig_str_dist_1': '57%', 'round_2_sig_str_dist_2': '52%', 'round_2_sig_str_clinch_1': '4 of 7', 'round_2_sig_str_clinch_2': '7 of 15', 'round_2_sig_str_ground_1': '0 of 0', 'round_2_sig_str_ground_2': '1 of 1'}","{'round_3_sig_str_head_1': '', 'round_3_sig_str_head_2': '', 'round_3_sig_str_body_1': '', 'round_3_sig_str_body_2': '', 'round_3_sig_str_leg_1': '4 of 7', 'round_3_sig_str_leg_2': '9 of 17', 'round_3_sig_str_dist_1': '57%', 'round_3_sig_str_dist_2': '52%', 'round_3_sig_str_clinch_1': '4 of 7', 'round_3_sig_str_clinch_2': '7 of 15', 'round_3_sig_str_ground_1': '0 of 0', 'round_3_sig_str_ground_2': '1 of 1'}","{'round_4_sig_str_head_1': '', 'round_4_sig_str_head_2': '', 'round_4_sig_str_body_1': '', 'round_4_sig_str_body_2': '', 'round_4_sig_str_leg_1': '4 of 7', 'round_4_sig_str_leg_2': '9 of 17', 'round_4_sig_str_dist_1': '57%', 'round_4_sig_str_dist_2': '52%', 'round_4_sig_str_clinch_1': '4 of 7', 'round_4_sig_str_clinch_2': '7 of 15', 'round_4_sig_str_ground_1': '0 of 0', 'round_4_sig_str_ground_2': '1 of 1'}","{'round_5_sig_str_head_1': '', 'round_5_sig_str_head_2': '', 'round_5_sig_str_body_1': '', 'round_5_sig_str_body_2': '', 'round_5_sig_str_leg_1': '4 of 7', 'round_5_sig_str_leg_2': '9 of 17', 'round_5_sig_str_dist_1': '57%', 'round_5_sig_str_dist_2': '52%', 'round_5_sig_str_clinch_1': '4 of 7', 'round_5_sig_str_clinch_2': '7 of 15', 'round_5_sig_str_ground_1': '0 of 0', 'round_5_sig_str_ground_2': '1 of 1'}",,,,,,,,,,,,,,,,,,
http://ufcstats.com/fight-details/4b1aec2395ebca14,"April 05, 2025","Las Vegas, Nevada, USA",W,Victor Henry,"""La Mangosta""",L,Pedro Falcao,"""Pedrinho""",Bantamweight Bout,Decision - Unanimous,,,,,Ben Cartlidge 28 - 29. Junichiro Kamijo 28 - 29. Chris Leben 28 - 29.,,,,,1,0,73 of 151,57 of 117,48%,48%,139 of 227,69 of 133,2 of 3,4 of 13,66%,30%,0,0,,,,,,,,,,,,,,,,,,,,,,,1,0,22 of 53,20 of 43,41%,46%,50 of 87,26 of 52,1 of 1,0 of 3,100%,0%,0,0,,,,,0,0,23 of 54,24 of 45,42%,53%,38 of 70,28 of 50,0 of 0,3 of 5,---,60%,0,0,,,,,0,0,28 of 44,13 of 29,63%,44%,51 of 70,15 of 31,1 of 2,1 of 5,50%,20%,0,0,,,,,,,,,,,,,,,,,,,,,,,,,,,,,,,,,,,,,,,,,,,,,,,,,,,,,,,,,,,,,,,,,,,,,,,,,,,,,,,,,,,,,,,,,,,1,0,73 of 151,57 of 117,48%,48%,139 of 227,69 of 133,2 of 3,4 of 13,66%,30%,"{'round_1_sig_str_head_1': '', 'round_1_sig_str_head_2': '', 'round_1_sig_str_body_1': '', 'round_1_sig_str_body_2': '', 'round_1_sig_str_leg_1': '22 of 53', 'round_1_sig_str_leg_2': '20 of 43', 'round_1_sig_str_dist_1': '41%', 'round_1_sig_str_dist_2': '46%', 'round_1_sig_str_clinch_1': '13 of 44', 'round_1_sig_str_clinch_2': '12 of 34', 'round_1_sig_str_ground_1': '6 of 6', 'round_1_sig_str_ground_2': '3 of 4'}","{'round_2_sig_str_head_1': '', 'round_2_sig_str_head_2': '', 'round_2_sig_str_body_1': '', 'round_2_sig_str_body_2': '', 'round_2_sig_str_leg_1': '22 of 53', 'round_2_sig_str_leg_2': '20 of 43', 'round_2_sig_str_dist_1': '41%', 'round_2_sig_str_dist_2': '46%', 'round_2_sig_str_clinch_1': '13 of 44', 'round_2_sig_str_clinch_2': '12 of 34', 'round_2_sig_str_ground_1': '6 of 6', 'round_2_sig_str_ground_2': '3 of 4'}","{'round_3_sig_str_head_1': '', 'round_3_sig_str_head_2': '', 'round_3_sig_str_body_1': '', 'round_3_sig_str_body_2': '', 'round_3_sig_str_leg_1': '22 of 53', 'round_3_sig_str_leg_2': '20 of 43', 'round_3_sig_str_dist_1': '41%', 'round_3_sig_str_dist_2': '46%', 'round_3_sig_str_clinch_1': '13 of 44', 'round_3_sig_str_clinch_2': '12 of 34', 'round_3_sig_str_ground_1': '6 of 6', 'round_3_sig_str_ground_2': '3 of 4'}","{'round_4_sig_str_head_1': '', 'round_4_sig_str_head_2': '', 'round_4_sig_str_body_1': '', 'round_4_sig_str_body_2': '', 'round_4_sig_str_leg_1': '22 of 53', 'round_4_sig_str_leg_2': '20 of 43', 'round_4_sig_str_dist_1': '41%', 'round_4_sig_str_dist_2': '46%', 'round_4_sig_str_clinch_1': '13 of 44', 'round_4_sig_str_clinch_2': '12 of 34', 'round_4_sig_str_ground_1': '6 of 6', 'round_4_sig_str_ground_2': '3 of 4'}","{'round_5_sig_str_head_1': '', 'round_5_sig_str_head_2': '', 'round_5_sig_str_body_1': '', 'round_5_sig_str_body_2': '', 'round_5_sig_str_leg_1': '22 of 53', 'round_5_sig_str_leg_2': '20 of 43', 'round_5_sig_str_dist_1': '41%', 'round_5_sig_str_dist_2': '46%', 'round_5_sig_str_clinch_1': '13 of 44', 'round_5_sig_str_clinch_2': '12 of 34', 'round_5_sig_str_ground_1': '6 of 6', 'round_5_sig_str_ground_2': '3 of 4'}",,,,,,,,,,,,,,,,,,
http://ufcstats.com/fight-details/fd088ce1481315a5,"April 05, 2025","Las Vegas, Nevada, USA",W,Loma Lookboonmee,,L,Istela Nunes,,Women's Strawweight Bout,Decision - Unanimous,,,,,Eric Colon 27 - 30. Sal D'amato 28 - 29. Chris Leben 28 - 29.,,,,,0,0,32 of 76,36 of 62,42%,58%,111 of 170,51 of 82,3 of 5,0 of 1,60%,0%,0,0,,,,,,,,,,,,,,,,,,,,,,,0,0,15 of 47,22 of 37,31%,59%,26 of 59,27 of 46,0 of 1,0 of 1,0%,0%,0,0,,,,,0,0,10 of 16,7 of 14,62%,50%,23 of 37,14 of 22,1 of 2,0 of 0,50%,---,0,0,,,,,0,0,7 of 13,7 of 11,53%,63%,62 of 74,10 of 14,2 of 2,0 of 0,100%,---,0,0,,,,,,,,,,,,,,,,,,,,,,,,,,,,,,,,,,,,,,,,,,,,,,,,,,,,,,,,,,,,,,,,,,,,,,,,,,,,,,,,,,,,,,,,,,,0,0,32 of 76,36 of 62,42%,58%,111 of 170,51 of 82,3 of 5,0 of 1,60%,0%,"{'round_1_sig_str_head_1': '', 'round_1_sig_str_head_2': '', 'round_1_sig_str_body_1': '', 'round_1_sig_str_body_2': '', 'round_1_sig_str_leg_1': '15 of 47', 'round_1_sig_str_leg_2': '22 of 37', 'round_1_sig_str_dist_1': '31%', 'round_1_sig_str_dist_2': '59%', 'round_1_sig_str_clinch_1': '3 of 23', 'round_1_sig_str_clinch_2': '2 of 11', 'round_1_sig_str_ground_1': '6 of 15', 'round_1_sig_str_ground_2': '5 of 6'}","{'round_2_sig_str_head_1': '', 'round_2_sig_str_head_2': '', 'round_2_sig_str_body_1': '', 'round_2_sig_str_body_2': '', 'round_2_sig_str_leg_1': '15 of 47', 'round_2_sig_str_leg_2': '22 of 37', 'round_2_sig_str_dist_1': '31%', 'round_2_sig_str_dist_2': '59%', 'round_2_sig_str_clinch_1': '3 of 23', 'round_2_sig_str_clinch_2': '2 of 11', 'round_2_sig_str_ground_1': '6 of 15', 'round_2_sig_str_ground_2': '5 of 6'}","{'round_3_sig_str_head_1': '', 'round_3_sig_str_head_2': '', 'round_3_sig_str_body_1': '', 'round_3_sig_str_body_2': '', 'round_3_sig_str_leg_1': '15 of 47', 'round_3_sig_str_leg_2': '22 of 37', 'round_3_sig_str_dist_1': '31%', 'round_3_sig_str_dist_2': '59%', 'round_3_sig_str_clinch_1': '3 of 23', 'round_3_sig_str_clinch_2': '2 of 11', 'round_3_sig_str_ground_1': '6 of 15', 'round_3_sig_str_ground_2': '5 of 6'}","{'round_4_sig_str_head_1': '', 'round_4_sig_str_head_2': '', 'round_4_sig_str_body_1': '', 'round_4_sig_str_body_2': '', 'round_4_sig_str_leg_1': '15 of 47', 'round_4_sig_str_leg_2': '22 of 37', 'round_4_sig_str_dist_1': '31%', 'round_4_sig_str_dist_2': '59%', 'round_4_sig_str_clinch_1': '3 of 23', 'round_4_sig_str_clinch_2': '2 of 11', 'round_4_sig_str_ground_1': '6 of 15', 'round_4_sig_str_ground_2': '5 of 6'}","{'round_5_sig_str_head_1': '', 'round_5_sig_str_head_2': '', 'round_5_sig_str_body_1': '', 'round_5_sig_str_body_2': '', 'round_5_sig_str_leg_1': '15 of 47', 'round_5_sig_str_leg_2': '22 of 37', 'round_5_sig_str_dist_1': '31%', 'round_5_sig_str_dist_2': '59%', 'round_5_sig_str_clinch_1': '3 of 23', 'round_5_sig_str_clinch_2': '2 of 11', 'round_5_sig_str_ground_1': '6 of 15', 'round_5_sig_str_ground_2': '5 of 6'}",,,,,,,,,,,,,,,,,,
http://ufcstats.com/fight-details/96cc199d78732d11,"April 05, 2025","Las Vegas, Nevada, USA",W,Martin Buday,"""Badys""",L,Uran Satybaldiev,"""Gorilla""",Heavyweight Bout,Decision - Unanimous,,,,,Eric Colon 28 - 29. David Lethaby 28 - 29. Tony Weeks 28 - 29.,,,,,0,0,58 of 107,36 of 141,54%,25%,142 of 211,45 of 154,0 of 1,0 of 2,0%,0%,0,0,,,,,,,,,,,,,,,,,,,,,,,0,0,17 of 39,14 of 51,43%,27%,41 of 69,16 of 54,0 of 0,0 of 0,---,---,0,0,,,,,0,0,28 of 44,12 of 47,63%,25%,44 of 64,13 of 49,0 of 1,0 of 0,0%,---,0,0,,,,,0,0,13 of 24,10 of 43,54%,23%,57 of 78,16 of 51,0 of 0,0 of 2,---,0%,0,0,,,,,,,,,,,,,,,,,,,,,,,,,,,,,,,,,,,,,,,,,,,,,,,,,,,,,,,,,,,,,,,,,,,,,,,,,,,,,,,,,,,,,,,,,,,0,0,58 of 107,36 of 141,54%,25%,142 of 211,45 of 154,0 of 1,0 of 2,0%,0%,"{'round_1_sig_str_head_1': '', 'round_1_sig_str_head_2': '', 'round_1_sig_str_body_1': '', 'round_1_sig_str_body_2': '', 'round_1_sig_str_leg_1': '17 of 39', 'round_1_sig_str_leg_2': '14 of 51', 'round_1_sig_str_dist_1': '43%', 'round_1_sig_str_dist_2': '27%', 'round_1_sig_str_clinch_1': '7 of 26', 'round_1_sig_str_clinch_2': '6 of 39', 'round_1_sig_str_ground_1': '0 of 0', 'round_1_sig_str_ground_2': '2 of 2'}","{'round_2_sig_str_head_1': '', 'round_2_sig_str_head_2': '', 'round_2_sig_str_body_1': '', 'round_2_sig_str_body_2': '', 'round_2_sig_str_leg_1': '17 of 39', 'round_2_sig_str_leg_2': '14 of 51', 'round_2_sig_str_dist_1': '43%', 'round_2_sig_str_dist_2': '27%', 'round_2_sig_str_clinch_1': '7 of 26', 'round_2_sig_str_clinch_2': '6 of 39', 'round_2_sig_str_ground_1': '0 of 0', 'round_2_sig_str_ground_2': '2 of 2'}","{'round_3_sig_str_head_1': '', 'round_3_sig_str_head_2': '', 'round_3_sig_str_body_1': '', 'round_3_sig_str_body_2': '', 'round_3_sig_str_leg_1': '17 of 39', 'round_3_sig_str_leg_2': '14 of 51', 'round_3_sig_str_dist_1': '43%', 'round_3_sig_str_dist_2': '27%', 'round_3_sig_str_clinch_1': '7 of 26', 'round_3_sig_str_clinch_2': '6 of 39', 'round_3_sig_str_ground_1': '0 of 0', 'round_3_sig_str_ground_2': '2 of 2'}","{'round_4_sig_str_head_1': '', 'round_4_sig_str_head_2': '', 'round_4_sig_str_body_1': '', 'round_4_sig_str_body_2': '', 'round_4_sig_str_leg_1': '17 of 39', 'round_4_sig_str_leg_2': '14 of 51', 'round_4_sig_str_dist_1': '43%', 'round_4_sig_str_dist_2': '27%', 'round_4_sig_str_clinch_1': '7 of 26', 'round_4_sig_str_clinch_2': '6 of 39', 'round_4_sig_str_ground_1': '0 of 0', 'round_4_sig_str_ground_2': '2 of 2'}","{'round_5_sig_str_head_1': '', 'round_5_sig_str_head_2': '', 'round_5_sig_str_body_1': '', 'round_5_sig_str_body_2': '', 'round_5_sig_str_leg_1': '17 of 39', 'round_5_sig_str_leg_2': '14 of 51', 'round_5_sig_str_dist_1': '43%', 'round_5_sig_str_dist_2': '27%', 'round_5_sig_str_clinch_1': '7 of 26', 'round_5_sig_str_clinch_2': '6 of 39', 'round_5_sig_str_ground_1': '0 of 0', 'round_5_sig_str_ground_2': '2 of 2'}",,,,,,,,,,,,,,,,,,
http://ufcstats.com/fight-details/1c62a7444808d97f,"March 15, 2025","Las Vegas, Nevada, USA",L,Josiane Nunes,"""Josi""",W,Priscila Cachoeira,"""Zombie Girl""",,KO/TKO,,,,,Punch to Head At Distance,,,,,0,1,31 of 67,37 of 76,46%,48%,31 of 67,39 of 78,0 of 1,0 of 0,0%,---,0,0,,,,,,,,,,,,,,,,,,,,,,,0,1,31 of 67,37 of 76,46%,48%,31 of 67,39 of 78,0 of 1,0 of 0,0%,---,0,0,,,,,,,,,,,,,,,,,,,,,,,,,,,,,,,,,,,,,,,,,,,,,,,,,,,,,,,,,,,,,,,,,,,,,,,,,,,,,,,,,,,,,,,,,,,,,,,,,,,,,,,,,,,,,,,,,,,,,,,,,,,,,,,0,1,31 of 67,37 of 76,46%,48%,31 of 67,39 of 78,0 of 1,0 of 0,0%,---,"{'round_1_sig_str_head_1': '', 'round_1_sig_str_head_2': '', 'round_1_sig_str_body_1': '', 'round_1_sig_str_body_2': '', 'round_1_sig_str_leg_1': '31 of 67', 'round_1_sig_str_leg_2': '37 of 76', 'round_1_sig_str_dist_1': '46%', 'round_1_sig_str_dist_2': '48%', 'round_1_sig_str_clinch_1': '17 of 49', 'round_1_sig_str_clinch_2': '31 of 70', 'round_1_sig_str_ground_1': '7 of 11', 'round_1_sig_str_ground_2': '4 of 4'}","{'round_2_sig_str_head_1': '', 'round_2_sig_str_head_2': '', 'round_2_sig_str_body_1': '', 'round_2_sig_str_body_2': '', 'round_2_sig_str_leg_1': '31 of 67', 'round_2_sig_str_leg_2': '37 of 76', 'round_2_sig_str_dist_1': '46%', 'round_2_sig_str_dist_2': '48%', 'round_2_sig_str_clinch_1': '17 of 49', 'round_2_sig_str_clinch_2': '31 of 70', 'round_2_sig_str_ground_1': '7 of 11', 'round_2_sig_str_ground_2': '4 of 4'}","{'round_3_sig_str_head_1': '', 'round_3_sig_str_head_2': '', 'round_3_sig_str_body_1': '', 'round_3_sig_str_body_2': '', 'round_3_sig_str_leg_1': '31 of 67', 'round_3_sig_str_leg_2': '37 of 76', 'round_3_sig_str_dist_1': '46%', 'round_3_sig_str_dist_2': '48%', 'round_3_sig_str_clinch_1': '17 of 49', 'round_3_sig_str_clinch_2': '31 of 70', 'round_3_sig_str_ground_1': '7 of 11', 'round_3_sig_str_ground_2': '4 of 4'}","{'round_4_sig_str_head_1': '', 'round_4_sig_str_head_2': '', 'round_4_sig_str_body_1': '', 'round_4_sig_str_body_2': '', 'round_4_sig_str_leg_1': '31 of 67', 'round_4_sig_str_leg_2': '37 of 76', 'round_4_sig_str_dist_1': '46%', 'round_4_sig_str_dist_2': '48%', 'round_4_sig_str_clinch_1': '17 of 49', 'round_4_sig_str_clinch_2': '31 of 70', 'round_4_sig_str_ground_1': '7 of 11', 'round_4_sig_str_ground_2': '4 of 4'}","{'round_5_sig_str_head_1': '', 'round_5_sig_str_head_2': '', 'round_5_sig_str_body_1': '', 'round_5_sig_str_body_2': '', 'round_5_sig_str_leg_1': '31 of 67', 'round_5_sig_str_leg_2': '37 of 76', 'round_5_sig_str_dist_1': '46%', 'round_5_sig_str_dist_2': '48%', 'round_5_sig_str_clinch_1': '17 of 49', 'round_5_sig_str_clinch_2': '31 of 70', 'round_5_sig_str_ground_1': '7 of 11', 'round_5_sig_str_ground_2': '4 of 4'}",,,,,,,,,,,,,,,,,,
http://ufcstats.com/fight-details/58811a4e36c53b89,"April 05, 2025","Las Vegas, Nevada, USA",W,Rhys McKee,"""Skeletor""",L,Daniel Frunza,,,TKO - Doctor's Stoppage,,,,,,,,,,3,0,43 of 111,43 of 117,38%,36%,59 of 133,50 of 124,0 of 0,0 of 0,---,---,0,0,,,,,,,,,,,,,,,,,,,,,,,3,0,43 of 111,43 of 117,38%,36%,59 of 133,50 of 124,0 of 0,0 of 0,---,---,0,0,,,,,,,,,,,,,,,,,,,,,,,,,,,,,,,,,,,,,,,,,,,,,,,,,,,,,,,,,,,,,,,,,,,,,,,,,,,,,,,,,,,,,,,,,,,,,,,,,,,,,,,,,,,,,,,,,,,,,,,,,,,,,,,3,0,43 of 111,43 of 117,38%,36%,59 of 133,50 of 124,0 of 0,0 of 0,---,---,"{'round_1_sig_str_head_1': '', 'round_1_sig_str_head_2': '', 'round_1_sig_str_body_1': '', 'round_1_sig_str_body_2': '', 'round_1_sig_str_leg_1': '43 of 111', 'round_1_sig_str_leg_2': '43 of 117', 'round_1_sig_str_dist_1': '38%', 'round_1_sig_str_dist_2': '36%', 'round_1_sig_str_clinch_1': '33 of 99', 'round_1_sig_str_clinch_2': '31 of 98', 'round_1_sig_str_ground_1': '6 of 8', 'round_1_sig_str_ground_2': '3 of 9'}","{'round_2_sig_str_head_1': '', 'round_2_sig_str_head_2': '', 'round_2_sig_str_body_1': '', 'round_2_sig_str_body_2': '', 'round_2_sig_str_leg_1': '43 of 111', 'round_2_sig_str_leg_2': '43 of 117', 'round_2_sig_str_dist_1': '38%', 'round_2_sig_str_dist_2': '36%', 'round_2_sig_str_clinch_1': '33 of 99', 'round_2_sig_str_clinch_2': '31 of 98', 'round_2_sig_str_ground_1': '6 of 8', 'round_2_sig_str_ground_2': '3 of 9'}","{'round_3_sig_str_head_1': '', 'round_3_sig_str_head_2': '', 'round_3_sig_str_body_1': '', 'round_3_sig_str_body_2': '', 'round_3_sig_str_leg_1': '43 of 111', 'round_3_sig_str_leg_2': '43 of 117', 'round_3_sig_str_dist_1': '38%', 'round_3_sig_str_dist_2': '36%', 'round_3_sig_str_clinch_1': '33 of 99', 'round_3_sig_str_clinch_2': '31 of 98', 'round_3_sig_str_ground_1': '6 of 8', 'round_3_sig_str_ground_2': '3 of 9'}","{'round_4_sig_str_head_1': '', 'round_4_sig_str_head_2': '', 'round_4_sig_str_body_1': '', 'round_4_sig_str_body_2': '', 'round_4_sig_str_leg_1': '43 of 111', 'round_4_sig_str_leg_2': '43 of 117', 'round_4_sig_str_dist_1': '38%', 'round_4_sig_str_dist_2': '36%', 'round_4_sig_str_clinch_1': '33 of 99', 'round_4_sig_str_clinch_2': '31 of 98', 'round_4_sig_str_ground_1': '6 of 8', 'round_4_sig_str_ground_2': '3 of 9'}","{'round_5_sig_str_head_1': '', 'round_5_sig_str_head_2': '', 'round_5_sig_str_body_1': '', 'round_5_sig_str_body_2': '', 'round_5_sig_str_leg_1': '43 of 111', 'round_5_sig_str_leg_2': '43 of 117', 'round_5_sig_str_dist_1': '38%', 'round_5_sig_str_dist_2': '36%', 'round_5_sig_str_clinch_1': '33 of 99', 'round_5_sig_str_clinch_2': '31 of 98', 'round_5_sig_str_ground_1': '6 of 8', 'round_5_sig_str_ground_2': '3 of 9'}",,,,,,,,,,,,,,,,,,
http://ufcstats.com/fight-details/a8f8245096eaf0cd,"March 15, 2025","Las Vegas, Nevada, USA",L,Yuneisy Duben,,W,Carli Judice,"""Crispy""",,KO/TKO,,,,,Kick to Head At Distance,,,,,0,1,14 of 41,17 of 43,34%,39%,14 of 41,19 of 45,0 of 0,0 of 0,---,---,0,0,,,,,,,,,,,,,,,,,,,,,,,0,1,14 of 41,17 of 43,34%,39%,14 of 41,19 of 45,0 of 0,0 of 0,---,---,0,0,,,,,,,,,,,,,,,,,,,,,,,,,,,,,,,,,,,,,,,,,,,,,,,,,,,,,,,,,,,,,,,,,,,,,,,,,,,,,,,,,,,,,,,,,,,,,,,,,,,,,,,,,,,,,,,,,,,,,,,,,,,,,,,0,1,14 of 41,17 of 43,34%,39%,14 of 41,19 of 45,0 of 0,0 of 0,---,---,"{'round_1_sig_str_head_1': '', 'round_1_sig_str_head_2': '', 'round_1_sig_str_body_1': '', 'round_1_sig_str_body_2': '', 'round_1_sig_str_leg_1': '14 of 41', 'round_1_sig_str_leg_2': '17 of 43', 'round_1_sig_str_dist_1': '34%', 'round_1_sig_str_dist_2': '39%', 'round_1_sig_str_clinch_1': '8 of 32', 'round_1_sig_str_clinch_2': '12 of 34', 'round_1_sig_str_ground_1': '0 of 0', 'round_1_sig_str_ground_2': '5 of 9'}","{'round_2_sig_str_head_1': '', 'round_2_sig_str_head_2': '', 'round_2_sig_str_body_1': '', 'round_2_sig_str_body_2': '', 'round_2_sig_str_leg_1': '14 of 41', 'round_2_sig_str_leg_2': '17 of 43', 'round_2_sig_str_dist_1': '34%', 'round_2_sig_str_dist_2': '39%', 'round_2_sig_str_clinch_1': '8 of 32', 'round_2_sig_str_clinch_2': '12 of 34', 'round_2_sig_str_ground_1': '0 of 0', 'round_2_sig_str_ground_2': '5 of 9'}","{'round_3_sig_str_head_1': '', 'round_3_sig_str_head_2': '', 'round_3_sig_str_body_1': '', 'round_3_sig_str_body_2': '', 'round_3_sig_str_leg_1': '14 of 41', 'round_3_sig_str_leg_2': '17 of 43', 'round_3_sig_str_dist_1': '34%', 'round_3_sig_str_dist_2': '39%', 'round_3_sig_str_clinch_1': '8 of 32', 'round_3_sig_str_clinch_2': '12 of 34', 'round_3_sig_str_ground_1': '0 of 0', 'round_3_sig_str_ground_2': '5 of 9'}","{'round_4_sig_str_head_1': '', 'round_4_sig_str_head_2': '', 'round_4_sig_str_body_1': '', 'round_4_sig_str_body_2': '', 'round_4_sig_str_leg_1': '14 of 41', 'round_4_sig_str_leg_2': '17 of 43', 'round_4_sig_str_dist_1': '34%', 'round_4_sig_str_dist_2': '39%', 'round_4_sig_str_clinch_1': '8 of 32', 'round_4_sig_str_clinch_2': '12 of 34', 'round_4_sig_str_ground_1': '0 of 0', 'round_4_sig_str_ground_2': '5 of 9'}","{'round_5_sig_str_head_1': '', 'round_5_sig_str_head_2': '', 'round_5_sig_str_body_1': '', 'round_5_sig_str_body_2': '', 'round_5_sig_str_leg_1': '14 of 41', 'round_5_sig_str_leg_2': '17 of 43', 'round_5_sig_str_dist_1': '34%', 'round_5_sig_str_dist_2': '39%', 'round_5_sig_str_clinch_1': '8 of 32', 'round_5_sig_str_clinch_2': '12 of 34', 'round_5_sig_str_ground_1': '0 of 0', 'round_5_sig_str_ground_2': '5 of 9'}",,,,,,,,,,,,,,,,,,
http://ufcstats.com/fight-details/5fa6543868367f4b,"March 15, 2025","Las Vegas, Nevada, USA",L,Stephanie Luciano,"""Rondinha""",W,Sam Hughes,"""Sampage""",Women's Strawweight Bout,Decision - Split,,,,,Mike Bell 28 - 29. Sal D'amato 29 - 28. Derek Cleary 27 - 29.,,,,,0,0,82 of 251,76 of 152,32%,50%,101 of 273,146 of 233,1 of 2,3 of 8,50%,37%,0,1,,,,,,,,,,,,,,,,,,,,,,,0,0,42 of 104,35 of 68,40%,51%,52 of 114,42 of 75,0 of 1,2 of 2,0%,100%,0,0,,,,,0,0,18 of 44,13 of 29,40%,44%,20 of 47,71 of 98,0 of 0,1 of 1,---,100%,0,1,,,,,0,0,22 of 103,28 of 55,21%,50%,29 of 112,33 of 60,1 of 1,0 of 5,100%,0%,0,0,,,,,,,,,,,,,,,,,,,,,,,,,,,,,,,,,,,,,,,,,,,,,,,,,,,,,,,,,,,,,,,,,,,,,,,,,,,,,,,,,,,,,,,,,,,0,0,82 of 251,76 of 152,32%,50%,101 of 273,146 of 233,1 of 2,3 of 8,50%,37%,"{'round_1_sig_str_head_1': '', 'round_1_sig_str_head_2': '', 'round_1_sig_str_body_1': '', 'round_1_sig_str_body_2': '', 'round_1_sig_str_leg_1': '42 of 104', 'round_1_sig_str_leg_2': '35 of 68', 'round_1_sig_str_dist_1': '40%', 'round_1_sig_str_dist_2': '51%', 'round_1_sig_str_clinch_1': '21 of 76', 'round_1_sig_str_clinch_2': '21 of 48', 'round_1_sig_str_ground_1': '13 of 19', 'round_1_sig_str_ground_2': '6 of 11'}","{'round_2_sig_str_head_1': '', 'round_2_sig_str_head_2': '', 'round_2_sig_str_body_1': '', 'round_2_sig_str_body_2': '', 'round_2_sig_str_leg_1': '42 of 104', 'round_2_sig_str_leg_2': '35 of 68', 'round_2_sig_str_dist_1': '40%', 'round_2_sig_str_dist_2': '51%', 'round_2_sig_str_clinch_1': '21 of 76', 'round_2_sig_str_clinch_2': '21 of 48', 'round_2_sig_str_ground_1': '13 of 19', 'round_2_sig_str_ground_2': '6 of 11'}","{'round_3_sig_str_head_1': '', 'round_3_sig_str_head_2': '', 'round_3_sig_str_body_1': '', 'round_3_sig_str_body_2': '', 'round_3_sig_str_leg_1': '42 of 104', 'round_3_sig_str_leg_2': '35 of 68', 'round_3_sig_str_dist_1': '40%', 'round_3_sig_str_dist_2': '51%', 'round_3_sig_str_clinch_1': '21 of 76', 'round_3_sig_str_clinch_2': '21 of 48', 'round_3_sig_str_ground_1': '13 of 19', 'round_3_sig_str_ground_2': '6 of 11'}","{'round_4_sig_str_head_1': '', 'round_4_sig_str_head_2': '', 'round_4_sig_str_body_1': '', 'round_4_sig_str_body_2': '', 'round_4_sig_str_leg_1': '42 of 104', 'round_4_sig_str_leg_2': '35 of 68', 'round_4_sig_str_dist_1': '40%', 'round_4_sig_str_dist_2': '51%', 'round_4_sig_str_clinch_1': '21 of 76', 'round_4_sig_str_clinch_2': '21 of 48', 'round_4_sig_str_ground_1': '13 of 19', 'round_4_sig_str_ground_2': '6 of 11'}","{'round_5_sig_str_head_1': '', 'round_5_sig_str_head_2': '', 'round_5_sig_str_body_1': '', 'round_5_sig_str_body_2': '', 'round_5_sig_str_leg_1': '42 of 104', 'round_5_sig_str_leg_2': '35 of 68', 'round_5_sig_str_dist_1': '40%', 'round_5_sig_str_dist_2': '51%', 'round_5_sig_str_clinch_1': '21 of 76', 'round_5_sig_str_clinch_2': '21 of 48', 'round_5_sig_str_ground_1': '13 of 19', 'round_5_sig_str_ground_2': '6 of 11'}",,,,,,,,,,,,,,,,,,
http://ufcstats.com/fight-details/cb3eb07b7152366e,"March 15, 2025","Las Vegas, Nevada, USA",W,Carlos Vera,"""Pequeno""",L,Josias Musasa,"""The KO Wizard""",,Submission,,,,,Rear Naked Choke,,,,,1,0,16 of 24,13 of 31,66%,41%,18 of 26,13 of 31,0 of 2,0 of 1,0%,0%,2,0,,,,,,,,,,,,,,,,,,,,,,,1,0,16 of 24,13 of 31,66%,41%,18 of 26,13 of 31,0 of 2,0 of 1,0%,0%,2,0,,,,,,,,,,,,,,,,,,,,,,,,,,,,,,,,,,,,,,,,,,,,,,,,,,,,,,,,,,,,,,,,,,,,,,,,,,,,,,,,,,,,,,,,,,,,,,,,,,,,,,,,,,,,,,,,,,,,,,,,,,,,,,,1,0,16 of 24,13 of 31,66%,41%,18 of 26,13 of 31,0 of 2,0 of 1,0%,0%,"{'round_1_sig_str_head_1': '', 'round_1_sig_str_head_2': '', 'round_1_sig_str_body_1': '', 'round_1_sig_str_body_2': '', 'round_1_sig_str_leg_1': '16 of 24', 'round_1_sig_str_leg_2': '13 of 31', 'round_1_sig_str_dist_1': '66%', 'round_1_sig_str_dist_2': '41%', 'round_1_sig_str_clinch_1': '3 of 10', 'round_1_sig_str_clinch_2': '3 of 13', 'round_1_sig_str_ground_1': '3 of 3', 'round_1_sig_str_ground_2': '0 of 2'}","{'round_2_sig_str_head_1': '', 'round_2_sig_str_head_2': '', 'round_2_sig_str_body_1': '', 'round_2_sig_str_body_2': '', 'round_2_sig_str_leg_1': '16 of 24', 'round_2_sig_str_leg_2': '13 of 31', 'round_2_sig_str_dist_1': '66%', 'round_2_sig_str_dist_2': '41%', 'round_2_sig_str_clinch_1': '3 of 10', 'round_2_sig_str_clinch_2': '3 of 13', 'round_2_sig_str_ground_1': '3 of 3', 'round_2_sig_str_ground_2': '0 of 2'}","{'round_3_sig_str_head_1': '', 'round_3_sig_str_head_2': '', 'round_3_sig_str_body_1': '', 'round_3_sig_str_body_2': '', 'round_3_sig_str_leg_1': '16 of 24', 'round_3_sig_str_leg_2': '13 of 31', 'round_3_sig_str_dist_1': '66%', 'round_3_sig_str_dist_2': '41%', 'round_3_sig_str_clinch_1': '3 of 10', 'round_3_sig_str_clinch_2': '3 of 13', 'round_3_sig_str_ground_1': '3 of 3', 'round_3_sig_str_ground_2': '0 of 2'}","{'round_4_sig_str_head_1': '', 'round_4_sig_str_head_2': '', 'round_4_sig_str_body_1': '', 'round_4_sig_str_body_2': '', 'round_4_sig_str_leg_1': '16 of 24', 'round_4_sig_str_leg_2': '13 of 31', 'round_4_sig_str_dist_1': '66%', 'round_4_sig_str_dist_2': '41%', 'round_4_sig_str_clinch_1': '3 of 10', 'round_4_sig_str_clinch_2': '3 of 13', 'round_4_sig_str_ground_1': '3 of 3', 'round_4_sig_str_ground_2': '0 of 2'}","{'round_5_sig_str_head_1': '', 'round_5_sig_str_head_2': '', 'round_5_sig_str_body_1': '', 'round_5_sig_str_body_2': '', 'round_5_sig_str_leg_1': '16 of 24', 'round_5_sig_str_leg_2': '13 of 31', 'round_5_sig_str_dist_1': '66%', 'round_5_sig_str_dist_2': '41%', 'round_5_sig_str_clinch_1': '3 of 10', 'round_5_sig_str_clinch_2': '3 of 13', 'round_5_sig_str_ground_1': '3 of 3', 'round_5_sig_str_ground_2': '0 of 2'}",,,,,,,,,,,,,,,,,,
http://ufcstats.com/fight-details/5d8af316413ea2f7,"March 15, 2025","Las Vegas, Nevada, USA",L,Daniel Barez,,W,Andre Lima,"""Mascote""",,Submission,,,,,Rear Naked Choke,,,,,0,0,33 of 79,108 of 159,41%,67%,34 of 80,161 of 220,1 of 5,2 of 2,20%,100%,0,1,,,,,,,,,,,,,,,,,,,,,,,0,0,26 of 50,47 of 74,52%,63%,26 of 50,48 of 75,1 of 2,0 of 0,50%,---,0,0,,,,,0,0,6 of 22,56 of 77,27%,72%,6 of 22,76 of 101,0 of 2,1 of 1,0%,100%,0,0,,,,,0,0,1 of 7,5 of 8,14%,62%,2 of 8,37 of 44,0 of 1,1 of 1,0%,100%,0,1,,,,,,,,,,,,,,,,,,,,,,,,,,,,,,,,,,,,,,,,,,,,,,,,,,,,,,,,,,,,,,,,,,,,,,,,,,,,,,,,,,,,,,,,,,,0,0,33 of 79,108 of 159,41%,67%,34 of 80,161 of 220,1 of 5,2 of 2,20%,100%,"{'round_1_sig_str_head_1': '', 'round_1_sig_str_head_2': '', 'round_1_sig_str_body_1': '', 'round_1_sig_str_body_2': '', 'round_1_sig_str_leg_1': '26 of 50', 'round_1_sig_str_leg_2': '47 of 74', 'round_1_sig_str_dist_1': '52%', 'round_1_sig_str_dist_2': '63%', 'round_1_sig_str_clinch_1': '17 of 40', 'round_1_sig_str_clinch_2': '21 of 45', 'round_1_sig_str_ground_1': '5 of 6', 'round_1_sig_str_ground_2': '12 of 13'}","{'round_2_sig_str_head_1': '', 'round_2_sig_str_head_2': '', 'round_2_sig_str_body_1': '', 'round_2_sig_str_body_2': '', 'round_2_sig_str_leg_1': '26 of 50', 'round_2_sig_str_leg_2': '47 of 74', 'round_2_sig_str_dist_1': '52%', 'round_2_sig_str_dist_2': '63%', 'round_2_sig_str_clinch_1': '17 of 40', 'round_2_sig_str_clinch_2': '21 of 45', 'round_2_sig_str_ground_1': '5 of 6', 'round_2_sig_str_ground_2': '12 of 13'}","{'round_3_sig_str_head_1': '', 'round_3_sig_str_head_2': '', 'round_3_sig_str_body_1': '', 'round_3_sig_str_body_2': '', 'round_3_sig_str_leg_1': '26 of 50', 'round_3_sig_str_leg_2': '47 of 74', 'round_3_sig_str_dist_1': '52%', 'round_3_sig_str_dist_2': '63%', 'round_3_sig_str_clinch_1': '17 of 40', 'round_3_sig_str_clinch_2': '21 of 45', 'round_3_sig_str_ground_1': '5 of 6', 'round_3_sig_str_ground_2': '12 of 13'}","{'round_4_sig_str_head_1': '', 'round_4_sig_str_head_2': '', 'round_4_sig_str_body_1': '', 'round_4_sig_str_body_2': '', 'round_4_sig_str_leg_1': '26 of 50', 'round_4_sig_str_leg_2': '47 of 74', 'round_4_sig_str_dist_1': '52%', 'round_4_sig_str_dist_2': '63%', 'round_4_sig_str_clinch_1': '17 of 40', 'round_4_sig_str_clinch_2': '21 of 45', 'round_4_sig_str_ground_1': '5 of 6', 'round_4_sig_str_ground_2': '12 of 13'}","{'round_5_sig_str_head_1': '', 'round_5_sig_str_head_2': '', 'round_5_sig_str_body_1': '', 'round_5_sig_str_body_2': '', 'round_5_sig_str_leg_1': '26 of 50', 'round_5_sig_str_leg_2': '47 of 74', 'round_5_sig_str_dist_1': '52%', 'round_5_sig_str_dist_2': '63%', 'round_5_sig_str_clinch_1': '17 of 40', 'round_5_sig_str_clinch_2': '21 of 45', 'round_5_sig_str_ground_1': '5 of 6', 'round_5_sig_str_ground_2': '12 of 13'}",,,,,,,,,,,,,,,,,,
http://ufcstats.com/fight-details/ab1aa23060d4e87b,"March 15, 2025","Las Vegas, Nevada, USA",W,Da'Mon Blackshear,"""The Monster""",L,Cody Gibson,"""The Renegade""",Bantamweight Bout,Submission,,,,,Kimura From Side Control,,,,,0,0,13 of 39,45 of 71,33%,63%,46 of 74,53 of 82,0 of 1,1 of 5,0%,20%,3,0,,,,,,,,,,,,,,,,,,,,,,,0,0,6 of 16,30 of 43,37%,69%,9 of 21,37 of 52,0 of 0,0 of 4,---,0%,2,0,,,,,0,0,7 of 23,15 of 28,30%,53%,37 of 53,16 of 30,0 of 1,1 of 1,0%,100%,1,0,,,,,,,,,,,,,,,,,,,,,,,,,,,,,,,,,,,,,,,,,,,,,,,,,,,,,,,,,,,,,,,,,,,,,,,,,,,,,,,,,,,,,,,,,,,,,,,,,,,,,,,,,,,,,0,0,13 of 39,45 of 71,33%,63%,46 of 74,53 of 82,0 of 1,1 of 5,0%,20%,"{'round_1_sig_str_head_1': '', 'round_1_sig_str_head_2': '', 'round_1_sig_str_body_1': '', 'round_1_sig_str_body_2': '', 'round_1_sig_str_leg_1': '6 of 16', 'round_1_sig_str_leg_2': '30 of 43', 'round_1_sig_str_dist_1': '37%', 'round_1_sig_str_dist_2': '69%', 'round_1_sig_str_clinch_1': '5 of 14', 'round_1_sig_str_clinch_2': '16 of 27', 'round_1_sig_str_ground_1': '1 of 2', 'round_1_sig_str_ground_2': '9 of 11'}","{'round_2_sig_str_head_1': '', 'round_2_sig_str_head_2': '', 'round_2_sig_str_body_1': '', 'round_2_sig_str_body_2': '', 'round_2_sig_str_leg_1': '6 of 16', 'round_2_sig_str_leg_2': '30 of 43', 'round_2_sig_str_dist_1': '37%', 'round_2_sig_str_dist_2': '69%', 'round_2_sig_str_clinch_1': '5 of 14', 'round_2_sig_str_clinch_2': '16 of 27', 'round_2_sig_str_ground_1': '1 of 2', 'round_2_sig_str_ground_2': '9 of 11'}","{'round_3_sig_str_head_1': '', 'round_3_sig_str_head_2': '', 'round_3_sig_str_body_1': '', 'round_3_sig_str_body_2': '', 'round_3_sig_str_leg_1': '6 of 16', 'round_3_sig_str_leg_2': '30 of 43', 'round_3_sig_str_dist_1': '37%', 'round_3_sig_str_dist_2': '69%', 'round_3_sig_str_clinch_1': '5 of 14', 'round_3_sig_str_clinch_2': '16 of 27', 'round_3_sig_str_ground_1': '1 of 2', 'round_3_sig_str_ground_2': '9 of 11'}","{'round_4_sig_str_head_1': '', 'round_4_sig_str_head_2': '', 'round_4_sig_str_body_1': '', 'round_4_sig_str_body_2': '', 'round_4_sig_str_leg_1': '6 of 16', 'round_4_sig_str_leg_2': '30 of 43', 'round_4_sig_str_dist_1': '37%', 'round_4_sig_str_dist_2': '69%', 'round_4_sig_str_clinch_1': '5 of 14', 'round_4_sig_str_clinch_2': '16 of 27', 'round_4_sig_str_ground_1': '1 of 2', 'round_4_sig_str_ground_2': '9 of 11'}","{'round_5_sig_str_head_1': '', 'round_5_sig_str_head_2': '', 'round_5_sig_str_body_1': '', 'round_5_sig_str_body_2': '', 'round_5_sig_str_leg_1': '6 of 16', 'round_5_sig_str_leg_2': '30 of 43', 'round_5_sig_str_dist_1': '37%', 'round_5_sig_str_dist_2': '69%', 'round_5_sig_str_clinch_1': '5 of 14', 'round_5_sig_str_clinch_2': '16 of 27', 'round_5_sig_str_ground_1': '1 of 2', 'round_5_sig_str_ground_2': '9 of 11'}",,,,,,,,,,,,,,,,,,
http://ufcstats.com/fight-details/74bc22b367cca118,"March 15, 2025","Las Vegas, Nevada, USA",W,Waldo Cortes-Acosta,"""Salsa Boy""",L,Ryan Spann,"""Superman""",Heavyweight Bout,KO/TKO,,,,,Punches to Head From Guard,,,,,1,0,66 of 111,23 of 86,59%,26%,77 of 123,24 of 87,0 of 1,0 of 2,0%,0%,0,0,,,,,,,,,,,,,,,,,,,,,,,0,0,27 of 49,12 of 33,55%,36%,31 of 53,13 of 34,0 of 1,0 of 1,0%,0%,0,0,,,,,1,0,39 of 62,11 of 53,62%,20%,46 of 70,11 of 53,0 of 0,0 of 1,---,0%,0,0,,,,,,,,,,,,,,,,,,,,,,,,,,,,,,,,,,,,,,,,,,,,,,,,,,,,,,,,,,,,,,,,,,,,,,,,,,,,,,,,,,,,,,,,,,,,,,,,,,,,,,,,,,,,,1,0,66 of 111,23 of 86,59%,26%,77 of 123,24 of 87,0 of 1,0 of 2,0%,0%,"{'round_1_sig_str_head_1': '', 'round_1_sig_str_head_2': '', 'round_1_sig_str_body_1': '', 'round_1_sig_str_body_2': '', 'round_1_sig_str_leg_1': '27 of 49', 'round_1_sig_str_leg_2': '12 of 33', 'round_1_sig_str_dist_1': '55%', 'round_1_sig_str_dist_2': '36%', 'round_1_sig_str_clinch_1': '21 of 40', 'round_1_sig_str_clinch_2': '5 of 23', 'round_1_sig_str_ground_1': '1 of 3', 'round_1_sig_str_ground_2': '2 of 5'}","{'round_2_sig_str_head_1': '', 'round_2_sig_str_head_2': '', 'round_2_sig_str_body_1': '', 'round_2_sig_str_body_2': '', 'round_2_sig_str_leg_1': '27 of 49', 'round_2_sig_str_leg_2': '12 of 33', 'round_2_sig_str_dist_1': '55%', 'round_2_sig_str_dist_2': '36%', 'round_2_sig_str_clinch_1': '21 of 40', 'round_2_sig_str_clinch_2': '5 of 23', 'round_2_sig_str_ground_1': '1 of 3', 'round_2_sig_str_ground_2': '2 of 5'}","{'round_3_sig_str_head_1': '', 'round_3_sig_str_head_2': '', 'round_3_sig_str_body_1': '', 'round_3_sig_str_body_2': '', 'round_3_sig_str_leg_1': '27 of 49', 'round_3_sig_str_leg_2': '12 of 33', 'round_3_sig_str_dist_1': '55%', 'round_3_sig_str_dist_2': '36%', 'round_3_sig_str_clinch_1': '21 of 40', 'round_3_sig_str_clinch_2': '5 of 23', 'round_3_sig_str_ground_1': '1 of 3', 'round_3_sig_str_ground_2': '2 of 5'}","{'round_4_sig_str_head_1': '', 'round_4_sig_str_head_2': '', 'round_4_sig_str_body_1': '', 'round_4_sig_str_body_2': '', 'round_4_sig_str_leg_1': '27 of 49', 'round_4_sig_str_leg_2': '12 of 33', 'round_4_sig_str_dist_1': '55%', 'round_4_sig_str_dist_2': '36%', 'round_4_sig_str_clinch_1': '21 of 40', 'round_4_sig_str_clinch_2': '5 of 23', 'round_4_sig_str_ground_1': '1 of 3', 'round_4_sig_str_ground_2': '2 of 5'}","{'round_5_sig_str_head_1': '', 'round_5_sig_str_head_2': '', 'round_5_sig_str_body_1': '', 'round_5_sig_str_body_2': '', 'round_5_sig_str_leg_1': '27 of 49', 'round_5_sig_str_leg_2': '12 of 33', 'round_5_sig_str_dist_1': '55%', 'round_5_sig_str_dist_2': '36%', 'round_5_sig_str_clinch_1': '21 of 40', 'round_5_sig_str_clinch_2': '5 of 23', 'round_5_sig_str_ground_1': '1 of 3', 'round_5_sig_str_ground_2': '2 of 5'}",,,,,,,,,,,,,,,,,,
http://ufcstats.com/fight-details/29d9c5a3f2b78903,"March 15, 2025","Las Vegas, Nevada, USA",W,SuYoung You,"""Yoo-Jitsu""",L,AJ Cunningham,"""The Savage""",Bantamweight Bout,Decision - Unanimous,,,,,Eric Colon 27 - 30. Chris Leben 27 - 30. Tony Weeks 27 - 30.,,,,,0,0,18 of 32,16 of 52,56%,30%,77 of 96,19 of 55,5 of 10,0 of 0,50%,---,1,1,,,,,,,,,,,,,,,,,,,,,,,0,0,7 of 10,9 of 26,70%,34%,20 of 24,9 of 26,2 of 3,0 of 0,66%,---,0,0,,,,,0,0,10 of 18,6 of 19,55%,31%,36 of 47,9 of 22,1 of 3,0 of 0,33%,---,0,1,,,,,0,0,1 of 4,1 of 7,25%,14%,21 of 25,1 of 7,2 of 4,0 of 0,50%,---,1,0,,,,,,,,,,,,,,,,,,,,,,,,,,,,,,,,,,,,,,,,,,,,,,,,,,,,,,,,,,,,,,,,,,,,,,,,,,,,,,,,,,,,,,,,,,,0,0,18 of 32,16 of 52,56%,30%,77 of 96,19 of 55,5 of 10,0 of 0,50%,---,"{'round_1_sig_str_head_1': '', 'round_1_sig_str_head_2': '', 'round_1_sig_str_body_1': '', 'round_1_sig_str_body_2': '', 'round_1_sig_str_leg_1': '7 of 10', 'round_1_sig_str_leg_2': '9 of 26', 'round_1_sig_str_dist_1': '70%', 'round_1_sig_str_dist_2': '34%', 'round_1_sig_str_clinch_1': '1 of 4', 'round_1_sig_str_clinch_2': '5 of 20', 'round_1_sig_str_ground_1': '3 of 3', 'round_1_sig_str_ground_2': '1 of 1'}","{'round_2_sig_str_head_1': '', 'round_2_sig_str_head_2': '', 'round_2_sig_str_body_1': '', 'round_2_sig_str_body_2': '', 'round_2_sig_str_leg_1': '7 of 10', 'round_2_sig_str_leg_2': '9 of 26', 'round_2_sig_str_dist_1': '70%', 'round_2_sig_str_dist_2': '34%', 'round_2_sig_str_clinch_1': '1 of 4', 'round_2_sig_str_clinch_2': '5 of 20', 'round_2_sig_str_ground_1': '3 of 3', 'round_2_sig_str_ground_2': '1 of 1'}","{'round_3_sig_str_head_1': '', 'round_3_sig_str_head_2': '', 'round_3_sig_str_body_1': '', 'round_3_sig_str_body_2': '', 'round_3_sig_str_leg_1': '7 of 10', 'round_3_sig_str_leg_2': '9 of 26', 'round_3_sig_str_dist_1': '70%', 'round_3_sig_str_dist_2': '34%', 'round_3_sig_str_clinch_1': '1 of 4', 'round_3_sig_str_clinch_2': '5 of 20', 'round_3_sig_str_ground_1': '3 of 3', 'round_3_sig_str_ground_2': '1 of 1'}","{'round_4_sig_str_head_1': '', 'round_4_sig_str_head_2': '', 'round_4_sig_str_body_1': '', 'round_4_sig_str_body_2': '', 'round_4_sig_str_leg_1': '7 of 10', 'round_4_sig_str_leg_2': '9 of 26', 'round_4_sig_str_dist_1': '70%', 'round_4_sig_str_dist_2': '34%', 'round_4_sig_str_clinch_1': '1 of 4', 'round_4_sig_str_clinch_2': '5 of 20', 'round_4_sig_str_ground_1': '3 of 3', 'round_4_sig_str_ground_2': '1 of 1'}","{'round_5_sig_str_head_1': '', 'round_5_sig_str_head_2': '', 'round_5_sig_str_body_1': '', 'round_5_sig_str_body_2': '', 'round_5_sig_str_leg_1': '7 of 10', 'round_5_sig_str_leg_2': '9 of 26', 'round_5_sig_str_dist_1': '70%', 'round_5_sig_str_dist_2': '34%', 'round_5_sig_str_clinch_1': '1 of 4', 'round_5_sig_str_clinch_2': '5 of 20', 'round_5_sig_str_ground_1': '3 of 3', 'round_5_sig_str_ground_2': '1 of 1'}",,,,,,,,,,,,,,,,,,
http://ufcstats.com/fight-details/e56403718205b494,"March 15, 2025","Las Vegas, Nevada, USA",L,Diyar Nurgozhay,,W,Brendson Ribeiro,"""The Gorilla""",Light Heavyweight Bout,Submission,,,,,Kimura From Bottom Side Control,,,,,0,1,17 of 39,28 of 58,43%,48%,20 of 42,29 of 60,2 of 2,0 of 1,100%,0%,0,1,,,,,,,,,,,,,,,,,,,,,,,0,1,15 of 35,23 of 50,42%,46%,16 of 36,24 of 52,0 of 0,0 of 1,---,0%,0,0,,,,,0,0,2 of 4,5 of 8,50%,62%,4 of 6,5 of 8,2 of 2,0 of 0,100%,---,0,1,,,,,,,,,,,,,,,,,,,,,,,,,,,,,,,,,,,,,,,,,,,,,,,,,,,,,,,,,,,,,,,,,,,,,,,,,,,,,,,,,,,,,,,,,,,,,,,,,,,,,,,,,,,,,0,1,17 of 39,28 of 58,43%,48%,20 of 42,29 of 60,2 of 2,0 of 1,100%,0%,"{'round_1_sig_str_head_1': '', 'round_1_sig_str_head_2': '', 'round_1_sig_str_body_1': '', 'round_1_sig_str_body_2': '', 'round_1_sig_str_leg_1': '15 of 35', 'round_1_sig_str_leg_2': '23 of 50', 'round_1_sig_str_dist_1': '42%', 'round_1_sig_str_dist_2': '46%', 'round_1_sig_str_clinch_1': '4 of 19', 'round_1_sig_str_clinch_2': '12 of 32', 'round_1_sig_str_ground_1': '7 of 12', 'round_1_sig_str_ground_2': '5 of 9'}","{'round_2_sig_str_head_1': '', 'round_2_sig_str_head_2': '', 'round_2_sig_str_body_1': '', 'round_2_sig_str_body_2': '', 'round_2_sig_str_leg_1': '15 of 35', 'round_2_sig_str_leg_2': '23 of 50', 'round_2_sig_str_dist_1': '42%', 'round_2_sig_str_dist_2': '46%', 'round_2_sig_str_clinch_1': '4 of 19', 'round_2_sig_str_clinch_2': '12 of 32', 'round_2_sig_str_ground_1': '7 of 12', 'round_2_sig_str_ground_2': '5 of 9'}","{'round_3_sig_str_head_1': '', 'round_3_sig_str_head_2': '', 'round_3_sig_str_body_1': '', 'round_3_sig_str_body_2': '', 'round_3_sig_str_leg_1': '15 of 35', 'round_3_sig_str_leg_2': '23 of 50', 'round_3_sig_str_dist_1': '42%', 'round_3_sig_str_dist_2': '46%', 'round_3_sig_str_clinch_1': '4 of 19', 'round_3_sig_str_clinch_2': '12 of 32', 'round_3_sig_str_ground_1': '7 of 12', 'round_3_sig_str_ground_2': '5 of 9'}","{'round_4_sig_str_head_1': '', 'round_4_sig_str_head_2': '', 'round_4_sig_str_body_1': '', 'round_4_sig_str_body_2': '', 'round_4_sig_str_leg_1': '15 of 35', 'round_4_sig_str_leg_2': '23 of 50', 'round_4_sig_str_dist_1': '42%', 'round_4_sig_str_dist_2': '46%', 'round_4_sig_str_clinch_1': '4 of 19', 'round_4_sig_str_clinch_2': '12 of 32', 'round_4_sig_str_ground_1': '7 of 12', 'round_4_sig_str_ground_2': '5 of 9'}","{'round_5_sig_str_head_1': '', 'round_5_sig_str_head_2': '', 'round_5_sig_str_body_1': '', 'round_5_sig_str_body_2': '', 'round_5_sig_str_leg_1': '15 of 35', 'round_5_sig_str_leg_2': '23 of 50', 'round_5_sig_str_dist_1': '42%', 'round_5_sig_str_dist_2': '46%', 'round_5_sig_str_clinch_1': '4 of 19', 'round_5_sig_str_clinch_2': '12 of 32', 'round_5_sig_str_ground_1': '7 of 12', 'round_5_sig_str_ground_2': '5 of 9'}",,,,,,,,,,,,,,,,,,
http://ufcstats.com/fight-details/36db86c39ed09997,"March 15, 2025","Las Vegas, Nevada, USA",L,SeungWoo Choi,"""Sting""",W,Kevin Vallejos,"""El Chino""",Featherweight Bout,KO/TKO,,,,,Punches to Head On Ground,,,,,0,1,16 of 44,14 of 27,36%,51%,16 of 44,26 of 39,0 of 0,0 of 0,---,---,0,0,,,,,,,,,,,,,,,,,,,,,,,0,1,16 of 44,14 of 27,36%,51%,16 of 44,26 of 39,0 of 0,0 of 0,---,---,0,0,,,,,,,,,,,,,,,,,,,,,,,,,,,,,,,,,,,,,,,,,,,,,,,,,,,,,,,,,,,,,,,,,,,,,,,,,,,,,,,,,,,,,,,,,,,,,,,,,,,,,,,,,,,,,,,,,,,,,,,,,,,,,,,0,1,16 of 44,14 of 27,36%,51%,16 of 44,26 of 39,0 of 0,0 of 0,---,---,"{'round_1_sig_str_head_1': '', 'round_1_sig_str_head_2': '', 'round_1_sig_str_body_1': '', 'round_1_sig_str_body_2': '', 'round_1_sig_str_leg_1': '16 of 44', 'round_1_sig_str_leg_2': '14 of 27', 'round_1_sig_str_dist_1': '36%', 'round_1_sig_str_dist_2': '51%', 'round_1_sig_str_clinch_1': '4 of 20', 'round_1_sig_str_clinch_2': '4 of 12', 'round_1_sig_str_ground_1': '1 of 8', 'round_1_sig_str_ground_2': '3 of 6'}","{'round_2_sig_str_head_1': '', 'round_2_sig_str_head_2': '', 'round_2_sig_str_body_1': '', 'round_2_sig_str_body_2': '', 'round_2_sig_str_leg_1': '16 of 44', 'round_2_sig_str_leg_2': '14 of 27', 'round_2_sig_str_dist_1': '36%', 'round_2_sig_str_dist_2': '51%', 'round_2_sig_str_clinch_1': '4 of 20', 'round_2_sig_str_clinch_2': '4 of 12', 'round_2_sig_str_ground_1': '1 of 8', 'round_2_sig_str_ground_2': '3 of 6'}","{'round_3_sig_str_head_1': '', 'round_3_sig_str_head_2': '', 'round_3_sig_str_body_1': '', 'round_3_sig_str_body_2': '', 'round_3_sig_str_leg_1': '16 of 44', 'round_3_sig_str_leg_2': '14 of 27', 'round_3_sig_str_dist_1': '36%', 'round_3_sig_str_dist_2': '51%', 'round_3_sig_str_clinch_1': '4 of 20', 'round_3_sig_str_clinch_2': '4 of 12', 'round_3_sig_str_ground_1': '1 of 8', 'round_3_sig_str_ground_2': '3 of 6'}","{'round_4_sig_str_head_1': '', 'round_4_sig_str_head_2': '', 'round_4_sig_str_body_1': '', 'round_4_sig_str_body_2': '', 'round_4_sig_str_leg_1': '16 of 44', 'round_4_sig_str_leg_2': '14 of 27', 'round_4_sig_str_dist_1': '36%', 'round_4_sig_str_dist_2': '51%', 'round_4_sig_str_clinch_1': '4 of 20', 'round_4_sig_str_clinch_2': '4 of 12', 'round_4_sig_str_ground_1': '1 of 8', 'round_4_sig_str_ground_2': '3 of 6'}","{'round_5_sig_str_head_1': '', 'round_5_sig_str_head_2': '', 'round_5_sig_str_body_1': '', 'round_5_sig_str_body_2': '', 'round_5_sig_str_leg_1': '16 of 44', 'round_5_sig_str_leg_2': '14 of 27', 'round_5_sig_str_dist_1': '36%', 'round_5_sig_str_dist_2': '51%', 'round_5_sig_str_clinch_1': '4 of 20', 'round_5_sig_str_clinch_2': '4 of 12', 'round_5_sig_str_ground_1': '1 of 8', 'round_5_sig_str_ground_2': '3 of 6'}",,,,,,,,,,,,,,,,,,
http://ufcstats.com/fight-details/c83133ee114945ed,"March 15, 2025","Las Vegas, Nevada, USA",W,Chidi Njokuani,"""Bang Bang""",L,Elizeu Zaleski dos Santos,"""Capoeira""",Welterweight Bout,KO/TKO,,,,,Knee to Head In Clinch,,,,,1,0,46 of 87,17 of 49,52%,34%,46 of 88,19 of 54,0 of 0,1 of 5,---,20%,0,0,,,,,,,,,,,,,,,,,,,,,,,0,0,23 of 45,9 of 25,51%,36%,23 of 46,11 of 30,0 of 0,1 of 4,---,25%,0,0,,,,,1,0,23 of 42,8 of 24,54%,33%,23 of 42,8 of 24,0 of 0,0 of 1,---,0%,0,0,,,,,,,,,,,,,,,,,,,,,,,,,,,,,,,,,,,,,,,,,,,,,,,,,,,,,,,,,,,,,,,,,,,,,,,,,,,,,,,,,,,,,,,,,,,,,,,,,,,,,,,,,,,,,1,0,46 of 87,17 of 49,52%,34%,46 of 88,19 of 54,0 of 0,1 of 5,---,20%,"{'round_1_sig_str_head_1': '', 'round_1_sig_str_head_2': '', 'round_1_sig_str_body_1': '', 'round_1_sig_str_body_2': '', 'round_1_sig_str_leg_1': '23 of 45', 'round_1_sig_str_leg_2': '9 of 25', 'round_1_sig_str_dist_1': '51%', 'round_1_sig_str_dist_2': '36%', 'round_1_sig_str_clinch_1': '3 of 12', 'round_1_sig_str_clinch_2': '3 of 13', 'round_1_sig_str_ground_1': '13 of 23', 'round_1_sig_str_ground_2': '0 of 2'}","{'round_2_sig_str_head_1': '', 'round_2_sig_str_head_2': '', 'round_2_sig_str_body_1': '', 'round_2_sig_str_body_2': '', 'round_2_sig_str_leg_1': '23 of 45', 'round_2_sig_str_leg_2': '9 of 25', 'round_2_sig_str_dist_1': '51%', 'round_2_sig_str_dist_2': '36%', 'round_2_sig_str_clinch_1': '3 of 12', 'round_2_sig_str_clinch_2': '3 of 13', 'round_2_sig_str_ground_1': '13 of 23', 'round_2_sig_str_ground_2': '0 of 2'}","{'round_3_sig_str_head_1': '', 'round_3_sig_str_head_2': '', 'round_3_sig_str_body_1': '', 'round_3_sig_str_body_2': '', 'round_3_sig_str_leg_1': '23 of 45', 'round_3_sig_str_leg_2': '9 of 25', 'round_3_sig_str_dist_1': '51%', 'round_3_sig_str_dist_2': '36%', 'round_3_sig_str_clinch_1': '3 of 12', 'round_3_sig_str_clinch_2': '3 of 13', 'round_3_sig_str_ground_1': '13 of 23', 'round_3_sig_str_ground_2': '0 of 2'}","{'round_4_sig_str_head_1': '', 'round_4_sig_str_head_2': '', 'round_4_sig_str_body_1': '', 'round_4_sig_str_body_2': '', 'round_4_sig_str_leg_1': '23 of 45', 'round_4_sig_str_leg_2': '9 of 25', 'round_4_sig_str_dist_1': '51%', 'round_4_sig_str_dist_2': '36%', 'round_4_sig_str_clinch_1': '3 of 12', 'round_4_sig_str_clinch_2': '3 of 13', 'round_4_sig_str_ground_1': '13 of 23', 'round_4_sig_str_ground_2': '0 of 2'}","{'round_5_sig_str_head_1': '', 'round_5_sig_str_head_2': '', 'round_5_sig_str_body_1': '', 'round_5_sig_str_body_2': '', 'round_5_sig_str_leg_1': '23 of 45', 'round_5_sig_str_leg_2': '9 of 25', 'round_5_sig_str_dist_1': '51%', 'round_5_sig_str_dist_2': '36%', 'round_5_sig_str_clinch_1': '3 of 12', 'round_5_sig_str_clinch_2': '3 of 13', 'round_5_sig_str_ground_1': '13 of 23', 'round_5_sig_str_ground_2': '0 of 2'}",,,,,,,,,,,,,,,,,,
http://ufcstats.com/fight-details/b6475543ab6d20c9,"February 22, 2025","Seattle, Washington, USA",W,Modestas Bukauskas,"""The Baltic Gladiator""",L,Rafael Cerqueira,"""The Lion""",Light Heavyweight Bout,KO/TKO,,,,,Punches to Head At Distance,,,,,1,0,16 of 41,9 of 22,39%,40%,16 of 41,9 of 22,0 of 0,0 of 0,---,---,0,0,,,,,,,,,,,,,,,,,,,,,,,1,0,16 of 41,9 of 22,39%,40%,16 of 41,9 of 22,0 of 0,0 of 0,---,---,0,0,,,,,,,,,,,,,,,,,,,,,,,,,,,,,,,,,,,,,,,,,,,,,,,,,,,,,,,,,,,,,,,,,,,,,,,,,,,,,,,,,,,,,,,,,,,,,,,,,,,,,,,,,,,,,,,,,,,,,,,,,,,,,,,1,0,16 of 41,9 of 22,39%,40%,16 of 41,9 of 22,0 of 0,0 of 0,---,---,"{'round_1_sig_str_head_1': '', 'round_1_sig_str_head_2': '', 'round_1_sig_str_body_1': '', 'round_1_sig_str_body_2': '', 'round_1_sig_str_leg_1': '16 of 41', 'round_1_sig_str_leg_2': '9 of 22', 'round_1_sig_str_dist_1': '39%', 'round_1_sig_str_dist_2': '40%', 'round_1_sig_str_clinch_1': '11 of 36', 'round_1_sig_str_clinch_2': '4 of 16', 'round_1_sig_str_ground_1': '3 of 3', 'round_1_sig_str_ground_2': '0 of 1'}","{'round_2_sig_str_head_1': '', 'round_2_sig_str_head_2': '', 'round_2_sig_str_body_1': '', 'round_2_sig_str_body_2': '', 'round_2_sig_str_leg_1': '16 of 41', 'round_2_sig_str_leg_2': '9 of 22', 'round_2_sig_str_dist_1': '39%', 'round_2_sig_str_dist_2': '40%', 'round_2_sig_str_clinch_1': '11 of 36', 'round_2_sig_str_clinch_2': '4 of 16', 'round_2_sig_str_ground_1': '3 of 3', 'round_2_sig_str_ground_2': '0 of 1'}","{'round_3_sig_str_head_1': '', 'round_3_sig_str_head_2': '', 'round_3_sig_str_body_1': '', 'round_3_sig_str_body_2': '', 'round_3_sig_str_leg_1': '16 of 41', 'round_3_sig_str_leg_2': '9 of 22', 'round_3_sig_str_dist_1': '39%', 'round_3_sig_str_dist_2': '40%', 'round_3_sig_str_clinch_1': '11 of 36', 'round_3_sig_str_clinch_2': '4 of 16', 'round_3_sig_str_ground_1': '3 of 3', 'round_3_sig_str_ground_2': '0 of 1'}","{'round_4_sig_str_head_1': '', 'round_4_sig_str_head_2': '', 'round_4_sig_str_body_1': '', 'round_4_sig_str_body_2': '', 'round_4_sig_str_leg_1': '16 of 41', 'round_4_sig_str_leg_2': '9 of 22', 'round_4_sig_str_dist_1': '39%', 'round_4_sig_str_dist_2': '40%', 'round_4_sig_str_clinch_1': '11 of 36', 'round_4_sig_str_clinch_2': '4 of 16', 'round_4_sig_str_ground_1': '3 of 3', 'round_4_sig_str_ground_2': '0 of 1'}","{'round_5_sig_str_head_1': '', 'round_5_sig_str_head_2': '', 'round_5_sig_str_body_1': '', 'round_5_sig_str_body_2': '', 'round_5_sig_str_leg_1': '16 of 41', 'round_5_sig_str_leg_2': '9 of 22', 'round_5_sig_str_dist_1': '39%', 'round_5_sig_str_dist_2': '40%', 'round_5_sig_str_clinch_1': '11 of 36', 'round_5_sig_str_clinch_2': '4 of 16', 'round_5_sig_str_ground_1': '3 of 3', 'round_5_sig_str_ground_2': '0 of 1'}",,,,,,,,,,,,,,,,,,
http://ufcstats.com/fight-details/67f7163e536d62e2,"March 15, 2025","Las Vegas, Nevada, USA",L,Marvin Vettori,"""The Italian Dream""",W,Roman Dolidze,,Middleweight Bout,Decision - Unanimous,,,,,Mike Bell 46 - 49. Derek Cleary 46 - 49. Sal D'amato 46 - 49.,,,,,0,0,111 of 220,141 of 338,50%,41%,112 of 221,141 of 340,0 of 0,0 of 1,---,0%,0,0,,,,,,,,,,,,,,,,,,,,,,,0,0,19 of 38,17 of 52,50%,32%,19 of 38,17 of 52,0 of 0,0 of 0,---,---,0,0,,,,,0,0,20 of 45,31 of 66,44%,46%,20 of 45,31 of 66,0 of 0,0 of 0,---,---,0,0,,,,,0,0,22 of 34,18 of 62,64%,29%,22 of 34,18 of 63,0 of 0,0 of 1,---,0%,0,0,,,,,,,,,,,,,,,,,,,,,,,,,,,,,,,,,,,,,,,,,,,,,,,,,,,,,,,,,,,,,,,,,,,,,,,,,,,,,,,,,,,,,,,,,,,0,0,111 of 220,141 of 338,50%,41%,112 of 221,141 of 340,0 of 0,0 of 1,---,0%,"{'round_1_sig_str_head_1': '', 'round_1_sig_str_head_2': '', 'round_1_sig_str_body_1': '', 'round_1_sig_str_body_2': '', 'round_1_sig_str_leg_1': '19 of 38', 'round_1_sig_str_leg_2': '17 of 52', 'round_1_sig_str_dist_1': '50%', 'round_1_sig_str_dist_2': '32%', 'round_1_sig_str_clinch_1': '8 of 26', 'round_1_sig_str_clinch_2': '9 of 40', 'round_1_sig_str_ground_1': '2 of 2', 'round_1_sig_str_ground_2': '2 of 2'}","{'round_2_sig_str_head_1': '', 'round_2_sig_str_head_2': '', 'round_2_sig_str_body_1': '', 'round_2_sig_str_body_2': '', 'round_2_sig_str_leg_1': '19 of 38', 'round_2_sig_str_leg_2': '17 of 52', 'round_2_sig_str_dist_1': '50%', 'round_2_sig_str_dist_2': '32%', 'round_2_sig_str_clinch_1': '8 of 26', 'round_2_sig_str_clinch_2': '9 of 40', 'round_2_sig_str_ground_1': '2 of 2', 'round_2_sig_str_ground_2': '2 of 2'}","{'round_3_sig_str_head_1': '', 'round_3_sig_str_head_2': '', 'round_3_sig_str_body_1': '', 'round_3_sig_str_body_2': '', 'round_3_sig_str_leg_1': '19 of 38', 'round_3_sig_str_leg_2': '17 of 52', 'round_3_sig_str_dist_1': '50%', 'round_3_sig_str_dist_2': '32%', 'round_3_sig_str_clinch_1': '8 of 26', 'round_3_sig_str_clinch_2': '9 of 40', 'round_3_sig_str_ground_1': '2 of 2', 'round_3_sig_str_ground_2': '2 of 2'}","{'round_4_sig_str_head_1': '', 'round_4_sig_str_head_2': '', 'round_4_sig_str_body_1': '', 'round_4_sig_str_body_2': '', 'round_4_sig_str_leg_1': '19 of 38', 'round_4_sig_str_leg_2': '17 of 52', 'round_4_sig_str_dist_1': '50%', 'round_4_sig_str_dist_2': '32%', 'round_4_sig_str_clinch_1': '8 of 26', 'round_4_sig_str_clinch_2': '9 of 40', 'round_4_sig_str_ground_1': '2 of 2', 'round_4_sig_str_ground_2': '2 of 2'}","{'round_5_sig_str_head_1': '', 'round_5_sig_str_head_2': '', 'round_5_sig_str_body_1': '', 'round_5_sig_str_body_2': '', 'round_5_sig_str_leg_1': '19 of 38', 'round_5_sig_str_leg_2': '17 of 52', 'round_5_sig_str_dist_1': '50%', 'round_5_sig_str_dist_2': '32%', 'round_5_sig_str_clinch_1': '8 of 26', 'round_5_sig_str_clinch_2': '9 of 40', 'round_5_sig_str_ground_1': '2 of 2', 'round_5_sig_str_ground_2': '2 of 2'}",,,,,0,0,21 of 43,37 of 71,48%,52%,21 of 43,37 of 71,0 of 0,0 of 0,---,---,0,0
http://ufcstats.com/fight-details/d8f40b82364b6411,"March 15, 2025","Las Vegas, Nevada, USA",W,Alexander Hernandez,"""The Great Ape""",L,Kurt Holobaugh,"""The Hurt""",Lightweight Bout,Decision - Unanimous,,,,,Eric Colon 27 - 30. Mike Bell 28 - 29. Bryan Miner 28 - 29.,,,,,0,0,59 of 149,71 of 171,39%,41%,87 of 186,106 of 215,4 of 5,0 of 0,80%,---,0,1,,,,,,,,,,,,,,,,,,,,,,,0,0,22 of 68,26 of 75,32%,34%,24 of 70,26 of 75,1 of 1,0 of 0,100%,---,0,1,,,,,0,0,30 of 62,38 of 78,48%,48%,37 of 75,48 of 91,1 of 1,0 of 0,100%,---,0,0,,,,,0,0,7 of 19,7 of 18,36%,38%,26 of 41,32 of 49,2 of 3,0 of 0,66%,---,0,0,,,,,,,,,,,,,,,,,,,,,,,,,,,,,,,,,,,,,,,,,,,,,,,,,,,,,,,,,,,,,,,,,,,,,,,,,,,,,,,,,,,,,,,,,,,0,0,59 of 149,71 of 171,39%,41%,87 of 186,106 of 215,4 of 5,0 of 0,80%,---,"{'round_1_sig_str_head_1': '', 'round_1_sig_str_head_2': '', 'round_1_sig_str_body_1': '', 'round_1_sig_str_body_2': '', 'round_1_sig_str_leg_1': '22 of 68', 'round_1_sig_str_leg_2': '26 of 75', 'round_1_sig_str_dist_1': '32%', 'round_1_sig_str_dist_2': '34%', 'round_1_sig_str_clinch_1': '12 of 51', 'round_1_sig_str_clinch_2': '11 of 49', 'round_1_sig_str_ground_1': '3 of 8', 'round_1_sig_str_ground_2': '8 of 16'}","{'round_2_sig_str_head_1': '', 'round_2_sig_str_head_2': '', 'round_2_sig_str_body_1': '', 'round_2_sig_str_body_2': '', 'round_2_sig_str_leg_1': '22 of 68', 'round_2_sig_str_leg_2': '26 of 75', 'round_2_sig_str_dist_1': '32%', 'round_2_sig_str_dist_2': '34%', 'round_2_sig_str_clinch_1': '12 of 51', 'round_2_sig_str_clinch_2': '11 of 49', 'round_2_sig_str_ground_1': '3 of 8', 'round_2_sig_str_ground_2': '8 of 16'}","{'round_3_sig_str_head_1': '', 'round_3_sig_str_head_2': '', 'round_3_sig_str_body_1': '', 'round_3_sig_str_body_2': '', 'round_3_sig_str_leg_1': '22 of 68', 'round_3_sig_str_leg_2': '26 of 75', 'round_3_sig_str_dist_1': '32%', 'round_3_sig_str_dist_2': '34%', 'round_3_sig_str_clinch_1': '12 of 51', 'round_3_sig_str_clinch_2': '11 of 49', 'round_3_sig_str_ground_1': '3 of 8', 'round_3_sig_str_ground_2': '8 of 16'}","{'round_4_sig_str_head_1': '', 'round_4_sig_str_head_2': '', 'round_4_sig_str_body_1': '', 'round_4_sig_str_body_2': '', 'round_4_sig_str_leg_1': '22 of 68', 'round_4_sig_str_leg_2': '26 of 75', 'round_4_sig_str_dist_1': '32%', 'round_4_sig_str_dist_2': '34%', 'round_4_sig_str_clinch_1': '12 of 51', 'round_4_sig_str_clinch_2': '11 of 49', 'round_4_sig_str_ground_1': '3 of 8', 'round_4_sig_str_ground_2': '8 of 16'}","{'round_5_sig_str_head_1': '', 'round_5_sig_str_head_2': '', 'round_5_sig_str_body_1': '', 'round_5_sig_str_body_2': '', 'round_5_sig_str_leg_1': '22 of 68', 'round_5_sig_str_leg_2': '26 of 75', 'round_5_sig_str_dist_1': '32%', 'round_5_sig_str_dist_2': '34%', 'round_5_sig_str_clinch_1': '12 of 51', 'round_5_sig_str_clinch_2': '11 of 49', 'round_5_sig_str_ground_1': '3 of 8', 'round_5_sig_str_ground_2': '8 of 16'}",,,,,,,,,,,,,,,,,,
http://ufcstats.com/fight-details/e9dfc2f009a77a8d,"February 22, 2025","Seattle, Washington, USA",W,Nursulton Ruziboev,"""Black""",L,Eric McConico,,Middleweight Bout,KO/TKO,,,,,Punch to Head At Distance,,,,,2,0,20 of 42,5 of 13,47%,38%,24 of 46,6 of 16,0 of 0,0 of 0,---,---,0,0,,,,,,,,,,,,,,,,,,,,,,,0,0,13 of 24,4 of 10,54%,40%,14 of 25,5 of 13,0 of 0,0 of 0,---,---,0,0,,,,,2,0,7 of 18,1 of 3,38%,33%,10 of 21,1 of 3,0 of 0,0 of 0,---,---,0,0,,,,,,,,,,,,,,,,,,,,,,,,,,,,,,,,,,,,,,,,,,,,,,,,,,,,,,,,,,,,,,,,,,,,,,,,,,,,,,,,,,,,,,,,,,,,,,,,,,,,,,,,,,,,,2,0,20 of 42,5 of 13,47%,38%,24 of 46,6 of 16,0 of 0,0 of 0,---,---,"{'round_1_sig_str_head_1': '', 'round_1_sig_str_head_2': '', 'round_1_sig_str_body_1': '', 'round_1_sig_str_body_2': '', 'round_1_sig_str_leg_1': '13 of 24', 'round_1_sig_str_leg_2': '4 of 10', 'round_1_sig_str_dist_1': '54%', 'round_1_sig_str_dist_2': '40%', 'round_1_sig_str_clinch_1': '8 of 17', 'round_1_sig_str_clinch_2': '0 of 3', 'round_1_sig_str_ground_1': '4 of 6', 'round_1_sig_str_ground_2': '1 of 2'}","{'round_2_sig_str_head_1': '', 'round_2_sig_str_head_2': '', 'round_2_sig_str_body_1': '', 'round_2_sig_str_body_2': '', 'round_2_sig_str_leg_1': '13 of 24', 'round_2_sig_str_leg_2': '4 of 10', 'round_2_sig_str_dist_1': '54%', 'round_2_sig_str_dist_2': '40%', 'round_2_sig_str_clinch_1': '8 of 17', 'round_2_sig_str_clinch_2': '0 of 3', 'round_2_sig_str_ground_1': '4 of 6', 'round_2_sig_str_ground_2': '1 of 2'}","{'round_3_sig_str_head_1': '', 'round_3_sig_str_head_2': '', 'round_3_sig_str_body_1': '', 'round_3_sig_str_body_2': '', 'round_3_sig_str_leg_1': '13 of 24', 'round_3_sig_str_leg_2': '4 of 10', 'round_3_sig_str_dist_1': '54%', 'round_3_sig_str_dist_2': '40%', 'round_3_sig_str_clinch_1': '8 of 17', 'round_3_sig_str_clinch_2': '0 of 3', 'round_3_sig_str_ground_1': '4 of 6', 'round_3_sig_str_ground_2': '1 of 2'}","{'round_4_sig_str_head_1': '', 'round_4_sig_str_head_2': '', 'round_4_sig_str_body_1': '', 'round_4_sig_str_body_2': '', 'round_4_sig_str_leg_1': '13 of 24', 'round_4_sig_str_leg_2': '4 of 10', 'round_4_sig_str_dist_1': '54%', 'round_4_sig_str_dist_2': '40%', 'round_4_sig_str_clinch_1': '8 of 17', 'round_4_sig_str_clinch_2': '0 of 3', 'round_4_sig_str_ground_1': '4 of 6', 'round_4_sig_str_ground_2': '1 of 2'}","{'round_5_sig_str_head_1': '', 'round_5_sig_str_head_2': '', 'round_5_sig_str_body_1': '', 'round_5_sig_str_body_2': '', 'round_5_sig_str_leg_1': '13 of 24', 'round_5_sig_str_leg_2': '4 of 10', 'round_5_sig_str_dist_1': '54%', 'round_5_sig_str_dist_2': '40%', 'round_5_sig_str_clinch_1': '8 of 17', 'round_5_sig_str_clinch_2': '0 of 3', 'round_5_sig_str_ground_1': '4 of 6', 'round_5_sig_str_ground_2': '1 of 2'}",,,,,,,,,,,,,,,,,,
http://ufcstats.com/fight-details/08763e87e10b9709,"February 22, 2025","Seattle, Washington, USA",W,Ion Cutelaba,"""The Hulk""",L,Ibo Aslan,"""The Last Ottoman""",Light Heavyweight Bout,Submission,,,,,Arm Triangle From Side Control,,,,,0,0,14 of 31,15 of 30,45%,50%,17 of 39,15 of 30,2 of 4,0 of 0,50%,---,1,0,,,,,,,,,,,,,,,,,,,,,,,0,0,14 of 31,15 of 30,45%,50%,17 of 39,15 of 30,2 of 4,0 of 0,50%,---,1,0,,,,,,,,,,,,,,,,,,,,,,,,,,,,,,,,,,,,,,,,,,,,,,,,,,,,,,,,,,,,,,,,,,,,,,,,,,,,,,,,,,,,,,,,,,,,,,,,,,,,,,,,,,,,,,,,,,,,,,,,,,,,,,,0,0,14 of 31,15 of 30,45%,50%,17 of 39,15 of 30,2 of 4,0 of 0,50%,---,"{'round_1_sig_str_head_1': '', 'round_1_sig_str_head_2': '', 'round_1_sig_str_body_1': '', 'round_1_sig_str_body_2': '', 'round_1_sig_str_leg_1': '14 of 31', 'round_1_sig_str_leg_2': '15 of 30', 'round_1_sig_str_dist_1': '45%', 'round_1_sig_str_dist_2': '50%', 'round_1_sig_str_clinch_1': '10 of 26', 'round_1_sig_str_clinch_2': '14 of 28', 'round_1_sig_str_ground_1': '2 of 3', 'round_1_sig_str_ground_2': '0 of 1'}","{'round_2_sig_str_head_1': '', 'round_2_sig_str_head_2': '', 'round_2_sig_str_body_1': '', 'round_2_sig_str_body_2': '', 'round_2_sig_str_leg_1': '14 of 31', 'round_2_sig_str_leg_2': '15 of 30', 'round_2_sig_str_dist_1': '45%', 'round_2_sig_str_dist_2': '50%', 'round_2_sig_str_clinch_1': '10 of 26', 'round_2_sig_str_clinch_2': '14 of 28', 'round_2_sig_str_ground_1': '2 of 3', 'round_2_sig_str_ground_2': '0 of 1'}","{'round_3_sig_str_head_1': '', 'round_3_sig_str_head_2': '', 'round_3_sig_str_body_1': '', 'round_3_sig_str_body_2': '', 'round_3_sig_str_leg_1': '14 of 31', 'round_3_sig_str_leg_2': '15 of 30', 'round_3_sig_str_dist_1': '45%', 'round_3_sig_str_dist_2': '50%', 'round_3_sig_str_clinch_1': '10 of 26', 'round_3_sig_str_clinch_2': '14 of 28', 'round_3_sig_str_ground_1': '2 of 3', 'round_3_sig_str_ground_2': '0 of 1'}","{'round_4_sig_str_head_1': '', 'round_4_sig_str_head_2': '', 'round_4_sig_str_body_1': '', 'round_4_sig_str_body_2': '', 'round_4_sig_str_leg_1': '14 of 31', 'round_4_sig_str_leg_2': '15 of 30', 'round_4_sig_str_dist_1': '45%', 'round_4_sig_str_dist_2': '50%', 'round_4_sig_str_clinch_1': '10 of 26', 'round_4_sig_str_clinch_2': '14 of 28', 'round_4_sig_str_ground_1': '2 of 3', 'round_4_sig_str_ground_2': '0 of 1'}","{'round_5_sig_str_head_1': '', 'round_5_sig_str_head_2': '', 'round_5_sig_str_body_1': '', 'round_5_sig_str_body_2': '', 'round_5_sig_str_leg_1': '14 of 31', 'round_5_sig_str_leg_2': '15 of 30', 'round_5_sig_str_dist_1': '45%', 'round_5_sig_str_dist_2': '50%', 'round_5_sig_str_clinch_1': '10 of 26', 'round_5_sig_str_clinch_2': '14 of 28', 'round_5_sig_str_ground_1': '2 of 3', 'round_5_sig_str_ground_2': '0 of 1'}",,,,,,,,,,,,,,,,,,
http://ufcstats.com/fight-details/e011819e721c4a2a,"February 22, 2025","Seattle, Washington, USA",W,Mansur Abdul-Malik,,L,Nick Klein,"""Blue Collar""",Middleweight Bout,KO/TKO,,,,,Punches to Head In Clinch,,,,,0,0,29 of 54,28 of 46,53%,60%,32 of 58,50 of 70,1 of 3,1 of 9,33%,11%,0,0,,,,,,,,,,,,,,,,,,,,,,,0,0,1 of 8,16 of 26,12%,61%,1 of 8,37 of 49,0 of 1,1 of 6,0%,16%,0,0,,,,,0,0,28 of 46,12 of 20,60%,60%,31 of 50,13 of 21,1 of 2,0 of 3,50%,0%,0,0,,,,,,,,,,,,,,,,,,,,,,,,,,,,,,,,,,,,,,,,,,,,,,,,,,,,,,,,,,,,,,,,,,,,,,,,,,,,,,,,,,,,,,,,,,,,,,,,,,,,,,,,,,,,,0,0,29 of 54,28 of 46,53%,60%,32 of 58,50 of 70,1 of 3,1 of 9,33%,11%,"{'round_1_sig_str_head_1': '', 'round_1_sig_str_head_2': '', 'round_1_sig_str_body_1': '', 'round_1_sig_str_body_2': '', 'round_1_sig_str_leg_1': '1 of 8', 'round_1_sig_str_leg_2': '16 of 26', 'round_1_sig_str_dist_1': '12%', 'round_1_sig_str_dist_2': '61%', 'round_1_sig_str_clinch_1': '0 of 7', 'round_1_sig_str_clinch_2': '3 of 11', 'round_1_sig_str_ground_1': '1 of 1', 'round_1_sig_str_ground_2': '0 of 2'}","{'round_2_sig_str_head_1': '', 'round_2_sig_str_head_2': '', 'round_2_sig_str_body_1': '', 'round_2_sig_str_body_2': '', 'round_2_sig_str_leg_1': '1 of 8', 'round_2_sig_str_leg_2': '16 of 26', 'round_2_sig_str_dist_1': '12%', 'round_2_sig_str_dist_2': '61%', 'round_2_sig_str_clinch_1': '0 of 7', 'round_2_sig_str_clinch_2': '3 of 11', 'round_2_sig_str_ground_1': '1 of 1', 'round_2_sig_str_ground_2': '0 of 2'}","{'round_3_sig_str_head_1': '', 'round_3_sig_str_head_2': '', 'round_3_sig_str_body_1': '', 'round_3_sig_str_body_2': '', 'round_3_sig_str_leg_1': '1 of 8', 'round_3_sig_str_leg_2': '16 of 26', 'round_3_sig_str_dist_1': '12%', 'round_3_sig_str_dist_2': '61%', 'round_3_sig_str_clinch_1': '0 of 7', 'round_3_sig_str_clinch_2': '3 of 11', 'round_3_sig_str_ground_1': '1 of 1', 'round_3_sig_str_ground_2': '0 of 2'}","{'round_4_sig_str_head_1': '', 'round_4_sig_str_head_2': '', 'round_4_sig_str_body_1': '', 'round_4_sig_str_body_2': '', 'round_4_sig_str_leg_1': '1 of 8', 'round_4_sig_str_leg_2': '16 of 26', 'round_4_sig_str_dist_1': '12%', 'round_4_sig_str_dist_2': '61%', 'round_4_sig_str_clinch_1': '0 of 7', 'round_4_sig_str_clinch_2': '3 of 11', 'round_4_sig_str_ground_1': '1 of 1', 'round_4_sig_str_ground_2': '0 of 2'}","{'round_5_sig_str_head_1': '', 'round_5_sig_str_head_2': '', 'round_5_sig_str_body_1': '', 'round_5_sig_str_body_2': '', 'round_5_sig_str_leg_1': '1 of 8', 'round_5_sig_str_leg_2': '16 of 26', 'round_5_sig_str_dist_1': '12%', 'round_5_sig_str_dist_2': '61%', 'round_5_sig_str_clinch_1': '0 of 7', 'round_5_sig_str_clinch_2': '3 of 11', 'round_5_sig_str_ground_1': '1 of 1', 'round_5_sig_str_ground_2': '0 of 2'}",,,,,,,,,,,,,,,,,,
http://ufcstats.com/fight-details/3ded9bfdfb75f39b,"February 22, 2025","Seattle, Washington, USA",L,Andre Fili,"""Touchy""",W,Melquizael Costa,"""Melk Cauthy""",Featherweight Bout,Submission,,,,,Guillotine Choke From Bottom Half Guard,,,,,0,0,7 of 24,27 of 56,29%,48%,7 of 24,27 of 56,1 of 1,0 of 1,100%,0%,0,1,,,,,,,,,,,,,,,,,,,,,,,0,0,7 of 24,27 of 56,29%,48%,7 of 24,27 of 56,1 of 1,0 of 1,100%,0%,0,1,,,,,,,,,,,,,,,,,,,,,,,,,,,,,,,,,,,,,,,,,,,,,,,,,,,,,,,,,,,,,,,,,,,,,,,,,,,,,,,,,,,,,,,,,,,,,,,,,,,,,,,,,,,,,,,,,,,,,,,,,,,,,,,0,0,7 of 24,27 of 56,29%,48%,7 of 24,27 of 56,1 of 1,0 of 1,100%,0%,"{'round_1_sig_str_head_1': '', 'round_1_sig_str_head_2': '', 'round_1_sig_str_body_1': '', 'round_1_sig_str_body_2': '', 'round_1_sig_str_leg_1': '7 of 24', 'round_1_sig_str_leg_2': '27 of 56', 'round_1_sig_str_dist_1': '29%', 'round_1_sig_str_dist_2': '48%', 'round_1_sig_str_clinch_1': '4 of 20', 'round_1_sig_str_clinch_2': '3 of 25', 'round_1_sig_str_ground_1': '3 of 4', 'round_1_sig_str_ground_2': '10 of 13'}","{'round_2_sig_str_head_1': '', 'round_2_sig_str_head_2': '', 'round_2_sig_str_body_1': '', 'round_2_sig_str_body_2': '', 'round_2_sig_str_leg_1': '7 of 24', 'round_2_sig_str_leg_2': '27 of 56', 'round_2_sig_str_dist_1': '29%', 'round_2_sig_str_dist_2': '48%', 'round_2_sig_str_clinch_1': '4 of 20', 'round_2_sig_str_clinch_2': '3 of 25', 'round_2_sig_str_ground_1': '3 of 4', 'round_2_sig_str_ground_2': '10 of 13'}","{'round_3_sig_str_head_1': '', 'round_3_sig_str_head_2': '', 'round_3_sig_str_body_1': '', 'round_3_sig_str_body_2': '', 'round_3_sig_str_leg_1': '7 of 24', 'round_3_sig_str_leg_2': '27 of 56', 'round_3_sig_str_dist_1': '29%', 'round_3_sig_str_dist_2': '48%', 'round_3_sig_str_clinch_1': '4 of 20', 'round_3_sig_str_clinch_2': '3 of 25', 'round_3_sig_str_ground_1': '3 of 4', 'round_3_sig_str_ground_2': '10 of 13'}","{'round_4_sig_str_head_1': '', 'round_4_sig_str_head_2': '', 'round_4_sig_str_body_1': '', 'round_4_sig_str_body_2': '', 'round_4_sig_str_leg_1': '7 of 24', 'round_4_sig_str_leg_2': '27 of 56', 'round_4_sig_str_dist_1': '29%', 'round_4_sig_str_dist_2': '48%', 'round_4_sig_str_clinch_1': '4 of 20', 'round_4_sig_str_clinch_2': '3 of 25', 'round_4_sig_str_ground_1': '3 of 4', 'round_4_sig_str_ground_2': '10 of 13'}","{'round_5_sig_str_head_1': '', 'round_5_sig_str_head_2': '', 'round_5_sig_str_body_1': '', 'round_5_sig_str_body_2': '', 'round_5_sig_str_leg_1': '7 of 24', 'round_5_sig_str_leg_2': '27 of 56', 'round_5_sig_str_dist_1': '29%', 'round_5_sig_str_dist_2': '48%', 'round_5_sig_str_clinch_1': '4 of 20', 'round_5_sig_str_clinch_2': '3 of 25', 'round_5_sig_str_ground_1': '3 of 4', 'round_5_sig_str_ground_2': '10 of 13'}",,,,,,,,,,,,,,,,,,
http://ufcstats.com/fight-details/615f7f894bafad82,"February 22, 2025","Seattle, Washington, USA",L,Nikolay Veretennikov,,W,Austin Vanderford,,Catch Weight Bout,KO/TKO,,,,,Punches to Head On Ground,,,,,0,0,5 of 19,39 of 52,26%,75%,21 of 36,102 of 121,0 of 0,2 of 4,---,50%,0,1,,,,,,,,,,,,,,,,,,,,,,,0,0,3 of 13,8 of 11,23%,72%,12 of 23,56 of 62,0 of 0,1 of 1,---,100%,0,1,,,,,0,0,2 of 6,31 of 41,33%,75%,9 of 13,46 of 59,0 of 0,1 of 3,---,33%,0,0,,,,,,,,,,,,,,,,,,,,,,,,,,,,,,,,,,,,,,,,,,,,,,,,,,,,,,,,,,,,,,,,,,,,,,,,,,,,,,,,,,,,,,,,,,,,,,,,,,,,,,,,,,,,,0,0,5 of 19,39 of 52,26%,75%,21 of 36,102 of 121,0 of 0,2 of 4,---,50%,"{'round_1_sig_str_head_1': '', 'round_1_sig_str_head_2': '', 'round_1_sig_str_body_1': '', 'round_1_sig_str_body_2': '', 'round_1_sig_str_leg_1': '3 of 13', 'round_1_sig_str_leg_2': '8 of 11', 'round_1_sig_str_dist_1': '23%', 'round_1_sig_str_dist_2': '72%', 'round_1_sig_str_clinch_1': '0 of 8', 'round_1_sig_str_clinch_2': '7 of 10', 'round_1_sig_str_ground_1': '2 of 4', 'round_1_sig_str_ground_2': '0 of 0'}","{'round_2_sig_str_head_1': '', 'round_2_sig_str_head_2': '', 'round_2_sig_str_body_1': '', 'round_2_sig_str_body_2': '', 'round_2_sig_str_leg_1': '3 of 13', 'round_2_sig_str_leg_2': '8 of 11', 'round_2_sig_str_dist_1': '23%', 'round_2_sig_str_dist_2': '72%', 'round_2_sig_str_clinch_1': '0 of 8', 'round_2_sig_str_clinch_2': '7 of 10', 'round_2_sig_str_ground_1': '2 of 4', 'round_2_sig_str_ground_2': '0 of 0'}","{'round_3_sig_str_head_1': '', 'round_3_sig_str_head_2': '', 'round_3_sig_str_body_1': '', 'round_3_sig_str_body_2': '', 'round_3_sig_str_leg_1': '3 of 13', 'round_3_sig_str_leg_2': '8 of 11', 'round_3_sig_str_dist_1': '23%', 'round_3_sig_str_dist_2': '72%', 'round_3_sig_str_clinch_1': '0 of 8', 'round_3_sig_str_clinch_2': '7 of 10', 'round_3_sig_str_ground_1': '2 of 4', 'round_3_sig_str_ground_2': '0 of 0'}","{'round_4_sig_str_head_1': '', 'round_4_sig_str_head_2': '', 'round_4_sig_str_body_1': '', 'round_4_sig_str_body_2': '', 'round_4_sig_str_leg_1': '3 of 13', 'round_4_sig_str_leg_2': '8 of 11', 'round_4_sig_str_dist_1': '23%', 'round_4_sig_str_dist_2': '72%', 'round_4_sig_str_clinch_1': '0 of 8', 'round_4_sig_str_clinch_2': '7 of 10', 'round_4_sig_str_ground_1': '2 of 4', 'round_4_sig_str_ground_2': '0 of 0'}","{'round_5_sig_str_head_1': '', 'round_5_sig_str_head_2': '', 'round_5_sig_str_body_1': '', 'round_5_sig_str_body_2': '', 'round_5_sig_str_leg_1': '3 of 13', 'round_5_sig_str_leg_2': '8 of 11', 'round_5_sig_str_dist_1': '23%', 'round_5_sig_str_dist_2': '72%', 'round_5_sig_str_clinch_1': '0 of 8', 'round_5_sig_str_clinch_2': '7 of 10', 'round_5_sig_str_ground_1': '2 of 4', 'round_5_sig_str_ground_2': '0 of 0'}",,,,,,,,,,,,,,,,,,
http://ufcstats.com/fight-details/bc6d70ab959dce70,"February 22, 2025","Seattle, Washington, USA",W,Ricky Simon,,L,Javid Basharat,"""The Snow Leopard""",,KO/TKO,,,,,Punch to Head At Distance,,,,,1,0,11 of 21,20 of 36,52%,55%,18 of 29,21 of 38,1 of 3,0 of 0,33%,---,0,0,,,,,,,,,,,,,,,,,,,,,,,1,0,11 of 21,20 of 36,52%,55%,18 of 29,21 of 38,1 of 3,0 of 0,33%,---,0,0,,,,,,,,,,,,,,,,,,,,,,,,,,,,,,,,,,,,,,,,,,,,,,,,,,,,,,,,,,,,,,,,,,,,,,,,,,,,,,,,,,,,,,,,,,,,,,,,,,,,,,,,,,,,,,,,,,,,,,,,,,,,,,,1,0,11 of 21,20 of 36,52%,55%,18 of 29,21 of 38,1 of 3,0 of 0,33%,---,"{'round_1_sig_str_head_1': '', 'round_1_sig_str_head_2': '', 'round_1_sig_str_body_1': '', 'round_1_sig_str_body_2': '', 'round_1_sig_str_leg_1': '11 of 21', 'round_1_sig_str_leg_2': '20 of 36', 'round_1_sig_str_dist_1': '52%', 'round_1_sig_str_dist_2': '55%', 'round_1_sig_str_clinch_1': '9 of 19', 'round_1_sig_str_clinch_2': '12 of 27', 'round_1_sig_str_ground_1': '1 of 1', 'round_1_sig_str_ground_2': '7 of 7'}","{'round_2_sig_str_head_1': '', 'round_2_sig_str_head_2': '', 'round_2_sig_str_body_1': '', 'round_2_sig_str_body_2': '', 'round_2_sig_str_leg_1': '11 of 21', 'round_2_sig_str_leg_2': '20 of 36', 'round_2_sig_str_dist_1': '52%', 'round_2_sig_str_dist_2': '55%', 'round_2_sig_str_clinch_1': '9 of 19', 'round_2_sig_str_clinch_2': '12 of 27', 'round_2_sig_str_ground_1': '1 of 1', 'round_2_sig_str_ground_2': '7 of 7'}","{'round_3_sig_str_head_1': '', 'round_3_sig_str_head_2': '', 'round_3_sig_str_body_1': '', 'round_3_sig_str_body_2': '', 'round_3_sig_str_leg_1': '11 of 21', 'round_3_sig_str_leg_2': '20 of 36', 'round_3_sig_str_dist_1': '52%', 'round_3_sig_str_dist_2': '55%', 'round_3_sig_str_clinch_1': '9 of 19', 'round_3_sig_str_clinch_2': '12 of 27', 'round_3_sig_str_ground_1': '1 of 1', 'round_3_sig_str_ground_2': '7 of 7'}","{'round_4_sig_str_head_1': '', 'round_4_sig_str_head_2': '', 'round_4_sig_str_body_1': '', 'round_4_sig_str_body_2': '', 'round_4_sig_str_leg_1': '11 of 21', 'round_4_sig_str_leg_2': '20 of 36', 'round_4_sig_str_dist_1': '52%', 'round_4_sig_str_dist_2': '55%', 'round_4_sig_str_clinch_1': '9 of 19', 'round_4_sig_str_clinch_2': '12 of 27', 'round_4_sig_str_ground_1': '1 of 1', 'round_4_sig_str_ground_2': '7 of 7'}","{'round_5_sig_str_head_1': '', 'round_5_sig_str_head_2': '', 'round_5_sig_str_body_1': '', 'round_5_sig_str_body_2': '', 'round_5_sig_str_leg_1': '11 of 21', 'round_5_sig_str_leg_2': '20 of 36', 'round_5_sig_str_dist_1': '52%', 'round_5_sig_str_dist_2': '55%', 'round_5_sig_str_clinch_1': '9 of 19', 'round_5_sig_str_clinch_2': '12 of 27', 'round_5_sig_str_ground_1': '1 of 1', 'round_5_sig_str_ground_2': '7 of 7'}",,,,,,,,,,,,,,,,,,
http://ufcstats.com/fight-details/19c8092496e94b85,"February 22, 2025","Seattle, Washington, USA",W,Rob Font,,L,Jean Matsumoto,,Catch Weight Bout,Decision - Split,,,,,Derek Cleary 28 - 29. Sal D'amato 29 - 28. Mike Bell 28 - 29.,,,,,0,0,95 of 171,77 of 181,55%,42%,113 of 191,113 of 225,0 of 0,7 of 10,---,70%,1,0,,,,,,,,,,,,,,,,,,,,,,,0,0,21 of 34,7 of 19,61%,36%,27 of 41,32 of 49,0 of 0,2 of 3,---,66%,0,0,,,,,0,0,34 of 56,29 of 61,60%,47%,36 of 58,35 of 69,0 of 0,5 of 5,---,100%,1,0,,,,,0,0,40 of 81,41 of 101,49%,40%,50 of 92,46 of 107,0 of 0,0 of 2,---,0%,0,0,,,,,,,,,,,,,,,,,,,,,,,,,,,,,,,,,,,,,,,,,,,,,,,,,,,,,,,,,,,,,,,,,,,,,,,,,,,,,,,,,,,,,,,,,,,0,0,95 of 171,77 of 181,55%,42%,113 of 191,113 of 225,0 of 0,7 of 10,---,70%,"{'round_1_sig_str_head_1': '', 'round_1_sig_str_head_2': '', 'round_1_sig_str_body_1': '', 'round_1_sig_str_body_2': '', 'round_1_sig_str_leg_1': '21 of 34', 'round_1_sig_str_leg_2': '7 of 19', 'round_1_sig_str_dist_1': '61%', 'round_1_sig_str_dist_2': '36%', 'round_1_sig_str_clinch_1': '20 of 33', 'round_1_sig_str_clinch_2': '1 of 12', 'round_1_sig_str_ground_1': '1 of 1', 'round_1_sig_str_ground_2': '3 of 3'}","{'round_2_sig_str_head_1': '', 'round_2_sig_str_head_2': '', 'round_2_sig_str_body_1': '', 'round_2_sig_str_body_2': '', 'round_2_sig_str_leg_1': '21 of 34', 'round_2_sig_str_leg_2': '7 of 19', 'round_2_sig_str_dist_1': '61%', 'round_2_sig_str_dist_2': '36%', 'round_2_sig_str_clinch_1': '20 of 33', 'round_2_sig_str_clinch_2': '1 of 12', 'round_2_sig_str_ground_1': '1 of 1', 'round_2_sig_str_ground_2': '3 of 3'}","{'round_3_sig_str_head_1': '', 'round_3_sig_str_head_2': '', 'round_3_sig_str_body_1': '', 'round_3_sig_str_body_2': '', 'round_3_sig_str_leg_1': '21 of 34', 'round_3_sig_str_leg_2': '7 of 19', 'round_3_sig_str_dist_1': '61%', 'round_3_sig_str_dist_2': '36%', 'round_3_sig_str_clinch_1': '20 of 33', 'round_3_sig_str_clinch_2': '1 of 12', 'round_3_sig_str_ground_1': '1 of 1', 'round_3_sig_str_ground_2': '3 of 3'}","{'round_4_sig_str_head_1': '', 'round_4_sig_str_head_2': '', 'round_4_sig_str_body_1': '', 'round_4_sig_str_body_2': '', 'round_4_sig_str_leg_1': '21 of 34', 'round_4_sig_str_leg_2': '7 of 19', 'round_4_sig_str_dist_1': '61%', 'round_4_sig_str_dist_2': '36%', 'round_4_sig_str_clinch_1': '20 of 33', 'round_4_sig_str_clinch_2': '1 of 12', 'round_4_sig_str_ground_1': '1 of 1', 'round_4_sig_str_ground_2': '3 of 3'}","{'round_5_sig_str_head_1': '', 'round_5_sig_str_head_2': '', 'round_5_sig_str_body_1': '', 'round_5_sig_str_body_2': '', 'round_5_sig_str_leg_1': '21 of 34', 'round_5_sig_str_leg_2': '7 of 19', 'round_5_sig_str_dist_1': '61%', 'round_5_sig_str_dist_2': '36%', 'round_5_sig_str_clinch_1': '20 of 33', 'round_5_sig_str_clinch_2': '1 of 12', 'round_5_sig_str_ground_1': '1 of 1', 'round_5_sig_str_ground_2': '3 of 3'}",,,,,,,,,,,,,,,,,,
http://ufcstats.com/fight-details/0cdca4c22b8d3ab5,"February 22, 2025","Seattle, Washington, USA",L,Brendan Allen,"""All In""",W,Anthony Hernandez,"""Fluffy""",Middleweight Bout,Decision - Unanimous,,,,,Derek Cleary 28 - 29. Sal D'amato 28 - 29. Chris Lee 28 - 29.,,,,,0,0,14 of 26,30 of 42,53%,71%,53 of 71,72 of 91,0 of 1,4 of 8,0%,50%,1,0,,,,,,,,,,,,,,,,,,,,,,,0,0,8 of 13,3 of 5,61%,60%,30 of 38,10 of 13,0 of 0,1 of 2,---,50%,0,0,,,,,0,0,1 of 1,13 of 16,100%,81%,6 of 8,25 of 29,0 of 0,1 of 1,---,100%,1,0,,,,,0,0,5 of 12,14 of 21,41%,66%,17 of 25,37 of 49,0 of 1,2 of 5,0%,40%,0,0,,,,,,,,,,,,,,,,,,,,,,,,,,,,,,,,,,,,,,,,,,,,,,,,,,,,,,,,,,,,,,,,,,,,,,,,,,,,,,,,,,,,,,,,,,,0,0,14 of 26,30 of 42,53%,71%,53 of 71,72 of 91,0 of 1,4 of 8,0%,50%,"{'round_1_sig_str_head_1': '', 'round_1_sig_str_head_2': '', 'round_1_sig_str_body_1': '', 'round_1_sig_str_body_2': '', 'round_1_sig_str_leg_1': '8 of 13', 'round_1_sig_str_leg_2': '3 of 5', 'round_1_sig_str_dist_1': '61%', 'round_1_sig_str_dist_2': '60%', 'round_1_sig_str_clinch_1': '4 of 9', 'round_1_sig_str_clinch_2': '3 of 5', 'round_1_sig_str_ground_1': '2 of 2', 'round_1_sig_str_ground_2': '0 of 0'}","{'round_2_sig_str_head_1': '', 'round_2_sig_str_head_2': '', 'round_2_sig_str_body_1': '', 'round_2_sig_str_body_2': '', 'round_2_sig_str_leg_1': '8 of 13', 'round_2_sig_str_leg_2': '3 of 5', 'round_2_sig_str_dist_1': '61%', 'round_2_sig_str_dist_2': '60%', 'round_2_sig_str_clinch_1': '4 of 9', 'round_2_sig_str_clinch_2': '3 of 5', 'round_2_sig_str_ground_1': '2 of 2', 'round_2_sig_str_ground_2': '0 of 0'}","{'round_3_sig_str_head_1': '', 'round_3_sig_str_head_2': '', 'round_3_sig_str_body_1': '', 'round_3_sig_str_body_2': '', 'round_3_sig_str_leg_1': '8 of 13', 'round_3_sig_str_leg_2': '3 of 5', 'round_3_sig_str_dist_1': '61%', 'round_3_sig_str_dist_2': '60%', 'round_3_sig_str_clinch_1': '4 of 9', 'round_3_sig_str_clinch_2': '3 of 5', 'round_3_sig_str_ground_1': '2 of 2', 'round_3_sig_str_ground_2': '0 of 0'}","{'round_4_sig_str_head_1': '', 'round_4_sig_str_head_2': '', 'round_4_sig_str_body_1': '', 'round_4_sig_str_body_2': '', 'round_4_sig_str_leg_1': '8 of 13', 'round_4_sig_str_leg_2': '3 of 5', 'round_4_sig_str_dist_1': '61%', 'round_4_sig_str_dist_2': '60%', 'round_4_sig_str_clinch_1': '4 of 9', 'round_4_sig_str_clinch_2': '3 of 5', 'round_4_sig_str_ground_1': '2 of 2', 'round_4_sig_str_ground_2': '0 of 0'}","{'round_5_sig_str_head_1': '', 'round_5_sig_str_head_2': '', 'round_5_sig_str_body_1': '', 'round_5_sig_str_body_2': '', 'round_5_sig_str_leg_1': '8 of 13', 'round_5_sig_str_leg_2': '3 of 5', 'round_5_sig_str_dist_1': '61%', 'round_5_sig_str_dist_2': '60%', 'round_5_sig_str_clinch_1': '4 of 9', 'round_5_sig_str_clinch_2': '3 of 5', 'round_5_sig_str_ground_1': '2 of 2', 'round_5_sig_str_ground_2': '0 of 0'}",,,,,,,,,,,,,,,,,,
http://ufcstats.com/fight-details/c0d8a231d2f1d1af,"February 22, 2025","Seattle, Washington, USA",W,Alonzo Menifield,"""Atomic""",L,Julius Walker,"""Juice Box""",,Decision - Split,,,,,Brianne Davis 29 - 28. Sal D'amato 28 - 29. Derek Cleary 27 - 30.,,,,,0,0,87 of 147,86 of 171,59%,50%,113 of 179,114 of 200,0 of 1,1 of 9,0%,11%,0,0,,,,,,,,,,,,,,,,,,,,,,,0,0,23 of 33,27 of 47,69%,57%,38 of 51,41 of 62,0 of 1,0 of 4,0%,0%,0,0,,,,,0,0,31 of 56,36 of 73,55%,49%,33 of 58,39 of 76,0 of 0,1 of 4,---,25%,0,0,,,,,0,0,33 of 58,23 of 51,56%,45%,42 of 70,34 of 62,0 of 0,0 of 1,---,0%,0,0,,,,,,,,,,,,,,,,,,,,,,,,,,,,,,,,,,,,,,,,,,,,,,,,,,,,,,,,,,,,,,,,,,,,,,,,,,,,,,,,,,,,,,,,,,,0,0,87 of 147,86 of 171,59%,50%,113 of 179,114 of 200,0 of 1,1 of 9,0%,11%,"{'round_1_sig_str_head_1': '', 'round_1_sig_str_head_2': '', 'round_1_sig_str_body_1': '', 'round_1_sig_str_body_2': '', 'round_1_sig_str_leg_1': '23 of 33', 'round_1_sig_str_leg_2': '27 of 47', 'round_1_sig_str_dist_1': '69%', 'round_1_sig_str_dist_2': '57%', 'round_1_sig_str_clinch_1': '21 of 31', 'round_1_sig_str_clinch_2': '8 of 27', 'round_1_sig_str_ground_1': '2 of 2', 'round_1_sig_str_ground_2': '18 of 19'}","{'round_2_sig_str_head_1': '', 'round_2_sig_str_head_2': '', 'round_2_sig_str_body_1': '', 'round_2_sig_str_body_2': '', 'round_2_sig_str_leg_1': '23 of 33', 'round_2_sig_str_leg_2': '27 of 47', 'round_2_sig_str_dist_1': '69%', 'round_2_sig_str_dist_2': '57%', 'round_2_sig_str_clinch_1': '21 of 31', 'round_2_sig_str_clinch_2': '8 of 27', 'round_2_sig_str_ground_1': '2 of 2', 'round_2_sig_str_ground_2': '18 of 19'}","{'round_3_sig_str_head_1': '', 'round_3_sig_str_head_2': '', 'round_3_sig_str_body_1': '', 'round_3_sig_str_body_2': '', 'round_3_sig_str_leg_1': '23 of 33', 'round_3_sig_str_leg_2': '27 of 47', 'round_3_sig_str_dist_1': '69%', 'round_3_sig_str_dist_2': '57%', 'round_3_sig_str_clinch_1': '21 of 31', 'round_3_sig_str_clinch_2': '8 of 27', 'round_3_sig_str_ground_1': '2 of 2', 'round_3_sig_str_ground_2': '18 of 19'}","{'round_4_sig_str_head_1': '', 'round_4_sig_str_head_2': '', 'round_4_sig_str_body_1': '', 'round_4_sig_str_body_2': '', 'round_4_sig_str_leg_1': '23 of 33', 'round_4_sig_str_leg_2': '27 of 47', 'round_4_sig_str_dist_1': '69%', 'round_4_sig_str_dist_2': '57%', 'round_4_sig_str_clinch_1': '21 of 31', 'round_4_sig_str_clinch_2': '8 of 27', 'round_4_sig_str_ground_1': '2 of 2', 'round_4_sig_str_ground_2': '18 of 19'}","{'round_5_sig_str_head_1': '', 'round_5_sig_str_head_2': '', 'round_5_sig_str_body_1': '', 'round_5_sig_str_body_2': '', 'round_5_sig_str_leg_1': '23 of 33', 'round_5_sig_str_leg_2': '27 of 47', 'round_5_sig_str_dist_1': '69%', 'round_5_sig_str_dist_2': '57%', 'round_5_sig_str_clinch_1': '21 of 31', 'round_5_sig_str_clinch_2': '8 of 27', 'round_5_sig_str_ground_1': '2 of 2', 'round_5_sig_str_ground_2': '18 of 19'}",,,,,,,,,,,,,,,,,,
http://ufcstats.com/fight-details/dd229687cb62c871,"March 22, 2025","London, England, United Kingdom",W,Marcin Tybura,"""Tybur""",L,Mick Parkin,,Heavyweight Bout,Decision - Unanimous,,,,,Darryl Ransom 28 - 29. Chris Lee 28 - 29. Vito Paolillo 28 - 29.,,,,,0,0,61 of 155,60 of 145,39%,41%,64 of 158,102 of 192,1 of 2,1 of 1,50%,100%,0,0,,,,,,,,,,,,,,,,,,,,,,,0,0,21 of 56,23 of 45,37%,51%,21 of 56,24 of 46,1 of 1,0 of 0,100%,---,0,0,,,,,0,0,7 of 20,15 of 38,35%,39%,10 of 23,41 of 69,0 of 0,1 of 1,---,100%,0,0,,,,,0,0,33 of 79,22 of 62,41%,35%,33 of 79,37 of 77,0 of 1,0 of 0,0%,---,0,0,,,,,,,,,,,,,,,,,,,,,,,,,,,,,,,,,,,,,,,,,,,,,,,,,,,,,,,,,,,,,,,,,,,,,,,,,,,,,,,,,,,,,,,,,,,0,0,61 of 155,60 of 145,39%,41%,64 of 158,102 of 192,1 of 2,1 of 1,50%,100%,"{'round_1_sig_str_head_1': '', 'round_1_sig_str_head_2': '', 'round_1_sig_str_body_1': '', 'round_1_sig_str_body_2': '', 'round_1_sig_str_leg_1': '21 of 56', 'round_1_sig_str_leg_2': '23 of 45', 'round_1_sig_str_dist_1': '37%', 'round_1_sig_str_dist_2': '51%', 'round_1_sig_str_clinch_1': '4 of 34', 'round_1_sig_str_clinch_2': '13 of 34', 'round_1_sig_str_ground_1': '15 of 20', 'round_1_sig_str_ground_2': '1 of 1'}","{'round_2_sig_str_head_1': '', 'round_2_sig_str_head_2': '', 'round_2_sig_str_body_1': '', 'round_2_sig_str_body_2': '', 'round_2_sig_str_leg_1': '21 of 56', 'round_2_sig_str_leg_2': '23 of 45', 'round_2_sig_str_dist_1': '37%', 'round_2_sig_str_dist_2': '51%', 'round_2_sig_str_clinch_1': '4 of 34', 'round_2_sig_str_clinch_2': '13 of 34', 'round_2_sig_str_ground_1': '15 of 20', 'round_2_sig_str_ground_2': '1 of 1'}","{'round_3_sig_str_head_1': '', 'round_3_sig_str_head_2': '', 'round_3_sig_str_body_1': '', 'round_3_sig_str_body_2': '', 'round_3_sig_str_leg_1': '21 of 56', 'round_3_sig_str_leg_2': '23 of 45', 'round_3_sig_str_dist_1': '37%', 'round_3_sig_str_dist_2': '51%', 'round_3_sig_str_clinch_1': '4 of 34', 'round_3_sig_str_clinch_2': '13 of 34', 'round_3_sig_str_ground_1': '15 of 20', 'round_3_sig_str_ground_2': '1 of 1'}","{'round_4_sig_str_head_1': '', 'round_4_sig_str_head_2': '', 'round_4_sig_str_body_1': '', 'round_4_sig_str_body_2': '', 'round_4_sig_str_leg_1': '21 of 56', 'round_4_sig_str_leg_2': '23 of 45', 'round_4_sig_str_dist_1': '37%', 'round_4_sig_str_dist_2': '51%', 'round_4_sig_str_clinch_1': '4 of 34', 'round_4_sig_str_clinch_2': '13 of 34', 'round_4_sig_str_ground_1': '15 of 20', 'round_4_sig_str_ground_2': '1 of 1'}","{'round_5_sig_str_head_1': '', 'round_5_sig_str_head_2': '', 'round_5_sig_str_body_1': '', 'round_5_sig_str_body_2': '', 'round_5_sig_str_leg_1': '21 of 56', 'round_5_sig_str_leg_2': '23 of 45', 'round_5_sig_str_dist_1': '37%', 'round_5_sig_str_dist_2': '51%', 'round_5_sig_str_clinch_1': '4 of 34', 'round_5_sig_str_clinch_2': '13 of 34', 'round_5_sig_str_ground_1': '15 of 20', 'round_5_sig_str_ground_2': '1 of 1'}",,,,,,,,,,,,,,,,,,
http://ufcstats.com/fight-details/8ef7723b6a8b45e1,"February 22, 2025","Seattle, Washington, USA",W,Jean Silva,"""Lord""",L,Melsik Baghdasaryan,"""The Gun""",,KO/TKO,,,,,Punch to Head At Distance,,,,,1,0,18 of 27,7 of 25,66%,28%,18 of 27,7 of 25,0 of 0,0 of 0,---,---,0,0,,,,,,,,,,,,,,,,,,,,,,,1,0,18 of 27,7 of 25,66%,28%,18 of 27,7 of 25,0 of 0,0 of 0,---,---,0,0,,,,,,,,,,,,,,,,,,,,,,,,,,,,,,,,,,,,,,,,,,,,,,,,,,,,,,,,,,,,,,,,,,,,,,,,,,,,,,,,,,,,,,,,,,,,,,,,,,,,,,,,,,,,,,,,,,,,,,,,,,,,,,,1,0,18 of 27,7 of 25,66%,28%,18 of 27,7 of 25,0 of 0,0 of 0,---,---,"{'round_1_sig_str_head_1': '', 'round_1_sig_str_head_2': '', 'round_1_sig_str_body_1': '', 'round_1_sig_str_body_2': '', 'round_1_sig_str_leg_1': '18 of 27', 'round_1_sig_str_leg_2': '7 of 25', 'round_1_sig_str_dist_1': '66%', 'round_1_sig_str_dist_2': '28%', 'round_1_sig_str_clinch_1': '11 of 19', 'round_1_sig_str_clinch_2': '5 of 20', 'round_1_sig_str_ground_1': '7 of 8', 'round_1_sig_str_ground_2': '0 of 3'}","{'round_2_sig_str_head_1': '', 'round_2_sig_str_head_2': '', 'round_2_sig_str_body_1': '', 'round_2_sig_str_body_2': '', 'round_2_sig_str_leg_1': '18 of 27', 'round_2_sig_str_leg_2': '7 of 25', 'round_2_sig_str_dist_1': '66%', 'round_2_sig_str_dist_2': '28%', 'round_2_sig_str_clinch_1': '11 of 19', 'round_2_sig_str_clinch_2': '5 of 20', 'round_2_sig_str_ground_1': '7 of 8', 'round_2_sig_str_ground_2': '0 of 3'}","{'round_3_sig_str_head_1': '', 'round_3_sig_str_head_2': '', 'round_3_sig_str_body_1': '', 'round_3_sig_str_body_2': '', 'round_3_sig_str_leg_1': '18 of 27', 'round_3_sig_str_leg_2': '7 of 25', 'round_3_sig_str_dist_1': '66%', 'round_3_sig_str_dist_2': '28%', 'round_3_sig_str_clinch_1': '11 of 19', 'round_3_sig_str_clinch_2': '5 of 20', 'round_3_sig_str_ground_1': '7 of 8', 'round_3_sig_str_ground_2': '0 of 3'}","{'round_4_sig_str_head_1': '', 'round_4_sig_str_head_2': '', 'round_4_sig_str_body_1': '', 'round_4_sig_str_body_2': '', 'round_4_sig_str_leg_1': '18 of 27', 'round_4_sig_str_leg_2': '7 of 25', 'round_4_sig_str_dist_1': '66%', 'round_4_sig_str_dist_2': '28%', 'round_4_sig_str_clinch_1': '11 of 19', 'round_4_sig_str_clinch_2': '5 of 20', 'round_4_sig_str_ground_1': '7 of 8', 'round_4_sig_str_ground_2': '0 of 3'}","{'round_5_sig_str_head_1': '', 'round_5_sig_str_head_2': '', 'round_5_sig_str_body_1': '', 'round_5_sig_str_body_2': '', 'round_5_sig_str_leg_1': '18 of 27', 'round_5_sig_str_leg_2': '7 of 25', 'round_5_sig_str_dist_1': '66%', 'round_5_sig_str_dist_2': '28%', 'round_5_sig_str_clinch_1': '11 of 19', 'round_5_sig_str_clinch_2': '5 of 20', 'round_5_sig_str_ground_1': '7 of 8', 'round_5_sig_str_ground_2': '0 of 3'}",,,,,,,,,,,,,,,,,,
http://ufcstats.com/fight-details/1b02588149d126bf,"March 22, 2025","London, England, United Kingdom",L,Nathan Fletcher,,W,Caolan Loughran,"""The Don""",Bantamweight Bout,Decision - Split,,,,,Ben Cartlidge 28 - 29. Anders Ohlsson 29 - 28. Vito Paolillo 28 - 29.,,,,,0,0,59 of 100,30 of 84,59%,35%,114 of 158,65 of 128,1 of 7,6 of 12,14%,50%,0,0,,,,,,,,,,,,,,,,,,,,,,,0,0,15 of 38,12 of 36,39%,33%,20 of 43,24 of 48,0 of 0,3 of 5,---,60%,0,0,,,,,0,0,20 of 26,3 of 14,76%,21%,64 of 73,14 of 26,1 of 5,0 of 1,20%,0%,0,0,,,,,0,0,24 of 36,15 of 34,66%,44%,30 of 42,27 of 54,0 of 2,3 of 6,0%,50%,0,0,,,,,,,,,,,,,,,,,,,,,,,,,,,,,,,,,,,,,,,,,,,,,,,,,,,,,,,,,,,,,,,,,,,,,,,,,,,,,,,,,,,,,,,,,,,0,0,59 of 100,30 of 84,59%,35%,114 of 158,65 of 128,1 of 7,6 of 12,14%,50%,"{'round_1_sig_str_head_1': '', 'round_1_sig_str_head_2': '', 'round_1_sig_str_body_1': '', 'round_1_sig_str_body_2': '', 'round_1_sig_str_leg_1': '15 of 38', 'round_1_sig_str_leg_2': '12 of 36', 'round_1_sig_str_dist_1': '39%', 'round_1_sig_str_dist_2': '33%', 'round_1_sig_str_clinch_1': '8 of 31', 'round_1_sig_str_clinch_2': '9 of 27', 'round_1_sig_str_ground_1': '3 of 3', 'round_1_sig_str_ground_2': '2 of 6'}","{'round_2_sig_str_head_1': '', 'round_2_sig_str_head_2': '', 'round_2_sig_str_body_1': '', 'round_2_sig_str_body_2': '', 'round_2_sig_str_leg_1': '15 of 38', 'round_2_sig_str_leg_2': '12 of 36', 'round_2_sig_str_dist_1': '39%', 'round_2_sig_str_dist_2': '33%', 'round_2_sig_str_clinch_1': '8 of 31', 'round_2_sig_str_clinch_2': '9 of 27', 'round_2_sig_str_ground_1': '3 of 3', 'round_2_sig_str_ground_2': '2 of 6'}","{'round_3_sig_str_head_1': '', 'round_3_sig_str_head_2': '', 'round_3_sig_str_body_1': '', 'round_3_sig_str_body_2': '', 'round_3_sig_str_leg_1': '15 of 38', 'round_3_sig_str_leg_2': '12 of 36', 'round_3_sig_str_dist_1': '39%', 'round_3_sig_str_dist_2': '33%', 'round_3_sig_str_clinch_1': '8 of 31', 'round_3_sig_str_clinch_2': '9 of 27', 'round_3_sig_str_ground_1': '3 of 3', 'round_3_sig_str_ground_2': '2 of 6'}","{'round_4_sig_str_head_1': '', 'round_4_sig_str_head_2': '', 'round_4_sig_str_body_1': '', 'round_4_sig_str_body_2': '', 'round_4_sig_str_leg_1': '15 of 38', 'round_4_sig_str_leg_2': '12 of 36', 'round_4_sig_str_dist_1': '39%', 'round_4_sig_str_dist_2': '33%', 'round_4_sig_str_clinch_1': '8 of 31', 'round_4_sig_str_clinch_2': '9 of 27', 'round_4_sig_str_ground_1': '3 of 3', 'round_4_sig_str_ground_2': '2 of 6'}","{'round_5_sig_str_head_1': '', 'round_5_sig_str_head_2': '', 'round_5_sig_str_body_1': '', 'round_5_sig_str_body_2': '', 'round_5_sig_str_leg_1': '15 of 38', 'round_5_sig_str_leg_2': '12 of 36', 'round_5_sig_str_dist_1': '39%', 'round_5_sig_str_dist_2': '33%', 'round_5_sig_str_clinch_1': '8 of 31', 'round_5_sig_str_clinch_2': '9 of 27', 'round_5_sig_str_ground_1': '3 of 3', 'round_5_sig_str_ground_2': '2 of 6'}",,,,,,,,,,,,,,,,,,
http://ufcstats.com/fight-details/b959e2c1d16ff832,"February 22, 2025","Seattle, Washington, USA",L,Henry Cejudo,"""Triple C""",W,Song Yadong,"""Kung Fu Kid""",Bantamweight Bout,Decision - Unanimous,,,,,Technical Decision - Eye Poke by Song Mike Bell 28 - 29. Derek Cleary 28 - 29. Sal D'amato 27 - 30.,,,,,0,0,67 of 133,84 of 178,50%,47%,67 of 133,84 of 178,0 of 3,0 of 1,0%,0%,0,0,,,,,,,,,,,,,,,,,,,,,,,0,0,13 of 25,21 of 31,52%,67%,13 of 25,21 of 31,0 of 1,0 of 0,0%,---,0,0,,,,,0,0,29 of 55,33 of 69,52%,47%,29 of 55,33 of 69,0 of 2,0 of 1,0%,0%,0,0,,,,,0,0,25 of 53,30 of 78,47%,38%,25 of 53,30 of 78,0 of 0,0 of 0,---,---,0,0,,,,,,,,,,,,,,,,,,,,,,,,,,,,,,,,,,,,,,,,,,,,,,,,,,,,,,,,,,,,,,,,,,,,,,,,,,,,,,,,,,,,,,,,,,,0,0,67 of 133,84 of 178,50%,47%,67 of 133,84 of 178,0 of 3,0 of 1,0%,0%,"{'round_1_sig_str_head_1': '', 'round_1_sig_str_head_2': '', 'round_1_sig_str_body_1': '', 'round_1_sig_str_body_2': '', 'round_1_sig_str_leg_1': '13 of 25', 'round_1_sig_str_leg_2': '21 of 31', 'round_1_sig_str_dist_1': '52%', 'round_1_sig_str_dist_2': '67%', 'round_1_sig_str_clinch_1': '3 of 13', 'round_1_sig_str_clinch_2': '6 of 16', 'round_1_sig_str_ground_1': '3 of 5', 'round_1_sig_str_ground_2': '5 of 5'}","{'round_2_sig_str_head_1': '', 'round_2_sig_str_head_2': '', 'round_2_sig_str_body_1': '', 'round_2_sig_str_body_2': '', 'round_2_sig_str_leg_1': '13 of 25', 'round_2_sig_str_leg_2': '21 of 31', 'round_2_sig_str_dist_1': '52%', 'round_2_sig_str_dist_2': '67%', 'round_2_sig_str_clinch_1': '3 of 13', 'round_2_sig_str_clinch_2': '6 of 16', 'round_2_sig_str_ground_1': '3 of 5', 'round_2_sig_str_ground_2': '5 of 5'}","{'round_3_sig_str_head_1': '', 'round_3_sig_str_head_2': '', 'round_3_sig_str_body_1': '', 'round_3_sig_str_body_2': '', 'round_3_sig_str_leg_1': '13 of 25', 'round_3_sig_str_leg_2': '21 of 31', 'round_3_sig_str_dist_1': '52%', 'round_3_sig_str_dist_2': '67%', 'round_3_sig_str_clinch_1': '3 of 13', 'round_3_sig_str_clinch_2': '6 of 16', 'round_3_sig_str_ground_1': '3 of 5', 'round_3_sig_str_ground_2': '5 of 5'}","{'round_4_sig_str_head_1': '', 'round_4_sig_str_head_2': '', 'round_4_sig_str_body_1': '', 'round_4_sig_str_body_2': '', 'round_4_sig_str_leg_1': '13 of 25', 'round_4_sig_str_leg_2': '21 of 31', 'round_4_sig_str_dist_1': '52%', 'round_4_sig_str_dist_2': '67%', 'round_4_sig_str_clinch_1': '3 of 13', 'round_4_sig_str_clinch_2': '6 of 16', 'round_4_sig_str_ground_1': '3 of 5', 'round_4_sig_str_ground_2': '5 of 5'}","{'round_5_sig_str_head_1': '', 'round_5_sig_str_head_2': '', 'round_5_sig_str_body_1': '', 'round_5_sig_str_body_2': '', 'round_5_sig_str_leg_1': '13 of 25', 'round_5_sig_str_leg_2': '21 of 31', 'round_5_sig_str_dist_1': '52%', 'round_5_sig_str_dist_2': '67%', 'round_5_sig_str_clinch_1': '3 of 13', 'round_5_sig_str_clinch_2': '6 of 16', 'round_5_sig_str_ground_1': '3 of 5', 'round_5_sig_str_ground_2': '5 of 5'}",,,,,,,,,,,,,,,,,,
http://ufcstats.com/fight-details/265dbd9be8caa7de,"March 22, 2025","London, England, United Kingdom",L,Guram Kutateladze,"""Georgian Viking""",W,Kaue Fernandes,,Lightweight Bout,Decision - Unanimous,,,,,Darryl Ransom 27 - 30. David Lethaby 27 - 30. Clemens Werner 27 - 30.,,,,,0,2,29 of 71,79 of 149,40%,53%,36 of 81,79 of 149,0 of 5,2 of 2,0%,100%,0,0,,,,,,,,,,,,,,,,,,,,,,,0,0,7 of 21,26 of 50,33%,52%,7 of 21,26 of 50,0 of 3,0 of 0,0%,---,0,0,,,,,0,1,9 of 21,30 of 53,42%,56%,10 of 22,30 of 53,0 of 2,1 of 1,0%,100%,0,0,,,,,0,1,13 of 29,23 of 46,44%,50%,19 of 38,23 of 46,0 of 0,1 of 1,---,100%,0,0,,,,,,,,,,,,,,,,,,,,,,,,,,,,,,,,,,,,,,,,,,,,,,,,,,,,,,,,,,,,,,,,,,,,,,,,,,,,,,,,,,,,,,,,,,,0,2,29 of 71,79 of 149,40%,53%,36 of 81,79 of 149,0 of 5,2 of 2,0%,100%,"{'round_1_sig_str_head_1': '', 'round_1_sig_str_head_2': '', 'round_1_sig_str_body_1': '', 'round_1_sig_str_body_2': '', 'round_1_sig_str_leg_1': '7 of 21', 'round_1_sig_str_leg_2': '26 of 50', 'round_1_sig_str_dist_1': '33%', 'round_1_sig_str_dist_2': '52%', 'round_1_sig_str_clinch_1': '3 of 14', 'round_1_sig_str_clinch_2': '14 of 34', 'round_1_sig_str_ground_1': '3 of 5', 'round_1_sig_str_ground_2': '5 of 6'}","{'round_2_sig_str_head_1': '', 'round_2_sig_str_head_2': '', 'round_2_sig_str_body_1': '', 'round_2_sig_str_body_2': '', 'round_2_sig_str_leg_1': '7 of 21', 'round_2_sig_str_leg_2': '26 of 50', 'round_2_sig_str_dist_1': '33%', 'round_2_sig_str_dist_2': '52%', 'round_2_sig_str_clinch_1': '3 of 14', 'round_2_sig_str_clinch_2': '14 of 34', 'round_2_sig_str_ground_1': '3 of 5', 'round_2_sig_str_ground_2': '5 of 6'}","{'round_3_sig_str_head_1': '', 'round_3_sig_str_head_2': '', 'round_3_sig_str_body_1': '', 'round_3_sig_str_body_2': '', 'round_3_sig_str_leg_1': '7 of 21', 'round_3_sig_str_leg_2': '26 of 50', 'round_3_sig_str_dist_1': '33%', 'round_3_sig_str_dist_2': '52%', 'round_3_sig_str_clinch_1': '3 of 14', 'round_3_sig_str_clinch_2': '14 of 34', 'round_3_sig_str_ground_1': '3 of 5', 'round_3_sig_str_ground_2': '5 of 6'}","{'round_4_sig_str_head_1': '', 'round_4_sig_str_head_2': '', 'round_4_sig_str_body_1': '', 'round_4_sig_str_body_2': '', 'round_4_sig_str_leg_1': '7 of 21', 'round_4_sig_str_leg_2': '26 of 50', 'round_4_sig_str_dist_1': '33%', 'round_4_sig_str_dist_2': '52%', 'round_4_sig_str_clinch_1': '3 of 14', 'round_4_sig_str_clinch_2': '14 of 34', 'round_4_sig_str_ground_1': '3 of 5', 'round_4_sig_str_ground_2': '5 of 6'}","{'round_5_sig_str_head_1': '', 'round_5_sig_str_head_2': '', 'round_5_sig_str_body_1': '', 'round_5_sig_str_body_2': '', 'round_5_sig_str_leg_1': '7 of 21', 'round_5_sig_str_leg_2': '26 of 50', 'round_5_sig_str_dist_1': '33%', 'round_5_sig_str_dist_2': '52%', 'round_5_sig_str_clinch_1': '3 of 14', 'round_5_sig_str_clinch_2': '14 of 34', 'round_5_sig_str_ground_1': '3 of 5', 'round_5_sig_str_ground_2': '5 of 6'}",,,,,,,,,,,,,,,,,,
http://ufcstats.com/fight-details/8af2b589d5e9c1ae,"March 22, 2025","London, England, United Kingdom",W,Christian Leroy Duncan,"""CLD""",L,Andrey Pulyaev,,Middleweight Bout,Decision - Unanimous,,,,,Ben Cartlidge 27 - 30. Clemens Werner 27 - 30. Anders Ohlsson 26 - 30.,,,,,0,0,73 of 141,18 of 55,51%,32%,116 of 187,36 of 78,0 of 2,0 of 4,0%,0%,0,0,,,,,,,,,,,,,,,,,,,,,,,0,0,16 of 34,4 of 11,47%,36%,44 of 62,14 of 22,0 of 2,0 of 1,0%,0%,0,0,,,,,0,0,28 of 57,12 of 36,49%,33%,31 of 60,14 of 38,0 of 0,0 of 1,---,0%,0,0,,,,,0,0,29 of 50,2 of 8,58%,25%,41 of 65,8 of 18,0 of 0,0 of 2,---,0%,0,0,,,,,,,,,,,,,,,,,,,,,,,,,,,,,,,,,,,,,,,,,,,,,,,,,,,,,,,,,,,,,,,,,,,,,,,,,,,,,,,,,,,,,,,,,,,0,0,73 of 141,18 of 55,51%,32%,116 of 187,36 of 78,0 of 2,0 of 4,0%,0%,"{'round_1_sig_str_head_1': '', 'round_1_sig_str_head_2': '', 'round_1_sig_str_body_1': '', 'round_1_sig_str_body_2': '', 'round_1_sig_str_leg_1': '16 of 34', 'round_1_sig_str_leg_2': '4 of 11', 'round_1_sig_str_dist_1': '47%', 'round_1_sig_str_dist_2': '36%', 'round_1_sig_str_clinch_1': '6 of 17', 'round_1_sig_str_clinch_2': '1 of 8', 'round_1_sig_str_ground_1': '5 of 10', 'round_1_sig_str_ground_2': '2 of 2'}","{'round_2_sig_str_head_1': '', 'round_2_sig_str_head_2': '', 'round_2_sig_str_body_1': '', 'round_2_sig_str_body_2': '', 'round_2_sig_str_leg_1': '16 of 34', 'round_2_sig_str_leg_2': '4 of 11', 'round_2_sig_str_dist_1': '47%', 'round_2_sig_str_dist_2': '36%', 'round_2_sig_str_clinch_1': '6 of 17', 'round_2_sig_str_clinch_2': '1 of 8', 'round_2_sig_str_ground_1': '5 of 10', 'round_2_sig_str_ground_2': '2 of 2'}","{'round_3_sig_str_head_1': '', 'round_3_sig_str_head_2': '', 'round_3_sig_str_body_1': '', 'round_3_sig_str_body_2': '', 'round_3_sig_str_leg_1': '16 of 34', 'round_3_sig_str_leg_2': '4 of 11', 'round_3_sig_str_dist_1': '47%', 'round_3_sig_str_dist_2': '36%', 'round_3_sig_str_clinch_1': '6 of 17', 'round_3_sig_str_clinch_2': '1 of 8', 'round_3_sig_str_ground_1': '5 of 10', 'round_3_sig_str_ground_2': '2 of 2'}","{'round_4_sig_str_head_1': '', 'round_4_sig_str_head_2': '', 'round_4_sig_str_body_1': '', 'round_4_sig_str_body_2': '', 'round_4_sig_str_leg_1': '16 of 34', 'round_4_sig_str_leg_2': '4 of 11', 'round_4_sig_str_dist_1': '47%', 'round_4_sig_str_dist_2': '36%', 'round_4_sig_str_clinch_1': '6 of 17', 'round_4_sig_str_clinch_2': '1 of 8', 'round_4_sig_str_ground_1': '5 of 10', 'round_4_sig_str_ground_2': '2 of 2'}","{'round_5_sig_str_head_1': '', 'round_5_sig_str_head_2': '', 'round_5_sig_str_body_1': '', 'round_5_sig_str_body_2': '', 'round_5_sig_str_leg_1': '16 of 34', 'round_5_sig_str_leg_2': '4 of 11', 'round_5_sig_str_dist_1': '47%', 'round_5_sig_str_dist_2': '36%', 'round_5_sig_str_clinch_1': '6 of 17', 'round_5_sig_str_clinch_2': '1 of 8', 'round_5_sig_str_ground_1': '5 of 10', 'round_5_sig_str_ground_2': '2 of 2'}",,,,,,,,,,,,,,,,,,
http://ufcstats.com/fight-details/e5a88f5c686173c4,"March 22, 2025","London, England, United Kingdom",W,Lone'er Kavanagh,,L,Felipe dos Santos,"""Lipe Detona""",Flyweight Bout,Decision - Unanimous,,,,,Ben Cartlidge 28 - 29. David Lethaby 28 - 29. Clemens Werner 28 - 29.,,,,,0,0,58 of 97,51 of 104,59%,49%,71 of 112,92 of 147,4 of 6,0 of 3,66%,0%,0,1,,,,,,,,,,,,,,,,,,,,,,,0,0,11 of 23,15 of 32,47%,46%,11 of 23,23 of 40,0 of 0,0 of 2,---,0%,0,0,,,,,0,0,29 of 51,25 of 36,56%,69%,42 of 66,45 of 58,2 of 3,0 of 1,66%,0%,0,0,,,,,0,0,18 of 23,11 of 36,78%,30%,18 of 23,24 of 49,2 of 3,0 of 0,66%,---,0,1,,,,,,,,,,,,,,,,,,,,,,,,,,,,,,,,,,,,,,,,,,,,,,,,,,,,,,,,,,,,,,,,,,,,,,,,,,,,,,,,,,,,,,,,,,,0,0,58 of 97,51 of 104,59%,49%,71 of 112,92 of 147,4 of 6,0 of 3,66%,0%,"{'round_1_sig_str_head_1': '', 'round_1_sig_str_head_2': '', 'round_1_sig_str_body_1': '', 'round_1_sig_str_body_2': '', 'round_1_sig_str_leg_1': '11 of 23', 'round_1_sig_str_leg_2': '15 of 32', 'round_1_sig_str_dist_1': '47%', 'round_1_sig_str_dist_2': '46%', 'round_1_sig_str_clinch_1': '1 of 12', 'round_1_sig_str_clinch_2': '3 of 12', 'round_1_sig_str_ground_1': '2 of 3', 'round_1_sig_str_ground_2': '5 of 12'}","{'round_2_sig_str_head_1': '', 'round_2_sig_str_head_2': '', 'round_2_sig_str_body_1': '', 'round_2_sig_str_body_2': '', 'round_2_sig_str_leg_1': '11 of 23', 'round_2_sig_str_leg_2': '15 of 32', 'round_2_sig_str_dist_1': '47%', 'round_2_sig_str_dist_2': '46%', 'round_2_sig_str_clinch_1': '1 of 12', 'round_2_sig_str_clinch_2': '3 of 12', 'round_2_sig_str_ground_1': '2 of 3', 'round_2_sig_str_ground_2': '5 of 12'}","{'round_3_sig_str_head_1': '', 'round_3_sig_str_head_2': '', 'round_3_sig_str_body_1': '', 'round_3_sig_str_body_2': '', 'round_3_sig_str_leg_1': '11 of 23', 'round_3_sig_str_leg_2': '15 of 32', 'round_3_sig_str_dist_1': '47%', 'round_3_sig_str_dist_2': '46%', 'round_3_sig_str_clinch_1': '1 of 12', 'round_3_sig_str_clinch_2': '3 of 12', 'round_3_sig_str_ground_1': '2 of 3', 'round_3_sig_str_ground_2': '5 of 12'}","{'round_4_sig_str_head_1': '', 'round_4_sig_str_head_2': '', 'round_4_sig_str_body_1': '', 'round_4_sig_str_body_2': '', 'round_4_sig_str_leg_1': '11 of 23', 'round_4_sig_str_leg_2': '15 of 32', 'round_4_sig_str_dist_1': '47%', 'round_4_sig_str_dist_2': '46%', 'round_4_sig_str_clinch_1': '1 of 12', 'round_4_sig_str_clinch_2': '3 of 12', 'round_4_sig_str_ground_1': '2 of 3', 'round_4_sig_str_ground_2': '5 of 12'}","{'round_5_sig_str_head_1': '', 'round_5_sig_str_head_2': '', 'round_5_sig_str_body_1': '', 'round_5_sig_str_body_2': '', 'round_5_sig_str_leg_1': '11 of 23', 'round_5_sig_str_leg_2': '15 of 32', 'round_5_sig_str_dist_1': '47%', 'round_5_sig_str_dist_2': '46%', 'round_5_sig_str_clinch_1': '1 of 12', 'round_5_sig_str_clinch_2': '3 of 12', 'round_5_sig_str_ground_1': '2 of 3', 'round_5_sig_str_ground_2': '5 of 12'}",,,,,,,,,,,,,,,,,,
http://ufcstats.com/fight-details/a693622ad8c0d672,"March 22, 2025","London, England, United Kingdom",W,Shauna Bannon,"""Mama B""",L,Puja Tomar,"""Cyclone""",,Submission,,,,,Armbar From Bottom Guard,,,,,0,1,52 of 104,36 of 72,50%,50%,64 of 117,38 of 74,0 of 0,0 of 0,---,---,2,0,,,,,,,,,,,,,,,,,,,,,,,0,0,36 of 74,23 of 50,48%,46%,43 of 81,24 of 51,0 of 0,0 of 0,---,---,0,0,,,,,0,1,16 of 30,13 of 22,53%,59%,21 of 36,14 of 23,0 of 0,0 of 0,---,---,2,0,,,,,,,,,,,,,,,,,,,,,,,,,,,,,,,,,,,,,,,,,,,,,,,,,,,,,,,,,,,,,,,,,,,,,,,,,,,,,,,,,,,,,,,,,,,,,,,,,,,,,,,,,,,,,0,1,52 of 104,36 of 72,50%,50%,64 of 117,38 of 74,0 of 0,0 of 0,---,---,"{'round_1_sig_str_head_1': '', 'round_1_sig_str_head_2': '', 'round_1_sig_str_body_1': '', 'round_1_sig_str_body_2': '', 'round_1_sig_str_leg_1': '36 of 74', 'round_1_sig_str_leg_2': '23 of 50', 'round_1_sig_str_dist_1': '48%', 'round_1_sig_str_dist_2': '46%', 'round_1_sig_str_clinch_1': '6 of 20', 'round_1_sig_str_clinch_2': '14 of 36', 'round_1_sig_str_ground_1': '20 of 39', 'round_1_sig_str_ground_2': '7 of 8'}","{'round_2_sig_str_head_1': '', 'round_2_sig_str_head_2': '', 'round_2_sig_str_body_1': '', 'round_2_sig_str_body_2': '', 'round_2_sig_str_leg_1': '36 of 74', 'round_2_sig_str_leg_2': '23 of 50', 'round_2_sig_str_dist_1': '48%', 'round_2_sig_str_dist_2': '46%', 'round_2_sig_str_clinch_1': '6 of 20', 'round_2_sig_str_clinch_2': '14 of 36', 'round_2_sig_str_ground_1': '20 of 39', 'round_2_sig_str_ground_2': '7 of 8'}","{'round_3_sig_str_head_1': '', 'round_3_sig_str_head_2': '', 'round_3_sig_str_body_1': '', 'round_3_sig_str_body_2': '', 'round_3_sig_str_leg_1': '36 of 74', 'round_3_sig_str_leg_2': '23 of 50', 'round_3_sig_str_dist_1': '48%', 'round_3_sig_str_dist_2': '46%', 'round_3_sig_str_clinch_1': '6 of 20', 'round_3_sig_str_clinch_2': '14 of 36', 'round_3_sig_str_ground_1': '20 of 39', 'round_3_sig_str_ground_2': '7 of 8'}","{'round_4_sig_str_head_1': '', 'round_4_sig_str_head_2': '', 'round_4_sig_str_body_1': '', 'round_4_sig_str_body_2': '', 'round_4_sig_str_leg_1': '36 of 74', 'round_4_sig_str_leg_2': '23 of 50', 'round_4_sig_str_dist_1': '48%', 'round_4_sig_str_dist_2': '46%', 'round_4_sig_str_clinch_1': '6 of 20', 'round_4_sig_str_clinch_2': '14 of 36', 'round_4_sig_str_ground_1': '20 of 39', 'round_4_sig_str_ground_2': '7 of 8'}","{'round_5_sig_str_head_1': '', 'round_5_sig_str_head_2': '', 'round_5_sig_str_body_1': '', 'round_5_sig_str_body_2': '', 'round_5_sig_str_leg_1': '36 of 74', 'round_5_sig_str_leg_2': '23 of 50', 'round_5_sig_str_dist_1': '48%', 'round_5_sig_str_dist_2': '46%', 'round_5_sig_str_clinch_1': '6 of 20', 'round_5_sig_str_clinch_2': '14 of 36', 'round_5_sig_str_ground_1': '20 of 39', 'round_5_sig_str_ground_2': '7 of 8'}",,,,,,,,,,,,,,,,,,
http://ufcstats.com/fight-details/2a1071689c3af9df,"March 22, 2025","London, England, United Kingdom",L,Jai Herbert,"""Black Country Banger""",W,Chris Padilla,"""Taco""",Lightweight Bout,Decision - Split,,,,,Darryl Ransom 28 - 29. Anders Ohlsson 29 - 28. Vito Paolillo 28 - 29.,,,,,0,0,38 of 122,39 of 98,31%,39%,59 of 143,88 of 147,0 of 1,0 of 6,0%,0%,0,0,,,,,,,,,,,,,,,,,,,,,,,0,0,3 of 16,9 of 24,18%,37%,17 of 30,29 of 44,0 of 0,0 of 1,---,0%,0,0,,,,,0,0,7 of 42,13 of 32,16%,40%,12 of 47,32 of 51,0 of 1,0 of 3,0%,0%,0,0,,,,,0,0,28 of 64,17 of 42,43%,40%,30 of 66,27 of 52,0 of 0,0 of 2,---,0%,0,0,,,,,,,,,,,,,,,,,,,,,,,,,,,,,,,,,,,,,,,,,,,,,,,,,,,,,,,,,,,,,,,,,,,,,,,,,,,,,,,,,,,,,,,,,,,0,0,38 of 122,39 of 98,31%,39%,59 of 143,88 of 147,0 of 1,0 of 6,0%,0%,"{'round_1_sig_str_head_1': '', 'round_1_sig_str_head_2': '', 'round_1_sig_str_body_1': '', 'round_1_sig_str_body_2': '', 'round_1_sig_str_leg_1': '3 of 16', 'round_1_sig_str_leg_2': '9 of 24', 'round_1_sig_str_dist_1': '18%', 'round_1_sig_str_dist_2': '37%', 'round_1_sig_str_clinch_1': '0 of 9', 'round_1_sig_str_clinch_2': '3 of 11', 'round_1_sig_str_ground_1': '1 of 5', 'round_1_sig_str_ground_2': '1 of 2'}","{'round_2_sig_str_head_1': '', 'round_2_sig_str_head_2': '', 'round_2_sig_str_body_1': '', 'round_2_sig_str_body_2': '', 'round_2_sig_str_leg_1': '3 of 16', 'round_2_sig_str_leg_2': '9 of 24', 'round_2_sig_str_dist_1': '18%', 'round_2_sig_str_dist_2': '37%', 'round_2_sig_str_clinch_1': '0 of 9', 'round_2_sig_str_clinch_2': '3 of 11', 'round_2_sig_str_ground_1': '1 of 5', 'round_2_sig_str_ground_2': '1 of 2'}","{'round_3_sig_str_head_1': '', 'round_3_sig_str_head_2': '', 'round_3_sig_str_body_1': '', 'round_3_sig_str_body_2': '', 'round_3_sig_str_leg_1': '3 of 16', 'round_3_sig_str_leg_2': '9 of 24', 'round_3_sig_str_dist_1': '18%', 'round_3_sig_str_dist_2': '37%', 'round_3_sig_str_clinch_1': '0 of 9', 'round_3_sig_str_clinch_2': '3 of 11', 'round_3_sig_str_ground_1': '1 of 5', 'round_3_sig_str_ground_2': '1 of 2'}","{'round_4_sig_str_head_1': '', 'round_4_sig_str_head_2': '', 'round_4_sig_str_body_1': '', 'round_4_sig_str_body_2': '', 'round_4_sig_str_leg_1': '3 of 16', 'round_4_sig_str_leg_2': '9 of 24', 'round_4_sig_str_dist_1': '18%', 'round_4_sig_str_dist_2': '37%', 'round_4_sig_str_clinch_1': '0 of 9', 'round_4_sig_str_clinch_2': '3 of 11', 'round_4_sig_str_ground_1': '1 of 5', 'round_4_sig_str_ground_2': '1 of 2'}","{'round_5_sig_str_head_1': '', 'round_5_sig_str_head_2': '', 'round_5_sig_str_body_1': '', 'round_5_sig_str_body_2': '', 'round_5_sig_str_leg_1': '3 of 16', 'round_5_sig_str_leg_2': '9 of 24', 'round_5_sig_str_dist_1': '18%', 'round_5_sig_str_dist_2': '37%', 'round_5_sig_str_clinch_1': '0 of 9', 'round_5_sig_str_clinch_2': '3 of 11', 'round_5_sig_str_ground_1': '1 of 5', 'round_5_sig_str_ground_2': '1 of 2'}",,,,,,,,,,,,,,,,,,
http://ufcstats.com/fight-details/9779eb1aae1d4654,"March 22, 2025","London, England, United Kingdom",W,Nathaniel Wood,"""The Prospect""",L,Morgan Charriere,"""The Last Pirate""",Featherweight Bout,Decision - Unanimous,,,,,Chris Lee 27 - 30. Anders Ohlsson 27 - 30. Clemens Werner 27 - 30.,,,,,1,0,72 of 119,42 of 94,60%,44%,89 of 136,69 of 125,0 of 0,1 of 3,---,33%,1,0,,,,,,,,,,,,,,,,,,,,,,,1,0,15 of 26,5 of 10,57%,50%,31 of 42,30 of 39,0 of 0,0 of 0,---,---,0,0,,,,,0,0,35 of 51,18 of 38,68%,47%,36 of 52,20 of 40,0 of 0,1 of 3,---,33%,1,0,,,,,0,0,22 of 42,19 of 46,52%,41%,22 of 42,19 of 46,0 of 0,0 of 0,---,---,0,0,,,,,,,,,,,,,,,,,,,,,,,,,,,,,,,,,,,,,,,,,,,,,,,,,,,,,,,,,,,,,,,,,,,,,,,,,,,,,,,,,,,,,,,,,,,1,0,72 of 119,42 of 94,60%,44%,89 of 136,69 of 125,0 of 0,1 of 3,---,33%,"{'round_1_sig_str_head_1': '', 'round_1_sig_str_head_2': '', 'round_1_sig_str_body_1': '', 'round_1_sig_str_body_2': '', 'round_1_sig_str_leg_1': '15 of 26', 'round_1_sig_str_leg_2': '5 of 10', 'round_1_sig_str_dist_1': '57%', 'round_1_sig_str_dist_2': '50%', 'round_1_sig_str_clinch_1': '9 of 17', 'round_1_sig_str_clinch_2': '2 of 5', 'round_1_sig_str_ground_1': '1 of 1', 'round_1_sig_str_ground_2': '0 of 0'}","{'round_2_sig_str_head_1': '', 'round_2_sig_str_head_2': '', 'round_2_sig_str_body_1': '', 'round_2_sig_str_body_2': '', 'round_2_sig_str_leg_1': '15 of 26', 'round_2_sig_str_leg_2': '5 of 10', 'round_2_sig_str_dist_1': '57%', 'round_2_sig_str_dist_2': '50%', 'round_2_sig_str_clinch_1': '9 of 17', 'round_2_sig_str_clinch_2': '2 of 5', 'round_2_sig_str_ground_1': '1 of 1', 'round_2_sig_str_ground_2': '0 of 0'}","{'round_3_sig_str_head_1': '', 'round_3_sig_str_head_2': '', 'round_3_sig_str_body_1': '', 'round_3_sig_str_body_2': '', 'round_3_sig_str_leg_1': '15 of 26', 'round_3_sig_str_leg_2': '5 of 10', 'round_3_sig_str_dist_1': '57%', 'round_3_sig_str_dist_2': '50%', 'round_3_sig_str_clinch_1': '9 of 17', 'round_3_sig_str_clinch_2': '2 of 5', 'round_3_sig_str_ground_1': '1 of 1', 'round_3_sig_str_ground_2': '0 of 0'}","{'round_4_sig_str_head_1': '', 'round_4_sig_str_head_2': '', 'round_4_sig_str_body_1': '', 'round_4_sig_str_body_2': '', 'round_4_sig_str_leg_1': '15 of 26', 'round_4_sig_str_leg_2': '5 of 10', 'round_4_sig_str_dist_1': '57%', 'round_4_sig_str_dist_2': '50%', 'round_4_sig_str_clinch_1': '9 of 17', 'round_4_sig_str_clinch_2': '2 of 5', 'round_4_sig_str_ground_1': '1 of 1', 'round_4_sig_str_ground_2': '0 of 0'}","{'round_5_sig_str_head_1': '', 'round_5_sig_str_head_2': '', 'round_5_sig_str_body_1': '', 'round_5_sig_str_body_2': '', 'round_5_sig_str_leg_1': '15 of 26', 'round_5_sig_str_leg_2': '5 of 10', 'round_5_sig_str_dist_1': '57%', 'round_5_sig_str_dist_2': '50%', 'round_5_sig_str_clinch_1': '9 of 17', 'round_5_sig_str_clinch_2': '2 of 5', 'round_5_sig_str_ground_1': '1 of 1', 'round_5_sig_str_ground_2': '0 of 0'}",,,,,,,,,,,,,,,,,,
http://ufcstats.com/fight-details/96c6be6b22385967,"March 22, 2025","London, England, United Kingdom",L,Gunnar Nelson,"""Gunni""",W,Kevin Holland,"""Trailblazer""",,Decision - Unanimous,,,,,Darryl Ransom 28 - 29. David Lethaby 28 - 29. Anders Ohlsson 28 - 29.,,,,,0,1,15 of 24,55 of 89,62%,61%,30 of 44,138 of 178,3 of 10,0 of 1,30%,0%,1,0,,,,,,,,,,,,,,,,,,,,,,,0,1,5 of 9,19 of 37,55%,51%,13 of 20,31 of 51,1 of 1,0 of 1,100%,0%,0,0,,,,,0,0,3 of 6,17 of 23,50%,73%,7 of 11,73 of 82,1 of 5,0 of 0,20%,---,0,0,,,,,0,0,7 of 9,19 of 29,77%,65%,10 of 13,34 of 45,1 of 4,0 of 0,25%,---,1,0,,,,,,,,,,,,,,,,,,,,,,,,,,,,,,,,,,,,,,,,,,,,,,,,,,,,,,,,,,,,,,,,,,,,,,,,,,,,,,,,,,,,,,,,,,,0,1,15 of 24,55 of 89,62%,61%,30 of 44,138 of 178,3 of 10,0 of 1,30%,0%,"{'round_1_sig_str_head_1': '', 'round_1_sig_str_head_2': '', 'round_1_sig_str_body_1': '', 'round_1_sig_str_body_2': '', 'round_1_sig_str_leg_1': '5 of 9', 'round_1_sig_str_leg_2': '19 of 37', 'round_1_sig_str_dist_1': '55%', 'round_1_sig_str_dist_2': '51%', 'round_1_sig_str_clinch_1': '3 of 7', 'round_1_sig_str_clinch_2': '10 of 24', 'round_1_sig_str_ground_1': '1 of 1', 'round_1_sig_str_ground_2': '3 of 5'}","{'round_2_sig_str_head_1': '', 'round_2_sig_str_head_2': '', 'round_2_sig_str_body_1': '', 'round_2_sig_str_body_2': '', 'round_2_sig_str_leg_1': '5 of 9', 'round_2_sig_str_leg_2': '19 of 37', 'round_2_sig_str_dist_1': '55%', 'round_2_sig_str_dist_2': '51%', 'round_2_sig_str_clinch_1': '3 of 7', 'round_2_sig_str_clinch_2': '10 of 24', 'round_2_sig_str_ground_1': '1 of 1', 'round_2_sig_str_ground_2': '3 of 5'}","{'round_3_sig_str_head_1': '', 'round_3_sig_str_head_2': '', 'round_3_sig_str_body_1': '', 'round_3_sig_str_body_2': '', 'round_3_sig_str_leg_1': '5 of 9', 'round_3_sig_str_leg_2': '19 of 37', 'round_3_sig_str_dist_1': '55%', 'round_3_sig_str_dist_2': '51%', 'round_3_sig_str_clinch_1': '3 of 7', 'round_3_sig_str_clinch_2': '10 of 24', 'round_3_sig_str_ground_1': '1 of 1', 'round_3_sig_str_ground_2': '3 of 5'}","{'round_4_sig_str_head_1': '', 'round_4_sig_str_head_2': '', 'round_4_sig_str_body_1': '', 'round_4_sig_str_body_2': '', 'round_4_sig_str_leg_1': '5 of 9', 'round_4_sig_str_leg_2': '19 of 37', 'round_4_sig_str_dist_1': '55%', 'round_4_sig_str_dist_2': '51%', 'round_4_sig_str_clinch_1': '3 of 7', 'round_4_sig_str_clinch_2': '10 of 24', 'round_4_sig_str_ground_1': '1 of 1', 'round_4_sig_str_ground_2': '3 of 5'}","{'round_5_sig_str_head_1': '', 'round_5_sig_str_head_2': '', 'round_5_sig_str_body_1': '', 'round_5_sig_str_body_2': '', 'round_5_sig_str_leg_1': '5 of 9', 'round_5_sig_str_leg_2': '19 of 37', 'round_5_sig_str_dist_1': '55%', 'round_5_sig_str_dist_2': '51%', 'round_5_sig_str_clinch_1': '3 of 7', 'round_5_sig_str_clinch_2': '10 of 24', 'round_5_sig_str_ground_1': '1 of 1', 'round_5_sig_str_ground_2': '3 of 5'}",,,,,,,,,,,,,,,,,,
http://ufcstats.com/fight-details/8e6640c007ad603d,"March 22, 2025","London, England, United Kingdom",L,Jordan Vucenic,"""The Epidemic""",W,Chris Duncan,"""The Problem""",Lightweight Bout,Submission,,,,,Guillotine Choke After Drop to Guard,,,,,0,1,16 of 26,15 of 40,61%,37%,22 of 32,24 of 50,1 of 2,4 of 5,50%,80%,0,1,,,,,,,,,,,,,,,,,,,,,,,0,1,1 of 3,9 of 13,33%,69%,4 of 6,16 of 21,0 of 0,1 of 1,---,100%,0,0,,,,,0,0,15 of 23,6 of 27,65%,22%,18 of 26,8 of 29,1 of 2,3 of 4,50%,75%,0,1,,,,,,,,,,,,,,,,,,,,,,,,,,,,,,,,,,,,,,,,,,,,,,,,,,,,,,,,,,,,,,,,,,,,,,,,,,,,,,,,,,,,,,,,,,,,,,,,,,,,,,,,,,,,,0,1,16 of 26,15 of 40,61%,37%,22 of 32,24 of 50,1 of 2,4 of 5,50%,80%,"{'round_1_sig_str_head_1': '', 'round_1_sig_str_head_2': '', 'round_1_sig_str_body_1': '', 'round_1_sig_str_body_2': '', 'round_1_sig_str_leg_1': '1 of 3', 'round_1_sig_str_leg_2': '9 of 13', 'round_1_sig_str_dist_1': '33%', 'round_1_sig_str_dist_2': '69%', 'round_1_sig_str_clinch_1': '1 of 1', 'round_1_sig_str_clinch_2': '5 of 7', 'round_1_sig_str_ground_1': '0 of 0', 'round_1_sig_str_ground_2': '4 of 4'}","{'round_2_sig_str_head_1': '', 'round_2_sig_str_head_2': '', 'round_2_sig_str_body_1': '', 'round_2_sig_str_body_2': '', 'round_2_sig_str_leg_1': '1 of 3', 'round_2_sig_str_leg_2': '9 of 13', 'round_2_sig_str_dist_1': '33%', 'round_2_sig_str_dist_2': '69%', 'round_2_sig_str_clinch_1': '1 of 1', 'round_2_sig_str_clinch_2': '5 of 7', 'round_2_sig_str_ground_1': '0 of 0', 'round_2_sig_str_ground_2': '4 of 4'}","{'round_3_sig_str_head_1': '', 'round_3_sig_str_head_2': '', 'round_3_sig_str_body_1': '', 'round_3_sig_str_body_2': '', 'round_3_sig_str_leg_1': '1 of 3', 'round_3_sig_str_leg_2': '9 of 13', 'round_3_sig_str_dist_1': '33%', 'round_3_sig_str_dist_2': '69%', 'round_3_sig_str_clinch_1': '1 of 1', 'round_3_sig_str_clinch_2': '5 of 7', 'round_3_sig_str_ground_1': '0 of 0', 'round_3_sig_str_ground_2': '4 of 4'}","{'round_4_sig_str_head_1': '', 'round_4_sig_str_head_2': '', 'round_4_sig_str_body_1': '', 'round_4_sig_str_body_2': '', 'round_4_sig_str_leg_1': '1 of 3', 'round_4_sig_str_leg_2': '9 of 13', 'round_4_sig_str_dist_1': '33%', 'round_4_sig_str_dist_2': '69%', 'round_4_sig_str_clinch_1': '1 of 1', 'round_4_sig_str_clinch_2': '5 of 7', 'round_4_sig_str_ground_1': '0 of 0', 'round_4_sig_str_ground_2': '4 of 4'}","{'round_5_sig_str_head_1': '', 'round_5_sig_str_head_2': '', 'round_5_sig_str_body_1': '', 'round_5_sig_str_body_2': '', 'round_5_sig_str_leg_1': '1 of 3', 'round_5_sig_str_leg_2': '9 of 13', 'round_5_sig_str_dist_1': '33%', 'round_5_sig_str_dist_2': '69%', 'round_5_sig_str_clinch_1': '1 of 1', 'round_5_sig_str_clinch_2': '5 of 7', 'round_5_sig_str_ground_1': '0 of 0', 'round_5_sig_str_ground_2': '4 of 4'}",,,,,,,,,,,,,,,,,,
http://ufcstats.com/fight-details/0c80eef2f4570543,"April 05, 2025","Las Vegas, Nevada, USA",W,Brad Tavares,,L,Gerald Meerschaert,"""GM3""",Middleweight Bout,Decision - Unanimous,,,,,Sal D'amato 28 - 29. Junichiro Kamijo 28 - 29. David Lethaby 28 - 29.,,,,,0,0,47 of 109,38 of 83,43%,45%,56 of 118,51 of 97,0 of 0,0 of 8,---,0%,0,0,,,,,,,,,,,,,,,,,,,,,,,0,0,13 of 36,8 of 24,36%,33%,14 of 37,8 of 24,0 of 0,0 of 2,---,0%,0,0,,,,,0,0,26 of 51,23 of 44,50%,52%,26 of 51,23 of 45,0 of 0,0 of 1,---,0%,0,0,,,,,0,0,8 of 22,7 of 15,36%,46%,16 of 30,20 of 28,0 of 0,0 of 5,---,0%,0,0,,,,,,,,,,,,,,,,,,,,,,,,,,,,,,,,,,,,,,,,,,,,,,,,,,,,,,,,,,,,,,,,,,,,,,,,,,,,,,,,,,,,,,,,,,,0,0,47 of 109,38 of 83,43%,45%,56 of 118,51 of 97,0 of 0,0 of 8,---,0%,"{'round_1_sig_str_head_1': '', 'round_1_sig_str_head_2': '', 'round_1_sig_str_body_1': '', 'round_1_sig_str_body_2': '', 'round_1_sig_str_leg_1': '13 of 36', 'round_1_sig_str_leg_2': '8 of 24', 'round_1_sig_str_dist_1': '36%', 'round_1_sig_str_dist_2': '33%', 'round_1_sig_str_clinch_1': '10 of 30', 'round_1_sig_str_clinch_2': '5 of 19', 'round_1_sig_str_ground_1': '2 of 5', 'round_1_sig_str_ground_2': '0 of 1'}","{'round_2_sig_str_head_1': '', 'round_2_sig_str_head_2': '', 'round_2_sig_str_body_1': '', 'round_2_sig_str_body_2': '', 'round_2_sig_str_leg_1': '13 of 36', 'round_2_sig_str_leg_2': '8 of 24', 'round_2_sig_str_dist_1': '36%', 'round_2_sig_str_dist_2': '33%', 'round_2_sig_str_clinch_1': '10 of 30', 'round_2_sig_str_clinch_2': '5 of 19', 'round_2_sig_str_ground_1': '2 of 5', 'round_2_sig_str_ground_2': '0 of 1'}","{'round_3_sig_str_head_1': '', 'round_3_sig_str_head_2': '', 'round_3_sig_str_body_1': '', 'round_3_sig_str_body_2': '', 'round_3_sig_str_leg_1': '13 of 36', 'round_3_sig_str_leg_2': '8 of 24', 'round_3_sig_str_dist_1': '36%', 'round_3_sig_str_dist_2': '33%', 'round_3_sig_str_clinch_1': '10 of 30', 'round_3_sig_str_clinch_2': '5 of 19', 'round_3_sig_str_ground_1': '2 of 5', 'round_3_sig_str_ground_2': '0 of 1'}","{'round_4_sig_str_head_1': '', 'round_4_sig_str_head_2': '', 'round_4_sig_str_body_1': '', 'round_4_sig_str_body_2': '', 'round_4_sig_str_leg_1': '13 of 36', 'round_4_sig_str_leg_2': '8 of 24', 'round_4_sig_str_dist_1': '36%', 'round_4_sig_str_dist_2': '33%', 'round_4_sig_str_clinch_1': '10 of 30', 'round_4_sig_str_clinch_2': '5 of 19', 'round_4_sig_str_ground_1': '2 of 5', 'round_4_sig_str_ground_2': '0 of 1'}","{'round_5_sig_str_head_1': '', 'round_5_sig_str_head_2': '', 'round_5_sig_str_body_1': '', 'round_5_sig_str_body_2': '', 'round_5_sig_str_leg_1': '13 of 36', 'round_5_sig_str_leg_2': '8 of 24', 'round_5_sig_str_dist_1': '36%', 'round_5_sig_str_dist_2': '33%', 'round_5_sig_str_clinch_1': '10 of 30', 'round_5_sig_str_clinch_2': '5 of 19', 'round_5_sig_str_ground_1': '2 of 5', 'round_5_sig_str_ground_2': '0 of 1'}",,,,,,,,,,,,,,,,,,
http://ufcstats.com/fight-details/b5b4b69bccb9ff4a,"March 22, 2025","London, England, United Kingdom",L,Molly McCann,"""Meatball""",W,Alexia Thainara,"""Burguesinha""",,Submission,,,,,Rear Naked Choke,,,,,0,0,9 of 21,11 of 21,42%,52%,14 of 28,17 of 32,0 of 0,1 of 1,---,100%,0,2,,,,,,,,,,,,,,,,,,,,,,,0,0,9 of 21,11 of 21,42%,52%,14 of 28,17 of 32,0 of 0,1 of 1,---,100%,0,2,,,,,,,,,,,,,,,,,,,,,,,,,,,,,,,,,,,,,,,,,,,,,,,,,,,,,,,,,,,,,,,,,,,,,,,,,,,,,,,,,,,,,,,,,,,,,,,,,,,,,,,,,,,,,,,,,,,,,,,,,,,,,,,0,0,9 of 21,11 of 21,42%,52%,14 of 28,17 of 32,0 of 0,1 of 1,---,100%,"{'round_1_sig_str_head_1': '', 'round_1_sig_str_head_2': '', 'round_1_sig_str_body_1': '', 'round_1_sig_str_body_2': '', 'round_1_sig_str_leg_1': '9 of 21', 'round_1_sig_str_leg_2': '11 of 21', 'round_1_sig_str_dist_1': '42%', 'round_1_sig_str_dist_2': '52%', 'round_1_sig_str_clinch_1': '6 of 17', 'round_1_sig_str_clinch_2': '7 of 13', 'round_1_sig_str_ground_1': '2 of 3', 'round_1_sig_str_ground_2': '1 of 2'}","{'round_2_sig_str_head_1': '', 'round_2_sig_str_head_2': '', 'round_2_sig_str_body_1': '', 'round_2_sig_str_body_2': '', 'round_2_sig_str_leg_1': '9 of 21', 'round_2_sig_str_leg_2': '11 of 21', 'round_2_sig_str_dist_1': '42%', 'round_2_sig_str_dist_2': '52%', 'round_2_sig_str_clinch_1': '6 of 17', 'round_2_sig_str_clinch_2': '7 of 13', 'round_2_sig_str_ground_1': '2 of 3', 'round_2_sig_str_ground_2': '1 of 2'}","{'round_3_sig_str_head_1': '', 'round_3_sig_str_head_2': '', 'round_3_sig_str_body_1': '', 'round_3_sig_str_body_2': '', 'round_3_sig_str_leg_1': '9 of 21', 'round_3_sig_str_leg_2': '11 of 21', 'round_3_sig_str_dist_1': '42%', 'round_3_sig_str_dist_2': '52%', 'round_3_sig_str_clinch_1': '6 of 17', 'round_3_sig_str_clinch_2': '7 of 13', 'round_3_sig_str_ground_1': '2 of 3', 'round_3_sig_str_ground_2': '1 of 2'}","{'round_4_sig_str_head_1': '', 'round_4_sig_str_head_2': '', 'round_4_sig_str_body_1': '', 'round_4_sig_str_body_2': '', 'round_4_sig_str_leg_1': '9 of 21', 'round_4_sig_str_leg_2': '11 of 21', 'round_4_sig_str_dist_1': '42%', 'round_4_sig_str_dist_2': '52%', 'round_4_sig_str_clinch_1': '6 of 17', 'round_4_sig_str_clinch_2': '7 of 13', 'round_4_sig_str_ground_1': '2 of 3', 'round_4_sig_str_ground_2': '1 of 2'}","{'round_5_sig_str_head_1': '', 'round_5_sig_str_head_2': '', 'round_5_sig_str_body_1': '', 'round_5_sig_str_body_2': '', 'round_5_sig_str_leg_1': '9 of 21', 'round_5_sig_str_leg_2': '11 of 21', 'round_5_sig_str_dist_1': '42%', 'round_5_sig_str_dist_2': '52%', 'round_5_sig_str_clinch_1': '6 of 17', 'round_5_sig_str_clinch_2': '7 of 13', 'round_5_sig_str_ground_1': '2 of 3', 'round_5_sig_str_ground_2': '1 of 2'}",,,,,,,,,,,,,,,,,,
http://ufcstats.com/fight-details/fc3825dd1b67e39d,"April 05, 2025","Las Vegas, Nevada, USA",L,Cortavious Romious,,W,ChangHo Lee,,,KO/TKO,,,,,Elbows to Head From Mount,,,,,0,0,11 of 24,44 of 74,45%,59%,14 of 27,116 of 179,2 of 3,2 of 4,66%,50%,0,1,,,,,,,,,,,,,,,,,,,,,,,0,0,5 of 11,8 of 20,45%,40%,8 of 14,61 of 99,1 of 2,1 of 2,50%,50%,0,1,,,,,0,0,6 of 13,36 of 54,46%,66%,6 of 13,55 of 80,1 of 1,1 of 2,100%,50%,0,0,,,,,,,,,,,,,,,,,,,,,,,,,,,,,,,,,,,,,,,,,,,,,,,,,,,,,,,,,,,,,,,,,,,,,,,,,,,,,,,,,,,,,,,,,,,,,,,,,,,,,,,,,,,,,0,0,11 of 24,44 of 74,45%,59%,14 of 27,116 of 179,2 of 3,2 of 4,66%,50%,"{'round_1_sig_str_head_1': '', 'round_1_sig_str_head_2': '', 'round_1_sig_str_body_1': '', 'round_1_sig_str_body_2': '', 'round_1_sig_str_leg_1': '5 of 11', 'round_1_sig_str_leg_2': '8 of 20', 'round_1_sig_str_dist_1': '45%', 'round_1_sig_str_dist_2': '40%', 'round_1_sig_str_clinch_1': '3 of 9', 'round_1_sig_str_clinch_2': '8 of 18', 'round_1_sig_str_ground_1': '1 of 1', 'round_1_sig_str_ground_2': '0 of 2'}","{'round_2_sig_str_head_1': '', 'round_2_sig_str_head_2': '', 'round_2_sig_str_body_1': '', 'round_2_sig_str_body_2': '', 'round_2_sig_str_leg_1': '5 of 11', 'round_2_sig_str_leg_2': '8 of 20', 'round_2_sig_str_dist_1': '45%', 'round_2_sig_str_dist_2': '40%', 'round_2_sig_str_clinch_1': '3 of 9', 'round_2_sig_str_clinch_2': '8 of 18', 'round_2_sig_str_ground_1': '1 of 1', 'round_2_sig_str_ground_2': '0 of 2'}","{'round_3_sig_str_head_1': '', 'round_3_sig_str_head_2': '', 'round_3_sig_str_body_1': '', 'round_3_sig_str_body_2': '', 'round_3_sig_str_leg_1': '5 of 11', 'round_3_sig_str_leg_2': '8 of 20', 'round_3_sig_str_dist_1': '45%', 'round_3_sig_str_dist_2': '40%', 'round_3_sig_str_clinch_1': '3 of 9', 'round_3_sig_str_clinch_2': '8 of 18', 'round_3_sig_str_ground_1': '1 of 1', 'round_3_sig_str_ground_2': '0 of 2'}","{'round_4_sig_str_head_1': '', 'round_4_sig_str_head_2': '', 'round_4_sig_str_body_1': '', 'round_4_sig_str_body_2': '', 'round_4_sig_str_leg_1': '5 of 11', 'round_4_sig_str_leg_2': '8 of 20', 'round_4_sig_str_dist_1': '45%', 'round_4_sig_str_dist_2': '40%', 'round_4_sig_str_clinch_1': '3 of 9', 'round_4_sig_str_clinch_2': '8 of 18', 'round_4_sig_str_ground_1': '1 of 1', 'round_4_sig_str_ground_2': '0 of 2'}","{'round_5_sig_str_head_1': '', 'round_5_sig_str_head_2': '', 'round_5_sig_str_body_1': '', 'round_5_sig_str_body_2': '', 'round_5_sig_str_leg_1': '5 of 11', 'round_5_sig_str_leg_2': '8 of 20', 'round_5_sig_str_dist_1': '45%', 'round_5_sig_str_dist_2': '40%', 'round_5_sig_str_clinch_1': '3 of 9', 'round_5_sig_str_clinch_2': '8 of 18', 'round_5_sig_str_ground_1': '1 of 1', 'round_5_sig_str_ground_2': '0 of 2'}",,,,,,,,,,,,,,,,,,
http://ufcstats.com/fight-details/86a1be10255eea4e,"April 05, 2025","Las Vegas, Nevada, USA",L,Josh Emmett,"""CC0""",W,Lerone Murphy,"""The Miracle""",Featherweight Bout,Decision - Unanimous,,,,,Ben Cartlidge 47 - 48. Sal D'amato 47 - 48. Eric Colon 46 - 49.,,,,,0,0,41 of 143,84 of 157,28%,53%,44 of 149,117 of 195,4 of 11,0 of 0,36%,---,0,0,,,,,,,,,,,,,,,,,,,,,,,0,0,10 of 28,10 of 24,35%,41%,10 of 28,11 of 26,1 of 1,0 of 0,100%,---,0,0,,,,,0,0,2 of 8,13 of 21,25%,61%,3 of 11,26 of 35,2 of 5,0 of 0,40%,---,0,0,,,,,0,0,5 of 25,21 of 36,20%,58%,7 of 28,33 of 50,1 of 2,0 of 0,50%,---,0,0,,,,,,,,,,,,,,,,,,,,,,,,,,,,,,,,,,,,,,,,,,,,,,,,,,,,,,,,,,,,,,,,,,,,,,,,,,,,,,,,,,,,,,,,,,,0,0,41 of 143,84 of 157,28%,53%,44 of 149,117 of 195,4 of 11,0 of 0,36%,---,"{'round_1_sig_str_head_1': '', 'round_1_sig_str_head_2': '', 'round_1_sig_str_body_1': '', 'round_1_sig_str_body_2': '', 'round_1_sig_str_leg_1': '10 of 28', 'round_1_sig_str_leg_2': '10 of 24', 'round_1_sig_str_dist_1': '35%', 'round_1_sig_str_dist_2': '41%', 'round_1_sig_str_clinch_1': '6 of 23', 'round_1_sig_str_clinch_2': '5 of 16', 'round_1_sig_str_ground_1': '3 of 4', 'round_1_sig_str_ground_2': '3 of 5'}","{'round_2_sig_str_head_1': '', 'round_2_sig_str_head_2': '', 'round_2_sig_str_body_1': '', 'round_2_sig_str_body_2': '', 'round_2_sig_str_leg_1': '10 of 28', 'round_2_sig_str_leg_2': '10 of 24', 'round_2_sig_str_dist_1': '35%', 'round_2_sig_str_dist_2': '41%', 'round_2_sig_str_clinch_1': '6 of 23', 'round_2_sig_str_clinch_2': '5 of 16', 'round_2_sig_str_ground_1': '3 of 4', 'round_2_sig_str_ground_2': '3 of 5'}","{'round_3_sig_str_head_1': '', 'round_3_sig_str_head_2': '', 'round_3_sig_str_body_1': '', 'round_3_sig_str_body_2': '', 'round_3_sig_str_leg_1': '10 of 28', 'round_3_sig_str_leg_2': '10 of 24', 'round_3_sig_str_dist_1': '35%', 'round_3_sig_str_dist_2': '41%', 'round_3_sig_str_clinch_1': '6 of 23', 'round_3_sig_str_clinch_2': '5 of 16', 'round_3_sig_str_ground_1': '3 of 4', 'round_3_sig_str_ground_2': '3 of 5'}","{'round_4_sig_str_head_1': '', 'round_4_sig_str_head_2': '', 'round_4_sig_str_body_1': '', 'round_4_sig_str_body_2': '', 'round_4_sig_str_leg_1': '10 of 28', 'round_4_sig_str_leg_2': '10 of 24', 'round_4_sig_str_dist_1': '35%', 'round_4_sig_str_dist_2': '41%', 'round_4_sig_str_clinch_1': '6 of 23', 'round_4_sig_str_clinch_2': '5 of 16', 'round_4_sig_str_ground_1': '3 of 4', 'round_4_sig_str_ground_2': '3 of 5'}","{'round_5_sig_str_head_1': '', 'round_5_sig_str_head_2': '', 'round_5_sig_str_body_1': '', 'round_5_sig_str_body_2': '', 'round_5_sig_str_leg_1': '10 of 28', 'round_5_sig_str_leg_2': '10 of 24', 'round_5_sig_str_dist_1': '35%', 'round_5_sig_str_dist_2': '41%', 'round_5_sig_str_clinch_1': '6 of 23', 'round_5_sig_str_clinch_2': '5 of 16', 'round_5_sig_str_ground_1': '3 of 4', 'round_5_sig_str_ground_2': '3 of 5'}",,,,,0,0,13 of 38,22 of 41,34%,53%,13 of 38,26 of 46,0 of 2,0 of 0,0%,---,0,0
http://ufcstats.com/fight-details/76641669c1607b7a,"April 05, 2025","Las Vegas, Nevada, USA",L,Diana Belbita,"""The Warrior Princess""",W,Dione Barbosa,"""The Witch""",,Submission,,,,,Arm Triangle From Side Control,,,,,0,0,20 of 69,27 of 50,28%,54%,23 of 72,35 of 58,0 of 0,1 of 1,---,100%,0,1,,,,,,,,,,,,,,,,,,,,,,,0,0,20 of 69,27 of 50,28%,54%,23 of 72,35 of 58,0 of 0,1 of 1,---,100%,0,1,,,,,,,,,,,,,,,,,,,,,,,,,,,,,,,,,,,,,,,,,,,,,,,,,,,,,,,,,,,,,,,,,,,,,,,,,,,,,,,,,,,,,,,,,,,,,,,,,,,,,,,,,,,,,,,,,,,,,,,,,,,,,,,0,0,20 of 69,27 of 50,28%,54%,23 of 72,35 of 58,0 of 0,1 of 1,---,100%,"{'round_1_sig_str_head_1': '', 'round_1_sig_str_head_2': '', 'round_1_sig_str_body_1': '', 'round_1_sig_str_body_2': '', 'round_1_sig_str_leg_1': '20 of 69', 'round_1_sig_str_leg_2': '27 of 50', 'round_1_sig_str_dist_1': '28%', 'round_1_sig_str_dist_2': '54%', 'round_1_sig_str_clinch_1': '6 of 43', 'round_1_sig_str_clinch_2': '23 of 46', 'round_1_sig_str_ground_1': '6 of 17', 'round_1_sig_str_ground_2': '2 of 2'}","{'round_2_sig_str_head_1': '', 'round_2_sig_str_head_2': '', 'round_2_sig_str_body_1': '', 'round_2_sig_str_body_2': '', 'round_2_sig_str_leg_1': '20 of 69', 'round_2_sig_str_leg_2': '27 of 50', 'round_2_sig_str_dist_1': '28%', 'round_2_sig_str_dist_2': '54%', 'round_2_sig_str_clinch_1': '6 of 43', 'round_2_sig_str_clinch_2': '23 of 46', 'round_2_sig_str_ground_1': '6 of 17', 'round_2_sig_str_ground_2': '2 of 2'}","{'round_3_sig_str_head_1': '', 'round_3_sig_str_head_2': '', 'round_3_sig_str_body_1': '', 'round_3_sig_str_body_2': '', 'round_3_sig_str_leg_1': '20 of 69', 'round_3_sig_str_leg_2': '27 of 50', 'round_3_sig_str_dist_1': '28%', 'round_3_sig_str_dist_2': '54%', 'round_3_sig_str_clinch_1': '6 of 43', 'round_3_sig_str_clinch_2': '23 of 46', 'round_3_sig_str_ground_1': '6 of 17', 'round_3_sig_str_ground_2': '2 of 2'}","{'round_4_sig_str_head_1': '', 'round_4_sig_str_head_2': '', 'round_4_sig_str_body_1': '', 'round_4_sig_str_body_2': '', 'round_4_sig_str_leg_1': '20 of 69', 'round_4_sig_str_leg_2': '27 of 50', 'round_4_sig_str_dist_1': '28%', 'round_4_sig_str_dist_2': '54%', 'round_4_sig_str_clinch_1': '6 of 43', 'round_4_sig_str_clinch_2': '23 of 46', 'round_4_sig_str_ground_1': '6 of 17', 'round_4_sig_str_ground_2': '2 of 2'}","{'round_5_sig_str_head_1': '', 'round_5_sig_str_head_2': '', 'round_5_sig_str_body_1': '', 'round_5_sig_str_body_2': '', 'round_5_sig_str_leg_1': '20 of 69', 'round_5_sig_str_leg_2': '27 of 50', 'round_5_sig_str_dist_1': '28%', 'round_5_sig_str_dist_2': '54%', 'round_5_sig_str_clinch_1': '6 of 43', 'round_5_sig_str_clinch_2': '23 of 46', 'round_5_sig_str_ground_1': '6 of 17', 'round_5_sig_str_ground_2': '2 of 2'}",,,,,,,,,,,,,,,,,,
http://ufcstats.com/fight-details/6d9ea9f436ed354d,"March 22, 2025","London, England, United Kingdom",L,Jan Blachowicz,,W,Carlos Ulberg,"""Black Jag""",Light Heavyweight Bout,Decision - Unanimous,,,,,Ben Cartlidge 28 - 29. David Lethaby 28 - 29. Vito Paolillo 28 - 29.,,,,,0,0,59 of 131,75 of 157,45%,47%,59 of 131,75 of 157,0 of 1,0 of 1,0%,0%,0,0,,,,,,,,,,,,,,,,,,,,,,,0,0,18 of 31,15 of 32,58%,46%,18 of 31,15 of 32,0 of 0,0 of 0,---,---,0,0,,,,,0,0,16 of 33,29 of 60,48%,48%,16 of 33,29 of 60,0 of 0,0 of 0,---,---,0,0,,,,,0,0,25 of 67,31 of 65,37%,47%,25 of 67,31 of 65,0 of 1,0 of 1,0%,0%,0,0,,,,,,,,,,,,,,,,,,,,,,,,,,,,,,,,,,,,,,,,,,,,,,,,,,,,,,,,,,,,,,,,,,,,,,,,,,,,,,,,,,,,,,,,,,,0,0,59 of 131,75 of 157,45%,47%,59 of 131,75 of 157,0 of 1,0 of 1,0%,0%,"{'round_1_sig_str_head_1': '', 'round_1_sig_str_head_2': '', 'round_1_sig_str_body_1': '', 'round_1_sig_str_body_2': '', 'round_1_sig_str_leg_1': '18 of 31', 'round_1_sig_str_leg_2': '15 of 32', 'round_1_sig_str_dist_1': '58%', 'round_1_sig_str_dist_2': '46%', 'round_1_sig_str_clinch_1': '3 of 11', 'round_1_sig_str_clinch_2': '2 of 16', 'round_1_sig_str_ground_1': '1 of 4', 'round_1_sig_str_ground_2': '1 of 4'}","{'round_2_sig_str_head_1': '', 'round_2_sig_str_head_2': '', 'round_2_sig_str_body_1': '', 'round_2_sig_str_body_2': '', 'round_2_sig_str_leg_1': '18 of 31', 'round_2_sig_str_leg_2': '15 of 32', 'round_2_sig_str_dist_1': '58%', 'round_2_sig_str_dist_2': '46%', 'round_2_sig_str_clinch_1': '3 of 11', 'round_2_sig_str_clinch_2': '2 of 16', 'round_2_sig_str_ground_1': '1 of 4', 'round_2_sig_str_ground_2': '1 of 4'}","{'round_3_sig_str_head_1': '', 'round_3_sig_str_head_2': '', 'round_3_sig_str_body_1': '', 'round_3_sig_str_body_2': '', 'round_3_sig_str_leg_1': '18 of 31', 'round_3_sig_str_leg_2': '15 of 32', 'round_3_sig_str_dist_1': '58%', 'round_3_sig_str_dist_2': '46%', 'round_3_sig_str_clinch_1': '3 of 11', 'round_3_sig_str_clinch_2': '2 of 16', 'round_3_sig_str_ground_1': '1 of 4', 'round_3_sig_str_ground_2': '1 of 4'}","{'round_4_sig_str_head_1': '', 'round_4_sig_str_head_2': '', 'round_4_sig_str_body_1': '', 'round_4_sig_str_body_2': '', 'round_4_sig_str_leg_1': '18 of 31', 'round_4_sig_str_leg_2': '15 of 32', 'round_4_sig_str_dist_1': '58%', 'round_4_sig_str_dist_2': '46%', 'round_4_sig_str_clinch_1': '3 of 11', 'round_4_sig_str_clinch_2': '2 of 16', 'round_4_sig_str_ground_1': '1 of 4', 'round_4_sig_str_ground_2': '1 of 4'}","{'round_5_sig_str_head_1': '', 'round_5_sig_str_head_2': '', 'round_5_sig_str_body_1': '', 'round_5_sig_str_body_2': '', 'round_5_sig_str_leg_1': '18 of 31', 'round_5_sig_str_leg_2': '15 of 32', 'round_5_sig_str_dist_1': '58%', 'round_5_sig_str_dist_2': '46%', 'round_5_sig_str_clinch_1': '3 of 11', 'round_5_sig_str_clinch_2': '2 of 16', 'round_5_sig_str_ground_1': '1 of 4', 'round_5_sig_str_ground_2': '1 of 4'}",,,,,,,,,,,,,,,,,,
http://ufcstats.com/fight-details/a160e94fdb66de17,"April 05, 2025","Las Vegas, Nevada, USA",W,Pat Sabatini,,L,Joanderson Brito,"""Tubarao""",Featherweight Bout,Decision - Unanimous,,,,,Sal D'amato 26 - 30. Chris Leben 26 - 30. David Lethaby 27 - 30.,,,,,0,0,24 of 31,3 of 9,77%,33%,135 of 158,27 of 46,4 of 5,0 of 0,80%,---,1,1,,,,,,,,,,,,,,,,,,,,,,,0,0,12 of 14,1 of 1,85%,100%,22 of 28,10 of 12,2 of 2,0 of 0,100%,---,1,0,,,,,0,0,6 of 8,2 of 4,75%,50%,52 of 59,13 of 24,1 of 2,0 of 0,50%,---,0,0,,,,,0,0,6 of 9,0 of 4,66%,0%,61 of 71,4 of 10,1 of 1,0 of 0,100%,---,0,1,,,,,,,,,,,,,,,,,,,,,,,,,,,,,,,,,,,,,,,,,,,,,,,,,,,,,,,,,,,,,,,,,,,,,,,,,,,,,,,,,,,,,,,,,,,0,0,24 of 31,3 of 9,77%,33%,135 of 158,27 of 46,4 of 5,0 of 0,80%,---,"{'round_1_sig_str_head_1': '', 'round_1_sig_str_head_2': '', 'round_1_sig_str_body_1': '', 'round_1_sig_str_body_2': '', 'round_1_sig_str_leg_1': '12 of 14', 'round_1_sig_str_leg_2': '1 of 1', 'round_1_sig_str_dist_1': '85%', 'round_1_sig_str_dist_2': '100%', 'round_1_sig_str_clinch_1': '12 of 13', 'round_1_sig_str_clinch_2': '0 of 0', 'round_1_sig_str_ground_1': '0 of 1', 'round_1_sig_str_ground_2': '1 of 1'}","{'round_2_sig_str_head_1': '', 'round_2_sig_str_head_2': '', 'round_2_sig_str_body_1': '', 'round_2_sig_str_body_2': '', 'round_2_sig_str_leg_1': '12 of 14', 'round_2_sig_str_leg_2': '1 of 1', 'round_2_sig_str_dist_1': '85%', 'round_2_sig_str_dist_2': '100%', 'round_2_sig_str_clinch_1': '12 of 13', 'round_2_sig_str_clinch_2': '0 of 0', 'round_2_sig_str_ground_1': '0 of 1', 'round_2_sig_str_ground_2': '1 of 1'}","{'round_3_sig_str_head_1': '', 'round_3_sig_str_head_2': '', 'round_3_sig_str_body_1': '', 'round_3_sig_str_body_2': '', 'round_3_sig_str_leg_1': '12 of 14', 'round_3_sig_str_leg_2': '1 of 1', 'round_3_sig_str_dist_1': '85%', 'round_3_sig_str_dist_2': '100%', 'round_3_sig_str_clinch_1': '12 of 13', 'round_3_sig_str_clinch_2': '0 of 0', 'round_3_sig_str_ground_1': '0 of 1', 'round_3_sig_str_ground_2': '1 of 1'}","{'round_4_sig_str_head_1': '', 'round_4_sig_str_head_2': '', 'round_4_sig_str_body_1': '', 'round_4_sig_str_body_2': '', 'round_4_sig_str_leg_1': '12 of 14', 'round_4_sig_str_leg_2': '1 of 1', 'round_4_sig_str_dist_1': '85%', 'round_4_sig_str_dist_2': '100%', 'round_4_sig_str_clinch_1': '12 of 13', 'round_4_sig_str_clinch_2': '0 of 0', 'round_4_sig_str_ground_1': '0 of 1', 'round_4_sig_str_ground_2': '1 of 1'}","{'round_5_sig_str_head_1': '', 'round_5_sig_str_head_2': '', 'round_5_sig_str_body_1': '', 'round_5_sig_str_body_2': '', 'round_5_sig_str_leg_1': '12 of 14', 'round_5_sig_str_leg_2': '1 of 1', 'round_5_sig_str_dist_1': '85%', 'round_5_sig_str_dist_2': '100%', 'round_5_sig_str_clinch_1': '12 of 13', 'round_5_sig_str_clinch_2': '0 of 0', 'round_5_sig_str_ground_1': '0 of 1', 'round_5_sig_str_ground_2': '1 of 1'}",,,,,,,,,,,,,,,,,,
http://ufcstats.com/fight-details/d1368ca941c1fefc,"April 05, 2025","Las Vegas, Nevada, USA",W,Torrez Finney,"""The Punisher""",L,Robert Valentin,"""Robzilla""",Middleweight Bout,Decision - Split,,,,,Tony Weeks 30 - 27. Ben Cartlidge 28 - 29. Junichiro Kamijo 28 - 29.,,,,,0,0,4 of 8,23 of 39,50%,58%,17 of 35,93 of 126,8 of 17,0 of 0,47%,---,0,0,,,,,,,,,,,,,,,,,,,,,,,0,0,0 of 1,6 of 9,0%,66%,7 of 16,15 of 22,5 of 8,0 of 0,62%,---,0,0,,,,,0,0,4 of 4,3 of 6,100%,50%,9 of 14,13 of 17,1 of 3,0 of 0,33%,---,0,0,,,,,0,0,0 of 3,14 of 24,0%,58%,1 of 5,65 of 87,2 of 6,0 of 0,33%,---,0,0,,,,,,,,,,,,,,,,,,,,,,,,,,,,,,,,,,,,,,,,,,,,,,,,,,,,,,,,,,,,,,,,,,,,,,,,,,,,,,,,,,,,,,,,,,,0,0,4 of 8,23 of 39,50%,58%,17 of 35,93 of 126,8 of 17,0 of 0,47%,---,"{'round_1_sig_str_head_1': '', 'round_1_sig_str_head_2': '', 'round_1_sig_str_body_1': '', 'round_1_sig_str_body_2': '', 'round_1_sig_str_leg_1': '0 of 1', 'round_1_sig_str_leg_2': '6 of 9', 'round_1_sig_str_dist_1': '0%', 'round_1_sig_str_dist_2': '66%', 'round_1_sig_str_clinch_1': '0 of 0', 'round_1_sig_str_clinch_2': '6 of 8', 'round_1_sig_str_ground_1': '0 of 1', 'round_1_sig_str_ground_2': '0 of 1'}","{'round_2_sig_str_head_1': '', 'round_2_sig_str_head_2': '', 'round_2_sig_str_body_1': '', 'round_2_sig_str_body_2': '', 'round_2_sig_str_leg_1': '0 of 1', 'round_2_sig_str_leg_2': '6 of 9', 'round_2_sig_str_dist_1': '0%', 'round_2_sig_str_dist_2': '66%', 'round_2_sig_str_clinch_1': '0 of 0', 'round_2_sig_str_clinch_2': '6 of 8', 'round_2_sig_str_ground_1': '0 of 1', 'round_2_sig_str_ground_2': '0 of 1'}","{'round_3_sig_str_head_1': '', 'round_3_sig_str_head_2': '', 'round_3_sig_str_body_1': '', 'round_3_sig_str_body_2': '', 'round_3_sig_str_leg_1': '0 of 1', 'round_3_sig_str_leg_2': '6 of 9', 'round_3_sig_str_dist_1': '0%', 'round_3_sig_str_dist_2': '66%', 'round_3_sig_str_clinch_1': '0 of 0', 'round_3_sig_str_clinch_2': '6 of 8', 'round_3_sig_str_ground_1': '0 of 1', 'round_3_sig_str_ground_2': '0 of 1'}","{'round_4_sig_str_head_1': '', 'round_4_sig_str_head_2': '', 'round_4_sig_str_body_1': '', 'round_4_sig_str_body_2': '', 'round_4_sig_str_leg_1': '0 of 1', 'round_4_sig_str_leg_2': '6 of 9', 'round_4_sig_str_dist_1': '0%', 'round_4_sig_str_dist_2': '66%', 'round_4_sig_str_clinch_1': '0 of 0', 'round_4_sig_str_clinch_2': '6 of 8', 'round_4_sig_str_ground_1': '0 of 1', 'round_4_sig_str_ground_2': '0 of 1'}","{'round_5_sig_str_head_1': '', 'round_5_sig_str_head_2': '', 'round_5_sig_str_body_1': '', 'round_5_sig_str_body_2': '', 'round_5_sig_str_leg_1': '0 of 1', 'round_5_sig_str_leg_2': '6 of 9', 'round_5_sig_str_dist_1': '0%', 'round_5_sig_str_dist_2': '66%', 'round_5_sig_str_clinch_1': '0 of 0', 'round_5_sig_str_clinch_2': '6 of 8', 'round_5_sig_str_ground_1': '0 of 1', 'round_5_sig_str_ground_2': '0 of 1'}",,,,,,,,,,,,,,,,,,
http://ufcstats.com/fight-details/7efca050bc7be8ac,"March 29, 2025","Mexico City, Distrito Federal, Mexico",W,Loopy Godinez,,L,Julia Polastri,"""Psycho""",Women's Strawweight Bout,Decision - Unanimous,,,,,Bladimir Puga 28 - 29. Mike Bell 28 - 29. Eric Colon 28 - 29.,,,,,0,0,84 of 150,87 of 151,56%,57%,114 of 184,117 of 186,5 of 11,0 of 0,45%,---,0,0,,,,,,,,,,,,,,,,,,,,,,,0,0,11 of 22,14 of 25,50%,56%,26 of 38,24 of 36,2 of 2,0 of 0,100%,---,0,0,,,,,0,0,15 of 27,15 of 33,55%,45%,26 of 41,25 of 47,2 of 3,0 of 0,66%,---,0,0,,,,,0,0,58 of 101,58 of 93,57%,62%,62 of 105,68 of 103,1 of 6,0 of 0,16%,---,0,0,,,,,,,,,,,,,,,,,,,,,,,,,,,,,,,,,,,,,,,,,,,,,,,,,,,,,,,,,,,,,,,,,,,,,,,,,,,,,,,,,,,,,,,,,,,0,0,84 of 150,87 of 151,56%,57%,114 of 184,117 of 186,5 of 11,0 of 0,45%,---,"{'round_1_sig_str_head_1': '', 'round_1_sig_str_head_2': '', 'round_1_sig_str_body_1': '', 'round_1_sig_str_body_2': '', 'round_1_sig_str_leg_1': '11 of 22', 'round_1_sig_str_leg_2': '14 of 25', 'round_1_sig_str_dist_1': '50%', 'round_1_sig_str_dist_2': '56%', 'round_1_sig_str_clinch_1': '8 of 19', 'round_1_sig_str_clinch_2': '4 of 11', 'round_1_sig_str_ground_1': '1 of 1', 'round_1_sig_str_ground_2': '5 of 9'}","{'round_2_sig_str_head_1': '', 'round_2_sig_str_head_2': '', 'round_2_sig_str_body_1': '', 'round_2_sig_str_body_2': '', 'round_2_sig_str_leg_1': '11 of 22', 'round_2_sig_str_leg_2': '14 of 25', 'round_2_sig_str_dist_1': '50%', 'round_2_sig_str_dist_2': '56%', 'round_2_sig_str_clinch_1': '8 of 19', 'round_2_sig_str_clinch_2': '4 of 11', 'round_2_sig_str_ground_1': '1 of 1', 'round_2_sig_str_ground_2': '5 of 9'}","{'round_3_sig_str_head_1': '', 'round_3_sig_str_head_2': '', 'round_3_sig_str_body_1': '', 'round_3_sig_str_body_2': '', 'round_3_sig_str_leg_1': '11 of 22', 'round_3_sig_str_leg_2': '14 of 25', 'round_3_sig_str_dist_1': '50%', 'round_3_sig_str_dist_2': '56%', 'round_3_sig_str_clinch_1': '8 of 19', 'round_3_sig_str_clinch_2': '4 of 11', 'round_3_sig_str_ground_1': '1 of 1', 'round_3_sig_str_ground_2': '5 of 9'}","{'round_4_sig_str_head_1': '', 'round_4_sig_str_head_2': '', 'round_4_sig_str_body_1': '', 'round_4_sig_str_body_2': '', 'round_4_sig_str_leg_1': '11 of 22', 'round_4_sig_str_leg_2': '14 of 25', 'round_4_sig_str_dist_1': '50%', 'round_4_sig_str_dist_2': '56%', 'round_4_sig_str_clinch_1': '8 of 19', 'round_4_sig_str_clinch_2': '4 of 11', 'round_4_sig_str_ground_1': '1 of 1', 'round_4_sig_str_ground_2': '5 of 9'}","{'round_5_sig_str_head_1': '', 'round_5_sig_str_head_2': '', 'round_5_sig_str_body_1': '', 'round_5_sig_str_body_2': '', 'round_5_sig_str_leg_1': '11 of 22', 'round_5_sig_str_leg_2': '14 of 25', 'round_5_sig_str_dist_1': '50%', 'round_5_sig_str_dist_2': '56%', 'round_5_sig_str_clinch_1': '8 of 19', 'round_5_sig_str_clinch_2': '4 of 11', 'round_5_sig_str_ground_1': '1 of 1', 'round_5_sig_str_ground_2': '5 of 9'}",,,,,,,,,,,,,,,,,,
http://ufcstats.com/fight-details/41cdbcc0f3635b8f,"March 29, 2025","Mexico City, Distrito Federal, Mexico",L,Christian Rodriguez,,W,Melquizael Costa,"""Melk Cauthy""",Featherweight Bout,Decision - Unanimous,,,,,Miguel Jimenez 28 - 29. Chris Lee 28 - 29. Dave Tirelli 28 - 29.,,,,,0,0,64 of 98,65 of 105,65%,61%,77 of 113,159 of 208,6 of 15,1 of 2,40%,50%,1,1,,,,,,,,,,,,,,,,,,,,,,,0,0,11 of 14,22 of 32,78%,68%,12 of 15,63 of 73,1 of 5,0 of 1,20%,0%,1,0,,,,,0,0,19 of 27,26 of 40,70%,65%,24 of 33,71 of 93,1 of 4,1 of 1,25%,100%,0,1,,,,,0,0,34 of 57,17 of 33,59%,51%,41 of 65,25 of 42,4 of 6,0 of 0,66%,---,0,0,,,,,,,,,,,,,,,,,,,,,,,,,,,,,,,,,,,,,,,,,,,,,,,,,,,,,,,,,,,,,,,,,,,,,,,,,,,,,,,,,,,,,,,,,,,0,0,64 of 98,65 of 105,65%,61%,77 of 113,159 of 208,6 of 15,1 of 2,40%,50%,"{'round_1_sig_str_head_1': '', 'round_1_sig_str_head_2': '', 'round_1_sig_str_body_1': '', 'round_1_sig_str_body_2': '', 'round_1_sig_str_leg_1': '11 of 14', 'round_1_sig_str_leg_2': '22 of 32', 'round_1_sig_str_dist_1': '78%', 'round_1_sig_str_dist_2': '68%', 'round_1_sig_str_clinch_1': '3 of 5', 'round_1_sig_str_clinch_2': '5 of 11', 'round_1_sig_str_ground_1': '8 of 9', 'round_1_sig_str_ground_2': '15 of 19'}","{'round_2_sig_str_head_1': '', 'round_2_sig_str_head_2': '', 'round_2_sig_str_body_1': '', 'round_2_sig_str_body_2': '', 'round_2_sig_str_leg_1': '11 of 14', 'round_2_sig_str_leg_2': '22 of 32', 'round_2_sig_str_dist_1': '78%', 'round_2_sig_str_dist_2': '68%', 'round_2_sig_str_clinch_1': '3 of 5', 'round_2_sig_str_clinch_2': '5 of 11', 'round_2_sig_str_ground_1': '8 of 9', 'round_2_sig_str_ground_2': '15 of 19'}","{'round_3_sig_str_head_1': '', 'round_3_sig_str_head_2': '', 'round_3_sig_str_body_1': '', 'round_3_sig_str_body_2': '', 'round_3_sig_str_leg_1': '11 of 14', 'round_3_sig_str_leg_2': '22 of 32', 'round_3_sig_str_dist_1': '78%', 'round_3_sig_str_dist_2': '68%', 'round_3_sig_str_clinch_1': '3 of 5', 'round_3_sig_str_clinch_2': '5 of 11', 'round_3_sig_str_ground_1': '8 of 9', 'round_3_sig_str_ground_2': '15 of 19'}","{'round_4_sig_str_head_1': '', 'round_4_sig_str_head_2': '', 'round_4_sig_str_body_1': '', 'round_4_sig_str_body_2': '', 'round_4_sig_str_leg_1': '11 of 14', 'round_4_sig_str_leg_2': '22 of 32', 'round_4_sig_str_dist_1': '78%', 'round_4_sig_str_dist_2': '68%', 'round_4_sig_str_clinch_1': '3 of 5', 'round_4_sig_str_clinch_2': '5 of 11', 'round_4_sig_str_ground_1': '8 of 9', 'round_4_sig_str_ground_2': '15 of 19'}","{'round_5_sig_str_head_1': '', 'round_5_sig_str_head_2': '', 'round_5_sig_str_body_1': '', 'round_5_sig_str_body_2': '', 'round_5_sig_str_leg_1': '11 of 14', 'round_5_sig_str_leg_2': '22 of 32', 'round_5_sig_str_dist_1': '78%', 'round_5_sig_str_dist_2': '68%', 'round_5_sig_str_clinch_1': '3 of 5', 'round_5_sig_str_clinch_2': '5 of 11', 'round_5_sig_str_ground_1': '8 of 9', 'round_5_sig_str_ground_2': '15 of 19'}",,,,,,,,,,,,,,,,,,
http://ufcstats.com/fight-details/de9422207df2de64,"April 05, 2025","Las Vegas, Nevada, USA",W,Ode Osbourne,"""The Jamaican Sensation""",L,Luis Gurule,"""Grim""",,KO/TKO,,,,,Punch to Head At Distance,,,,,1,0,18 of 43,12 of 34,41%,35%,22 of 50,26 of 49,0 of 0,1 of 4,---,25%,0,0,,,,,,,,,,,,,,,,,,,,,,,0,0,5 of 19,7 of 19,26%,36%,5 of 20,21 of 33,0 of 0,1 of 3,---,33%,0,0,,,,,1,0,13 of 24,5 of 15,54%,33%,17 of 30,5 of 16,0 of 0,0 of 1,---,0%,0,0,,,,,,,,,,,,,,,,,,,,,,,,,,,,,,,,,,,,,,,,,,,,,,,,,,,,,,,,,,,,,,,,,,,,,,,,,,,,,,,,,,,,,,,,,,,,,,,,,,,,,,,,,,,,,1,0,18 of 43,12 of 34,41%,35%,22 of 50,26 of 49,0 of 0,1 of 4,---,25%,"{'round_1_sig_str_head_1': '', 'round_1_sig_str_head_2': '', 'round_1_sig_str_body_1': '', 'round_1_sig_str_body_2': '', 'round_1_sig_str_leg_1': '5 of 19', 'round_1_sig_str_leg_2': '7 of 19', 'round_1_sig_str_dist_1': '26%', 'round_1_sig_str_dist_2': '36%', 'round_1_sig_str_clinch_1': '1 of 13', 'round_1_sig_str_clinch_2': '1 of 7', 'round_1_sig_str_ground_1': '3 of 5', 'round_1_sig_str_ground_2': '0 of 3'}","{'round_2_sig_str_head_1': '', 'round_2_sig_str_head_2': '', 'round_2_sig_str_body_1': '', 'round_2_sig_str_body_2': '', 'round_2_sig_str_leg_1': '5 of 19', 'round_2_sig_str_leg_2': '7 of 19', 'round_2_sig_str_dist_1': '26%', 'round_2_sig_str_dist_2': '36%', 'round_2_sig_str_clinch_1': '1 of 13', 'round_2_sig_str_clinch_2': '1 of 7', 'round_2_sig_str_ground_1': '3 of 5', 'round_2_sig_str_ground_2': '0 of 3'}","{'round_3_sig_str_head_1': '', 'round_3_sig_str_head_2': '', 'round_3_sig_str_body_1': '', 'round_3_sig_str_body_2': '', 'round_3_sig_str_leg_1': '5 of 19', 'round_3_sig_str_leg_2': '7 of 19', 'round_3_sig_str_dist_1': '26%', 'round_3_sig_str_dist_2': '36%', 'round_3_sig_str_clinch_1': '1 of 13', 'round_3_sig_str_clinch_2': '1 of 7', 'round_3_sig_str_ground_1': '3 of 5', 'round_3_sig_str_ground_2': '0 of 3'}","{'round_4_sig_str_head_1': '', 'round_4_sig_str_head_2': '', 'round_4_sig_str_body_1': '', 'round_4_sig_str_body_2': '', 'round_4_sig_str_leg_1': '5 of 19', 'round_4_sig_str_leg_2': '7 of 19', 'round_4_sig_str_dist_1': '26%', 'round_4_sig_str_dist_2': '36%', 'round_4_sig_str_clinch_1': '1 of 13', 'round_4_sig_str_clinch_2': '1 of 7', 'round_4_sig_str_ground_1': '3 of 5', 'round_4_sig_str_ground_2': '0 of 3'}","{'round_5_sig_str_head_1': '', 'round_5_sig_str_head_2': '', 'round_5_sig_str_body_1': '', 'round_5_sig_str_body_2': '', 'round_5_sig_str_leg_1': '5 of 19', 'round_5_sig_str_leg_2': '7 of 19', 'round_5_sig_str_dist_1': '26%', 'round_5_sig_str_dist_2': '36%', 'round_5_sig_str_clinch_1': '1 of 13', 'round_5_sig_str_clinch_2': '1 of 7', 'round_5_sig_str_ground_1': '3 of 5', 'round_5_sig_str_ground_2': '0 of 3'}",,,,,,,,,,,,,,,,,,
http://ufcstats.com/fight-details/0f20c1d7c44fa5fe,"March 29, 2025","Mexico City, Distrito Federal, Mexico",W,Raul Rosas Jr.,"""El Nino Problema""",L,Vince Morales,"""Vandetta""",Bantamweight Bout,Decision - Unanimous,,,,,Eric Colon 28 - 29. Sal D'amato 28 - 29. Chris Lee 28 - 29.,,,,,0,0,20 of 39,17 of 31,51%,54%,26 of 46,39 of 53,4 of 8,1 of 1,50%,100%,0,2,,,,,,,,,,,,,,,,,,,,,,,0,0,11 of 18,0 of 4,61%,0%,15 of 22,8 of 12,1 of 3,1 of 1,33%,100%,0,0,,,,,0,0,5 of 14,11 of 17,35%,64%,6 of 15,17 of 23,2 of 3,0 of 0,66%,---,0,0,,,,,0,0,4 of 7,6 of 10,57%,60%,5 of 9,14 of 18,1 of 2,0 of 0,50%,---,0,2,,,,,,,,,,,,,,,,,,,,,,,,,,,,,,,,,,,,,,,,,,,,,,,,,,,,,,,,,,,,,,,,,,,,,,,,,,,,,,,,,,,,,,,,,,,0,0,20 of 39,17 of 31,51%,54%,26 of 46,39 of 53,4 of 8,1 of 1,50%,100%,"{'round_1_sig_str_head_1': '', 'round_1_sig_str_head_2': '', 'round_1_sig_str_body_1': '', 'round_1_sig_str_body_2': '', 'round_1_sig_str_leg_1': '11 of 18', 'round_1_sig_str_leg_2': '0 of 4', 'round_1_sig_str_dist_1': '61%', 'round_1_sig_str_dist_2': '0%', 'round_1_sig_str_clinch_1': '6 of 12', 'round_1_sig_str_clinch_2': '0 of 4', 'round_1_sig_str_ground_1': '4 of 4', 'round_1_sig_str_ground_2': '0 of 0'}","{'round_2_sig_str_head_1': '', 'round_2_sig_str_head_2': '', 'round_2_sig_str_body_1': '', 'round_2_sig_str_body_2': '', 'round_2_sig_str_leg_1': '11 of 18', 'round_2_sig_str_leg_2': '0 of 4', 'round_2_sig_str_dist_1': '61%', 'round_2_sig_str_dist_2': '0%', 'round_2_sig_str_clinch_1': '6 of 12', 'round_2_sig_str_clinch_2': '0 of 4', 'round_2_sig_str_ground_1': '4 of 4', 'round_2_sig_str_ground_2': '0 of 0'}","{'round_3_sig_str_head_1': '', 'round_3_sig_str_head_2': '', 'round_3_sig_str_body_1': '', 'round_3_sig_str_body_2': '', 'round_3_sig_str_leg_1': '11 of 18', 'round_3_sig_str_leg_2': '0 of 4', 'round_3_sig_str_dist_1': '61%', 'round_3_sig_str_dist_2': '0%', 'round_3_sig_str_clinch_1': '6 of 12', 'round_3_sig_str_clinch_2': '0 of 4', 'round_3_sig_str_ground_1': '4 of 4', 'round_3_sig_str_ground_2': '0 of 0'}","{'round_4_sig_str_head_1': '', 'round_4_sig_str_head_2': '', 'round_4_sig_str_body_1': '', 'round_4_sig_str_body_2': '', 'round_4_sig_str_leg_1': '11 of 18', 'round_4_sig_str_leg_2': '0 of 4', 'round_4_sig_str_dist_1': '61%', 'round_4_sig_str_dist_2': '0%', 'round_4_sig_str_clinch_1': '6 of 12', 'round_4_sig_str_clinch_2': '0 of 4', 'round_4_sig_str_ground_1': '4 of 4', 'round_4_sig_str_ground_2': '0 of 0'}","{'round_5_sig_str_head_1': '', 'round_5_sig_str_head_2': '', 'round_5_sig_str_body_1': '', 'round_5_sig_str_body_2': '', 'round_5_sig_str_leg_1': '11 of 18', 'round_5_sig_str_leg_2': '0 of 4', 'round_5_sig_str_dist_1': '61%', 'round_5_sig_str_dist_2': '0%', 'round_5_sig_str_clinch_1': '6 of 12', 'round_5_sig_str_clinch_2': '0 of 4', 'round_5_sig_str_ground_1': '4 of 4', 'round_5_sig_str_ground_2': '0 of 0'}",,,,,,,,,,,,,,,,,,
http://ufcstats.com/fight-details/371ed8497799998e,"March 22, 2025","London, England, United Kingdom",L,Leon Edwards,"""Rocky""",W,Sean Brady,,,Submission,,,,,Guillotine Choke From Mount,,,,,0,0,23 of 35,57 of 93,65%,61%,23 of 35,221 of 295,0 of 1,5 of 7,0%,71%,0,1,,,,,,,,,,,,,,,,,,,,,,,0,0,20 of 29,19 of 39,68%,48%,20 of 29,47 of 69,0 of 0,1 of 1,---,100%,0,0,,,,,0,0,0 of 0,19 of 22,---,86%,0 of 0,76 of 95,0 of 0,2 of 2,---,100%,0,0,,,,,0,0,3 of 4,14 of 21,75%,66%,3 of 4,86 of 113,0 of 1,1 of 2,0%,50%,0,0,,,,,,,,,,,,,,,,,,,,,,,,,,,,,,,,,,,,,,,,,,,,,,,,,,,,,,,,,,,,,,,,,,,,,,,,,,,,,,,,,,,,,,,,,,,0,0,23 of 35,57 of 93,65%,61%,23 of 35,221 of 295,0 of 1,5 of 7,0%,71%,"{'round_1_sig_str_head_1': '', 'round_1_sig_str_head_2': '', 'round_1_sig_str_body_1': '', 'round_1_sig_str_body_2': '', 'round_1_sig_str_leg_1': '20 of 29', 'round_1_sig_str_leg_2': '19 of 39', 'round_1_sig_str_dist_1': '68%', 'round_1_sig_str_dist_2': '48%', 'round_1_sig_str_clinch_1': '8 of 16', 'round_1_sig_str_clinch_2': '10 of 27', 'round_1_sig_str_ground_1': '11 of 12', 'round_1_sig_str_ground_2': '6 of 6'}","{'round_2_sig_str_head_1': '', 'round_2_sig_str_head_2': '', 'round_2_sig_str_body_1': '', 'round_2_sig_str_body_2': '', 'round_2_sig_str_leg_1': '20 of 29', 'round_2_sig_str_leg_2': '19 of 39', 'round_2_sig_str_dist_1': '68%', 'round_2_sig_str_dist_2': '48%', 'round_2_sig_str_clinch_1': '8 of 16', 'round_2_sig_str_clinch_2': '10 of 27', 'round_2_sig_str_ground_1': '11 of 12', 'round_2_sig_str_ground_2': '6 of 6'}","{'round_3_sig_str_head_1': '', 'round_3_sig_str_head_2': '', 'round_3_sig_str_body_1': '', 'round_3_sig_str_body_2': '', 'round_3_sig_str_leg_1': '20 of 29', 'round_3_sig_str_leg_2': '19 of 39', 'round_3_sig_str_dist_1': '68%', 'round_3_sig_str_dist_2': '48%', 'round_3_sig_str_clinch_1': '8 of 16', 'round_3_sig_str_clinch_2': '10 of 27', 'round_3_sig_str_ground_1': '11 of 12', 'round_3_sig_str_ground_2': '6 of 6'}","{'round_4_sig_str_head_1': '', 'round_4_sig_str_head_2': '', 'round_4_sig_str_body_1': '', 'round_4_sig_str_body_2': '', 'round_4_sig_str_leg_1': '20 of 29', 'round_4_sig_str_leg_2': '19 of 39', 'round_4_sig_str_dist_1': '68%', 'round_4_sig_str_dist_2': '48%', 'round_4_sig_str_clinch_1': '8 of 16', 'round_4_sig_str_clinch_2': '10 of 27', 'round_4_sig_str_ground_1': '11 of 12', 'round_4_sig_str_ground_2': '6 of 6'}","{'round_5_sig_str_head_1': '', 'round_5_sig_str_head_2': '', 'round_5_sig_str_body_1': '', 'round_5_sig_str_body_2': '', 'round_5_sig_str_leg_1': '20 of 29', 'round_5_sig_str_leg_2': '19 of 39', 'round_5_sig_str_dist_1': '68%', 'round_5_sig_str_dist_2': '48%', 'round_5_sig_str_clinch_1': '8 of 16', 'round_5_sig_str_clinch_2': '10 of 27', 'round_5_sig_str_ground_1': '11 of 12', 'round_5_sig_str_ground_2': '6 of 6'}",,,,,0,0,0 of 2,5 of 11,0%,45%,0 of 2,12 of 18,0 of 0,1 of 2,---,50%,0,1
http://ufcstats.com/fight-details/ab4a91a59c01d6b6,"March 29, 2025","Mexico City, Distrito Federal, Mexico",W,Edgar Chairez,"""Puro Chicali""",L,CJ Vergara,,,Submission,,,,,Rear Naked Choke,,,,,0,0,8 of 27,6 of 13,29%,46%,8 of 27,6 of 13,0 of 0,0 of 0,---,---,1,0,,,,,,,,,,,,,,,,,,,,,,,0,0,8 of 27,6 of 13,29%,46%,8 of 27,6 of 13,0 of 0,0 of 0,---,---,1,0,,,,,,,,,,,,,,,,,,,,,,,,,,,,,,,,,,,,,,,,,,,,,,,,,,,,,,,,,,,,,,,,,,,,,,,,,,,,,,,,,,,,,,,,,,,,,,,,,,,,,,,,,,,,,,,,,,,,,,,,,,,,,,,0,0,8 of 27,6 of 13,29%,46%,8 of 27,6 of 13,0 of 0,0 of 0,---,---,"{'round_1_sig_str_head_1': '', 'round_1_sig_str_head_2': '', 'round_1_sig_str_body_1': '', 'round_1_sig_str_body_2': '', 'round_1_sig_str_leg_1': '8 of 27', 'round_1_sig_str_leg_2': '6 of 13', 'round_1_sig_str_dist_1': '29%', 'round_1_sig_str_dist_2': '46%', 'round_1_sig_str_clinch_1': '8 of 25', 'round_1_sig_str_clinch_2': '1 of 2', 'round_1_sig_str_ground_1': '0 of 0', 'round_1_sig_str_ground_2': '0 of 3'}","{'round_2_sig_str_head_1': '', 'round_2_sig_str_head_2': '', 'round_2_sig_str_body_1': '', 'round_2_sig_str_body_2': '', 'round_2_sig_str_leg_1': '8 of 27', 'round_2_sig_str_leg_2': '6 of 13', 'round_2_sig_str_dist_1': '29%', 'round_2_sig_str_dist_2': '46%', 'round_2_sig_str_clinch_1': '8 of 25', 'round_2_sig_str_clinch_2': '1 of 2', 'round_2_sig_str_ground_1': '0 of 0', 'round_2_sig_str_ground_2': '0 of 3'}","{'round_3_sig_str_head_1': '', 'round_3_sig_str_head_2': '', 'round_3_sig_str_body_1': '', 'round_3_sig_str_body_2': '', 'round_3_sig_str_leg_1': '8 of 27', 'round_3_sig_str_leg_2': '6 of 13', 'round_3_sig_str_dist_1': '29%', 'round_3_sig_str_dist_2': '46%', 'round_3_sig_str_clinch_1': '8 of 25', 'round_3_sig_str_clinch_2': '1 of 2', 'round_3_sig_str_ground_1': '0 of 0', 'round_3_sig_str_ground_2': '0 of 3'}","{'round_4_sig_str_head_1': '', 'round_4_sig_str_head_2': '', 'round_4_sig_str_body_1': '', 'round_4_sig_str_body_2': '', 'round_4_sig_str_leg_1': '8 of 27', 'round_4_sig_str_leg_2': '6 of 13', 'round_4_sig_str_dist_1': '29%', 'round_4_sig_str_dist_2': '46%', 'round_4_sig_str_clinch_1': '8 of 25', 'round_4_sig_str_clinch_2': '1 of 2', 'round_4_sig_str_ground_1': '0 of 0', 'round_4_sig_str_ground_2': '0 of 3'}","{'round_5_sig_str_head_1': '', 'round_5_sig_str_head_2': '', 'round_5_sig_str_body_1': '', 'round_5_sig_str_body_2': '', 'round_5_sig_str_leg_1': '8 of 27', 'round_5_sig_str_leg_2': '6 of 13', 'round_5_sig_str_dist_1': '29%', 'round_5_sig_str_dist_2': '46%', 'round_5_sig_str_clinch_1': '8 of 25', 'round_5_sig_str_clinch_2': '1 of 2', 'round_5_sig_str_ground_1': '0 of 0', 'round_5_sig_str_ground_2': '0 of 3'}",,,,,,,,,,,,,,,,,,
http://ufcstats.com/fight-details/206b8c14546d71f1,"March 01, 2025","Las Vegas, Nevada, USA",L,Charles Johnson,"""InnerG""",W,Ramazan Temirov,"""Temurlan""",Flyweight Bout,Decision - Unanimous,,,,,Sal D'amato 28 - 29. Bryan Miner 28 - 29. Tony Weeks 28 - 29.,,,,,0,0,66 of 156,55 of 139,42%,39%,87 of 183,59 of 146,0 of 3,1 of 2,0%,50%,0,0,,,,,,,,,,,,,,,,,,,,,,,0,0,15 of 41,21 of 44,36%,47%,15 of 41,21 of 44,0 of 1,0 of 0,0%,---,0,0,,,,,0,0,14 of 37,19 of 46,37%,41%,21 of 46,20 of 48,0 of 1,0 of 1,0%,0%,0,0,,,,,0,0,37 of 78,15 of 49,47%,30%,51 of 96,18 of 54,0 of 1,1 of 1,0%,100%,0,0,,,,,,,,,,,,,,,,,,,,,,,,,,,,,,,,,,,,,,,,,,,,,,,,,,,,,,,,,,,,,,,,,,,,,,,,,,,,,,,,,,,,,,,,,,,0,0,66 of 156,55 of 139,42%,39%,87 of 183,59 of 146,0 of 3,1 of 2,0%,50%,"{'round_1_sig_str_head_1': '', 'round_1_sig_str_head_2': '', 'round_1_sig_str_body_1': '', 'round_1_sig_str_body_2': '', 'round_1_sig_str_leg_1': '15 of 41', 'round_1_sig_str_leg_2': '21 of 44', 'round_1_sig_str_dist_1': '36%', 'round_1_sig_str_dist_2': '47%', 'round_1_sig_str_clinch_1': '5 of 26', 'round_1_sig_str_clinch_2': '14 of 33', 'round_1_sig_str_ground_1': '3 of 6', 'round_1_sig_str_ground_2': '7 of 11'}","{'round_2_sig_str_head_1': '', 'round_2_sig_str_head_2': '', 'round_2_sig_str_body_1': '', 'round_2_sig_str_body_2': '', 'round_2_sig_str_leg_1': '15 of 41', 'round_2_sig_str_leg_2': '21 of 44', 'round_2_sig_str_dist_1': '36%', 'round_2_sig_str_dist_2': '47%', 'round_2_sig_str_clinch_1': '5 of 26', 'round_2_sig_str_clinch_2': '14 of 33', 'round_2_sig_str_ground_1': '3 of 6', 'round_2_sig_str_ground_2': '7 of 11'}","{'round_3_sig_str_head_1': '', 'round_3_sig_str_head_2': '', 'round_3_sig_str_body_1': '', 'round_3_sig_str_body_2': '', 'round_3_sig_str_leg_1': '15 of 41', 'round_3_sig_str_leg_2': '21 of 44', 'round_3_sig_str_dist_1': '36%', 'round_3_sig_str_dist_2': '47%', 'round_3_sig_str_clinch_1': '5 of 26', 'round_3_sig_str_clinch_2': '14 of 33', 'round_3_sig_str_ground_1': '3 of 6', 'round_3_sig_str_ground_2': '7 of 11'}","{'round_4_sig_str_head_1': '', 'round_4_sig_str_head_2': '', 'round_4_sig_str_body_1': '', 'round_4_sig_str_body_2': '', 'round_4_sig_str_leg_1': '15 of 41', 'round_4_sig_str_leg_2': '21 of 44', 'round_4_sig_str_dist_1': '36%', 'round_4_sig_str_dist_2': '47%', 'round_4_sig_str_clinch_1': '5 of 26', 'round_4_sig_str_clinch_2': '14 of 33', 'round_4_sig_str_ground_1': '3 of 6', 'round_4_sig_str_ground_2': '7 of 11'}","{'round_5_sig_str_head_1': '', 'round_5_sig_str_head_2': '', 'round_5_sig_str_body_1': '', 'round_5_sig_str_body_2': '', 'round_5_sig_str_leg_1': '15 of 41', 'round_5_sig_str_leg_2': '21 of 44', 'round_5_sig_str_dist_1': '36%', 'round_5_sig_str_dist_2': '47%', 'round_5_sig_str_clinch_1': '5 of 26', 'round_5_sig_str_clinch_2': '14 of 33', 'round_5_sig_str_ground_1': '3 of 6', 'round_5_sig_str_ground_2': '7 of 11'}",,,,,,,,,,,,,,,,,,
http://ufcstats.com/fight-details/55376d5c205fa844,"March 29, 2025","Mexico City, Distrito Federal, Mexico",W,David Martinez,"""Black Spartan""",L,Saimon Oliveira,,,KO/TKO,,,,,Knee to Head In Clinch,,,,,1,0,27 of 41,7 of 24,65%,29%,28 of 42,7 of 24,0 of 1,0 of 0,0%,---,0,0,,,,,,,,,,,,,,,,,,,,,,,1,0,27 of 41,7 of 24,65%,29%,28 of 42,7 of 24,0 of 1,0 of 0,0%,---,0,0,,,,,,,,,,,,,,,,,,,,,,,,,,,,,,,,,,,,,,,,,,,,,,,,,,,,,,,,,,,,,,,,,,,,,,,,,,,,,,,,,,,,,,,,,,,,,,,,,,,,,,,,,,,,,,,,,,,,,,,,,,,,,,,1,0,27 of 41,7 of 24,65%,29%,28 of 42,7 of 24,0 of 1,0 of 0,0%,---,"{'round_1_sig_str_head_1': '', 'round_1_sig_str_head_2': '', 'round_1_sig_str_body_1': '', 'round_1_sig_str_body_2': '', 'round_1_sig_str_leg_1': '27 of 41', 'round_1_sig_str_leg_2': '7 of 24', 'round_1_sig_str_dist_1': '65%', 'round_1_sig_str_dist_2': '29%', 'round_1_sig_str_clinch_1': '21 of 34', 'round_1_sig_str_clinch_2': '3 of 17', 'round_1_sig_str_ground_1': '1 of 2', 'round_1_sig_str_ground_2': '3 of 4'}","{'round_2_sig_str_head_1': '', 'round_2_sig_str_head_2': '', 'round_2_sig_str_body_1': '', 'round_2_sig_str_body_2': '', 'round_2_sig_str_leg_1': '27 of 41', 'round_2_sig_str_leg_2': '7 of 24', 'round_2_sig_str_dist_1': '65%', 'round_2_sig_str_dist_2': '29%', 'round_2_sig_str_clinch_1': '21 of 34', 'round_2_sig_str_clinch_2': '3 of 17', 'round_2_sig_str_ground_1': '1 of 2', 'round_2_sig_str_ground_2': '3 of 4'}","{'round_3_sig_str_head_1': '', 'round_3_sig_str_head_2': '', 'round_3_sig_str_body_1': '', 'round_3_sig_str_body_2': '', 'round_3_sig_str_leg_1': '27 of 41', 'round_3_sig_str_leg_2': '7 of 24', 'round_3_sig_str_dist_1': '65%', 'round_3_sig_str_dist_2': '29%', 'round_3_sig_str_clinch_1': '21 of 34', 'round_3_sig_str_clinch_2': '3 of 17', 'round_3_sig_str_ground_1': '1 of 2', 'round_3_sig_str_ground_2': '3 of 4'}","{'round_4_sig_str_head_1': '', 'round_4_sig_str_head_2': '', 'round_4_sig_str_body_1': '', 'round_4_sig_str_body_2': '', 'round_4_sig_str_leg_1': '27 of 41', 'round_4_sig_str_leg_2': '7 of 24', 'round_4_sig_str_dist_1': '65%', 'round_4_sig_str_dist_2': '29%', 'round_4_sig_str_clinch_1': '21 of 34', 'round_4_sig_str_clinch_2': '3 of 17', 'round_4_sig_str_ground_1': '1 of 2', 'round_4_sig_str_ground_2': '3 of 4'}","{'round_5_sig_str_head_1': '', 'round_5_sig_str_head_2': '', 'round_5_sig_str_body_1': '', 'round_5_sig_str_body_2': '', 'round_5_sig_str_leg_1': '27 of 41', 'round_5_sig_str_leg_2': '7 of 24', 'round_5_sig_str_dist_1': '65%', 'round_5_sig_str_dist_2': '29%', 'round_5_sig_str_clinch_1': '21 of 34', 'round_5_sig_str_clinch_2': '3 of 17', 'round_5_sig_str_ground_1': '1 of 2', 'round_5_sig_str_ground_2': '3 of 4'}",,,,,,,,,,,,,,,,,,
http://ufcstats.com/fight-details/8fc8d66ad0074ab0,"March 29, 2025","Mexico City, Distrito Federal, Mexico",W,Manuel Torres,"""El Loco""",L,Drew Dober,,,KO/TKO,,,,,Punches to Head On Ground,,,,,1,0,23 of 25,3 of 9,92%,33%,23 of 25,3 of 9,0 of 0,0 of 0,---,---,0,0,,,,,,,,,,,,,,,,,,,,,,,1,0,23 of 25,3 of 9,92%,33%,23 of 25,3 of 9,0 of 0,0 of 0,---,---,0,0,,,,,,,,,,,,,,,,,,,,,,,,,,,,,,,,,,,,,,,,,,,,,,,,,,,,,,,,,,,,,,,,,,,,,,,,,,,,,,,,,,,,,,,,,,,,,,,,,,,,,,,,,,,,,,,,,,,,,,,,,,,,,,,1,0,23 of 25,3 of 9,92%,33%,23 of 25,3 of 9,0 of 0,0 of 0,---,---,"{'round_1_sig_str_head_1': '', 'round_1_sig_str_head_2': '', 'round_1_sig_str_body_1': '', 'round_1_sig_str_body_2': '', 'round_1_sig_str_leg_1': '23 of 25', 'round_1_sig_str_leg_2': '3 of 9', 'round_1_sig_str_dist_1': '92%', 'round_1_sig_str_dist_2': '33%', 'round_1_sig_str_clinch_1': '21 of 23', 'round_1_sig_str_clinch_2': '2 of 5', 'round_1_sig_str_ground_1': '2 of 2', 'round_1_sig_str_ground_2': '0 of 3'}","{'round_2_sig_str_head_1': '', 'round_2_sig_str_head_2': '', 'round_2_sig_str_body_1': '', 'round_2_sig_str_body_2': '', 'round_2_sig_str_leg_1': '23 of 25', 'round_2_sig_str_leg_2': '3 of 9', 'round_2_sig_str_dist_1': '92%', 'round_2_sig_str_dist_2': '33%', 'round_2_sig_str_clinch_1': '21 of 23', 'round_2_sig_str_clinch_2': '2 of 5', 'round_2_sig_str_ground_1': '2 of 2', 'round_2_sig_str_ground_2': '0 of 3'}","{'round_3_sig_str_head_1': '', 'round_3_sig_str_head_2': '', 'round_3_sig_str_body_1': '', 'round_3_sig_str_body_2': '', 'round_3_sig_str_leg_1': '23 of 25', 'round_3_sig_str_leg_2': '3 of 9', 'round_3_sig_str_dist_1': '92%', 'round_3_sig_str_dist_2': '33%', 'round_3_sig_str_clinch_1': '21 of 23', 'round_3_sig_str_clinch_2': '2 of 5', 'round_3_sig_str_ground_1': '2 of 2', 'round_3_sig_str_ground_2': '0 of 3'}","{'round_4_sig_str_head_1': '', 'round_4_sig_str_head_2': '', 'round_4_sig_str_body_1': '', 'round_4_sig_str_body_2': '', 'round_4_sig_str_leg_1': '23 of 25', 'round_4_sig_str_leg_2': '3 of 9', 'round_4_sig_str_dist_1': '92%', 'round_4_sig_str_dist_2': '33%', 'round_4_sig_str_clinch_1': '21 of 23', 'round_4_sig_str_clinch_2': '2 of 5', 'round_4_sig_str_ground_1': '2 of 2', 'round_4_sig_str_ground_2': '0 of 3'}","{'round_5_sig_str_head_1': '', 'round_5_sig_str_head_2': '', 'round_5_sig_str_body_1': '', 'round_5_sig_str_body_2': '', 'round_5_sig_str_leg_1': '23 of 25', 'round_5_sig_str_leg_2': '3 of 9', 'round_5_sig_str_dist_1': '92%', 'round_5_sig_str_dist_2': '33%', 'round_5_sig_str_clinch_1': '21 of 23', 'round_5_sig_str_clinch_2': '2 of 5', 'round_5_sig_str_ground_1': '2 of 2', 'round_5_sig_str_ground_2': '0 of 3'}",,,,,,,,,,,,,,,,,,
http://ufcstats.com/fight-details/64fe6e61a24dbf39,"March 29, 2025","Mexico City, Distrito Federal, Mexico",L,Jose Daniel Medina,"""Chicho""",W,Ateba Gautier,"""The Silent Assassin""",,KO/TKO,,,,,Knee to Head In Clinch,,,,,0,1,17 of 33,28 of 50,51%,56%,17 of 33,28 of 50,0 of 0,0 of 0,---,---,0,0,,,,,,,,,,,,,,,,,,,,,,,0,1,17 of 33,28 of 50,51%,56%,17 of 33,28 of 50,0 of 0,0 of 0,---,---,0,0,,,,,,,,,,,,,,,,,,,,,,,,,,,,,,,,,,,,,,,,,,,,,,,,,,,,,,,,,,,,,,,,,,,,,,,,,,,,,,,,,,,,,,,,,,,,,,,,,,,,,,,,,,,,,,,,,,,,,,,,,,,,,,,0,1,17 of 33,28 of 50,51%,56%,17 of 33,28 of 50,0 of 0,0 of 0,---,---,"{'round_1_sig_str_head_1': '', 'round_1_sig_str_head_2': '', 'round_1_sig_str_body_1': '', 'round_1_sig_str_body_2': '', 'round_1_sig_str_leg_1': '17 of 33', 'round_1_sig_str_leg_2': '28 of 50', 'round_1_sig_str_dist_1': '51%', 'round_1_sig_str_dist_2': '56%', 'round_1_sig_str_clinch_1': '6 of 21', 'round_1_sig_str_clinch_2': '24 of 43', 'round_1_sig_str_ground_1': '6 of 7', 'round_1_sig_str_ground_2': '3 of 6'}","{'round_2_sig_str_head_1': '', 'round_2_sig_str_head_2': '', 'round_2_sig_str_body_1': '', 'round_2_sig_str_body_2': '', 'round_2_sig_str_leg_1': '17 of 33', 'round_2_sig_str_leg_2': '28 of 50', 'round_2_sig_str_dist_1': '51%', 'round_2_sig_str_dist_2': '56%', 'round_2_sig_str_clinch_1': '6 of 21', 'round_2_sig_str_clinch_2': '24 of 43', 'round_2_sig_str_ground_1': '6 of 7', 'round_2_sig_str_ground_2': '3 of 6'}","{'round_3_sig_str_head_1': '', 'round_3_sig_str_head_2': '', 'round_3_sig_str_body_1': '', 'round_3_sig_str_body_2': '', 'round_3_sig_str_leg_1': '17 of 33', 'round_3_sig_str_leg_2': '28 of 50', 'round_3_sig_str_dist_1': '51%', 'round_3_sig_str_dist_2': '56%', 'round_3_sig_str_clinch_1': '6 of 21', 'round_3_sig_str_clinch_2': '24 of 43', 'round_3_sig_str_ground_1': '6 of 7', 'round_3_sig_str_ground_2': '3 of 6'}","{'round_4_sig_str_head_1': '', 'round_4_sig_str_head_2': '', 'round_4_sig_str_body_1': '', 'round_4_sig_str_body_2': '', 'round_4_sig_str_leg_1': '17 of 33', 'round_4_sig_str_leg_2': '28 of 50', 'round_4_sig_str_dist_1': '51%', 'round_4_sig_str_dist_2': '56%', 'round_4_sig_str_clinch_1': '6 of 21', 'round_4_sig_str_clinch_2': '24 of 43', 'round_4_sig_str_ground_1': '6 of 7', 'round_4_sig_str_ground_2': '3 of 6'}","{'round_5_sig_str_head_1': '', 'round_5_sig_str_head_2': '', 'round_5_sig_str_body_1': '', 'round_5_sig_str_body_2': '', 'round_5_sig_str_leg_1': '17 of 33', 'round_5_sig_str_leg_2': '28 of 50', 'round_5_sig_str_dist_1': '51%', 'round_5_sig_str_dist_2': '56%', 'round_5_sig_str_clinch_1': '6 of 21', 'round_5_sig_str_clinch_2': '24 of 43', 'round_5_sig_str_ground_1': '6 of 7', 'round_5_sig_str_ground_2': '3 of 6'}",,,,,,,,,,,,,,,,,,
http://ufcstats.com/fight-details/5ba7dd466e30169f,"March 29, 2025","Mexico City, Distrito Federal, Mexico",L,Ronaldo Rodriguez,"""Lazy Boy""",W,Kevin Borjas,"""El Gallo Negro""",Flyweight Bout,Decision - Unanimous,,,,,Eric Colon 27 - 30. Sal D'amato 27 - 30. Bladimir Puga 28 - 29.,,,,,0,1,64 of 151,83 of 141,42%,58%,64 of 151,84 of 142,1 of 5,0 of 0,20%,---,0,0,,,,,,,,,,,,,,,,,,,,,,,0,1,10 of 25,17 of 31,40%,54%,10 of 25,18 of 32,1 of 3,0 of 0,33%,---,0,0,,,,,0,0,17 of 42,23 of 33,40%,69%,17 of 42,23 of 33,0 of 2,0 of 0,0%,---,0,0,,,,,0,0,37 of 84,43 of 77,44%,55%,37 of 84,43 of 77,0 of 0,0 of 0,---,---,0,0,,,,,,,,,,,,,,,,,,,,,,,,,,,,,,,,,,,,,,,,,,,,,,,,,,,,,,,,,,,,,,,,,,,,,,,,,,,,,,,,,,,,,,,,,,,0,1,64 of 151,83 of 141,42%,58%,64 of 151,84 of 142,1 of 5,0 of 0,20%,---,"{'round_1_sig_str_head_1': '', 'round_1_sig_str_head_2': '', 'round_1_sig_str_body_1': '', 'round_1_sig_str_body_2': '', 'round_1_sig_str_leg_1': '10 of 25', 'round_1_sig_str_leg_2': '17 of 31', 'round_1_sig_str_dist_1': '40%', 'round_1_sig_str_dist_2': '54%', 'round_1_sig_str_clinch_1': '4 of 16', 'round_1_sig_str_clinch_2': '13 of 27', 'round_1_sig_str_ground_1': '2 of 3', 'round_1_sig_str_ground_2': '2 of 2'}","{'round_2_sig_str_head_1': '', 'round_2_sig_str_head_2': '', 'round_2_sig_str_body_1': '', 'round_2_sig_str_body_2': '', 'round_2_sig_str_leg_1': '10 of 25', 'round_2_sig_str_leg_2': '17 of 31', 'round_2_sig_str_dist_1': '40%', 'round_2_sig_str_dist_2': '54%', 'round_2_sig_str_clinch_1': '4 of 16', 'round_2_sig_str_clinch_2': '13 of 27', 'round_2_sig_str_ground_1': '2 of 3', 'round_2_sig_str_ground_2': '2 of 2'}","{'round_3_sig_str_head_1': '', 'round_3_sig_str_head_2': '', 'round_3_sig_str_body_1': '', 'round_3_sig_str_body_2': '', 'round_3_sig_str_leg_1': '10 of 25', 'round_3_sig_str_leg_2': '17 of 31', 'round_3_sig_str_dist_1': '40%', 'round_3_sig_str_dist_2': '54%', 'round_3_sig_str_clinch_1': '4 of 16', 'round_3_sig_str_clinch_2': '13 of 27', 'round_3_sig_str_ground_1': '2 of 3', 'round_3_sig_str_ground_2': '2 of 2'}","{'round_4_sig_str_head_1': '', 'round_4_sig_str_head_2': '', 'round_4_sig_str_body_1': '', 'round_4_sig_str_body_2': '', 'round_4_sig_str_leg_1': '10 of 25', 'round_4_sig_str_leg_2': '17 of 31', 'round_4_sig_str_dist_1': '40%', 'round_4_sig_str_dist_2': '54%', 'round_4_sig_str_clinch_1': '4 of 16', 'round_4_sig_str_clinch_2': '13 of 27', 'round_4_sig_str_ground_1': '2 of 3', 'round_4_sig_str_ground_2': '2 of 2'}","{'round_5_sig_str_head_1': '', 'round_5_sig_str_head_2': '', 'round_5_sig_str_body_1': '', 'round_5_sig_str_body_2': '', 'round_5_sig_str_leg_1': '10 of 25', 'round_5_sig_str_leg_2': '17 of 31', 'round_5_sig_str_dist_1': '40%', 'round_5_sig_str_dist_2': '54%', 'round_5_sig_str_clinch_1': '4 of 16', 'round_5_sig_str_clinch_2': '13 of 27', 'round_5_sig_str_ground_1': '2 of 3', 'round_5_sig_str_ground_2': '2 of 2'}",,,,,,,,,,,,,,,,,,
http://ufcstats.com/fight-details/a857acedb53ee959,"March 01, 2025","Las Vegas, Nevada, USA",L,Austen Lane,,W,Mario Pinto,,,KO/TKO,,,,,Punch to Head At Distance,,,,,1,1,32 of 63,13 of 23,50%,56%,36 of 75,16 of 26,0 of 1,0 of 1,0%,0%,0,0,,,,,,,,,,,,,,,,,,,,,,,1,0,20 of 38,7 of 11,52%,63%,23 of 46,10 of 14,0 of 1,0 of 1,0%,0%,0,0,,,,,0,1,12 of 25,6 of 12,48%,50%,13 of 29,6 of 12,0 of 0,0 of 0,---,---,0,0,,,,,,,,,,,,,,,,,,,,,,,,,,,,,,,,,,,,,,,,,,,,,,,,,,,,,,,,,,,,,,,,,,,,,,,,,,,,,,,,,,,,,,,,,,,,,,,,,,,,,,,,,,,,,1,1,32 of 63,13 of 23,50%,56%,36 of 75,16 of 26,0 of 1,0 of 1,0%,0%,"{'round_1_sig_str_head_1': '', 'round_1_sig_str_head_2': '', 'round_1_sig_str_body_1': '', 'round_1_sig_str_body_2': '', 'round_1_sig_str_leg_1': '20 of 38', 'round_1_sig_str_leg_2': '7 of 11', 'round_1_sig_str_dist_1': '52%', 'round_1_sig_str_dist_2': '63%', 'round_1_sig_str_clinch_1': '11 of 23', 'round_1_sig_str_clinch_2': '2 of 6', 'round_1_sig_str_ground_1': '7 of 11', 'round_1_sig_str_ground_2': '2 of 2'}","{'round_2_sig_str_head_1': '', 'round_2_sig_str_head_2': '', 'round_2_sig_str_body_1': '', 'round_2_sig_str_body_2': '', 'round_2_sig_str_leg_1': '20 of 38', 'round_2_sig_str_leg_2': '7 of 11', 'round_2_sig_str_dist_1': '52%', 'round_2_sig_str_dist_2': '63%', 'round_2_sig_str_clinch_1': '11 of 23', 'round_2_sig_str_clinch_2': '2 of 6', 'round_2_sig_str_ground_1': '7 of 11', 'round_2_sig_str_ground_2': '2 of 2'}","{'round_3_sig_str_head_1': '', 'round_3_sig_str_head_2': '', 'round_3_sig_str_body_1': '', 'round_3_sig_str_body_2': '', 'round_3_sig_str_leg_1': '20 of 38', 'round_3_sig_str_leg_2': '7 of 11', 'round_3_sig_str_dist_1': '52%', 'round_3_sig_str_dist_2': '63%', 'round_3_sig_str_clinch_1': '11 of 23', 'round_3_sig_str_clinch_2': '2 of 6', 'round_3_sig_str_ground_1': '7 of 11', 'round_3_sig_str_ground_2': '2 of 2'}","{'round_4_sig_str_head_1': '', 'round_4_sig_str_head_2': '', 'round_4_sig_str_body_1': '', 'round_4_sig_str_body_2': '', 'round_4_sig_str_leg_1': '20 of 38', 'round_4_sig_str_leg_2': '7 of 11', 'round_4_sig_str_dist_1': '52%', 'round_4_sig_str_dist_2': '63%', 'round_4_sig_str_clinch_1': '11 of 23', 'round_4_sig_str_clinch_2': '2 of 6', 'round_4_sig_str_ground_1': '7 of 11', 'round_4_sig_str_ground_2': '2 of 2'}","{'round_5_sig_str_head_1': '', 'round_5_sig_str_head_2': '', 'round_5_sig_str_body_1': '', 'round_5_sig_str_body_2': '', 'round_5_sig_str_leg_1': '20 of 38', 'round_5_sig_str_leg_2': '7 of 11', 'round_5_sig_str_dist_1': '52%', 'round_5_sig_str_dist_2': '63%', 'round_5_sig_str_clinch_1': '11 of 23', 'round_5_sig_str_clinch_2': '2 of 6', 'round_5_sig_str_ground_1': '7 of 11', 'round_5_sig_str_ground_2': '2 of 2'}",,,,,,,,,,,,,,,,,,
http://ufcstats.com/fight-details/33e301872e2b5680,"March 29, 2025","Mexico City, Distrito Federal, Mexico",W,Brandon Moreno,"""The Assassin Baby""",L,Steve Erceg,"""Astroboy""",Flyweight Bout,Decision - Unanimous,,,,,Mike Bell 46 - 49. Sal D'amato 46 - 49. Chris Lee 46 - 49.,,,,,0,0,89 of 176,116 of 279,50%,41%,95 of 182,119 of 282,1 of 5,0 of 0,20%,---,0,0,,,,,,,,,,,,,,,,,,,,,,,0,0,21 of 40,25 of 68,52%,36%,21 of 40,25 of 68,0 of 0,0 of 0,---,---,0,0,,,,,0,0,21 of 46,27 of 48,45%,56%,21 of 46,27 of 48,0 of 1,0 of 0,0%,---,0,0,,,,,0,0,10 of 24,20 of 50,41%,40%,10 of 24,20 of 50,0 of 0,0 of 0,---,---,0,0,,,,,,,,,,,,,,,,,,,,,,,,,,,,,,,,,,,,,,,,,,,,,,,,,,,,,,,,,,,,,,,,,,,,,,,,,,,,,,,,,,,,,,,,,,,0,0,89 of 176,116 of 279,50%,41%,95 of 182,119 of 282,1 of 5,0 of 0,20%,---,"{'round_1_sig_str_head_1': '', 'round_1_sig_str_head_2': '', 'round_1_sig_str_body_1': '', 'round_1_sig_str_body_2': '', 'round_1_sig_str_leg_1': '21 of 40', 'round_1_sig_str_leg_2': '25 of 68', 'round_1_sig_str_dist_1': '52%', 'round_1_sig_str_dist_2': '36%', 'round_1_sig_str_clinch_1': '14 of 33', 'round_1_sig_str_clinch_2': '18 of 57', 'round_1_sig_str_ground_1': '6 of 6', 'round_1_sig_str_ground_2': '1 of 4'}","{'round_2_sig_str_head_1': '', 'round_2_sig_str_head_2': '', 'round_2_sig_str_body_1': '', 'round_2_sig_str_body_2': '', 'round_2_sig_str_leg_1': '21 of 40', 'round_2_sig_str_leg_2': '25 of 68', 'round_2_sig_str_dist_1': '52%', 'round_2_sig_str_dist_2': '36%', 'round_2_sig_str_clinch_1': '14 of 33', 'round_2_sig_str_clinch_2': '18 of 57', 'round_2_sig_str_ground_1': '6 of 6', 'round_2_sig_str_ground_2': '1 of 4'}","{'round_3_sig_str_head_1': '', 'round_3_sig_str_head_2': '', 'round_3_sig_str_body_1': '', 'round_3_sig_str_body_2': '', 'round_3_sig_str_leg_1': '21 of 40', 'round_3_sig_str_leg_2': '25 of 68', 'round_3_sig_str_dist_1': '52%', 'round_3_sig_str_dist_2': '36%', 'round_3_sig_str_clinch_1': '14 of 33', 'round_3_sig_str_clinch_2': '18 of 57', 'round_3_sig_str_ground_1': '6 of 6', 'round_3_sig_str_ground_2': '1 of 4'}","{'round_4_sig_str_head_1': '', 'round_4_sig_str_head_2': '', 'round_4_sig_str_body_1': '', 'round_4_sig_str_body_2': '', 'round_4_sig_str_leg_1': '21 of 40', 'round_4_sig_str_leg_2': '25 of 68', 'round_4_sig_str_dist_1': '52%', 'round_4_sig_str_dist_2': '36%', 'round_4_sig_str_clinch_1': '14 of 33', 'round_4_sig_str_clinch_2': '18 of 57', 'round_4_sig_str_ground_1': '6 of 6', 'round_4_sig_str_ground_2': '1 of 4'}","{'round_5_sig_str_head_1': '', 'round_5_sig_str_head_2': '', 'round_5_sig_str_body_1': '', 'round_5_sig_str_body_2': '', 'round_5_sig_str_leg_1': '21 of 40', 'round_5_sig_str_leg_2': '25 of 68', 'round_5_sig_str_dist_1': '52%', 'round_5_sig_str_dist_2': '36%', 'round_5_sig_str_clinch_1': '14 of 33', 'round_5_sig_str_clinch_2': '18 of 57', 'round_5_sig_str_ground_1': '6 of 6', 'round_5_sig_str_ground_2': '1 of 4'}",,,,,0,0,19 of 35,25 of 57,54%,43%,21 of 37,26 of 58,0 of 3,0 of 0,0%,---,0,0
http://ufcstats.com/fight-details/1de799f17556b501,"March 01, 2025","Las Vegas, Nevada, USA",W,Danny Silva,"""El Puma""",L,Lucas Almeida,,Featherweight Bout,Decision - Split,,,,,Mike Bell 28 - 29. Anthony Maness 29 - 28. Ron McCarthy 28 - 29.,,,,,0,0,82 of 137,74 of 240,59%,30%,85 of 141,78 of 244,1 of 3,0 of 1,33%,0%,0,0,,,,,,,,,,,,,,,,,,,,,,,0,0,24 of 43,17 of 52,55%,32%,27 of 46,18 of 53,0 of 0,0 of 1,---,0%,0,0,,,,,0,0,36 of 55,29 of 89,65%,32%,36 of 56,32 of 92,1 of 2,0 of 0,50%,---,0,0,,,,,0,0,22 of 39,28 of 99,56%,28%,22 of 39,28 of 99,0 of 1,0 of 0,0%,---,0,0,,,,,,,,,,,,,,,,,,,,,,,,,,,,,,,,,,,,,,,,,,,,,,,,,,,,,,,,,,,,,,,,,,,,,,,,,,,,,,,,,,,,,,,,,,,0,0,82 of 137,74 of 240,59%,30%,85 of 141,78 of 244,1 of 3,0 of 1,33%,0%,"{'round_1_sig_str_head_1': '', 'round_1_sig_str_head_2': '', 'round_1_sig_str_body_1': '', 'round_1_sig_str_body_2': '', 'round_1_sig_str_leg_1': '24 of 43', 'round_1_sig_str_leg_2': '17 of 52', 'round_1_sig_str_dist_1': '55%', 'round_1_sig_str_dist_2': '32%', 'round_1_sig_str_clinch_1': '9 of 27', 'round_1_sig_str_clinch_2': '8 of 37', 'round_1_sig_str_ground_1': '2 of 3', 'round_1_sig_str_ground_2': '7 of 11'}","{'round_2_sig_str_head_1': '', 'round_2_sig_str_head_2': '', 'round_2_sig_str_body_1': '', 'round_2_sig_str_body_2': '', 'round_2_sig_str_leg_1': '24 of 43', 'round_2_sig_str_leg_2': '17 of 52', 'round_2_sig_str_dist_1': '55%', 'round_2_sig_str_dist_2': '32%', 'round_2_sig_str_clinch_1': '9 of 27', 'round_2_sig_str_clinch_2': '8 of 37', 'round_2_sig_str_ground_1': '2 of 3', 'round_2_sig_str_ground_2': '7 of 11'}","{'round_3_sig_str_head_1': '', 'round_3_sig_str_head_2': '', 'round_3_sig_str_body_1': '', 'round_3_sig_str_body_2': '', 'round_3_sig_str_leg_1': '24 of 43', 'round_3_sig_str_leg_2': '17 of 52', 'round_3_sig_str_dist_1': '55%', 'round_3_sig_str_dist_2': '32%', 'round_3_sig_str_clinch_1': '9 of 27', 'round_3_sig_str_clinch_2': '8 of 37', 'round_3_sig_str_ground_1': '2 of 3', 'round_3_sig_str_ground_2': '7 of 11'}","{'round_4_sig_str_head_1': '', 'round_4_sig_str_head_2': '', 'round_4_sig_str_body_1': '', 'round_4_sig_str_body_2': '', 'round_4_sig_str_leg_1': '24 of 43', 'round_4_sig_str_leg_2': '17 of 52', 'round_4_sig_str_dist_1': '55%', 'round_4_sig_str_dist_2': '32%', 'round_4_sig_str_clinch_1': '9 of 27', 'round_4_sig_str_clinch_2': '8 of 37', 'round_4_sig_str_ground_1': '2 of 3', 'round_4_sig_str_ground_2': '7 of 11'}","{'round_5_sig_str_head_1': '', 'round_5_sig_str_head_2': '', 'round_5_sig_str_body_1': '', 'round_5_sig_str_body_2': '', 'round_5_sig_str_leg_1': '24 of 43', 'round_5_sig_str_leg_2': '17 of 52', 'round_5_sig_str_dist_1': '55%', 'round_5_sig_str_dist_2': '32%', 'round_5_sig_str_clinch_1': '9 of 27', 'round_5_sig_str_clinch_2': '8 of 37', 'round_5_sig_str_ground_1': '2 of 3', 'round_5_sig_str_ground_2': '7 of 11'}",,,,,,,,,,,,,,,,,,
http://ufcstats.com/fight-details/dd1df7f5a54fd9fc,"March 01, 2025","Las Vegas, Nevada, USA",L,Ricardo Ramos,,W,Chepe Mariscal,"""Machine Gun""",Featherweight Bout,Decision - Unanimous,,,,,Mike Bell 27 - 30. Sal D'amato 27 - 30. Chris Leben 27 - 30.,,,,,0,0,37 of 91,85 of 162,40%,52%,37 of 91,125 of 210,1 of 4,2 of 5,25%,40%,0,0,,,,,,,,,,,,,,,,,,,,,,,0,0,15 of 28,28 of 49,53%,57%,15 of 28,42 of 66,1 of 2,1 of 3,50%,33%,0,0,,,,,0,0,8 of 24,42 of 67,33%,62%,8 of 24,49 of 76,0 of 0,0 of 1,---,0%,0,0,,,,,0,0,14 of 39,15 of 46,35%,32%,14 of 39,34 of 68,0 of 2,1 of 1,0%,100%,0,0,,,,,,,,,,,,,,,,,,,,,,,,,,,,,,,,,,,,,,,,,,,,,,,,,,,,,,,,,,,,,,,,,,,,,,,,,,,,,,,,,,,,,,,,,,,0,0,37 of 91,85 of 162,40%,52%,37 of 91,125 of 210,1 of 4,2 of 5,25%,40%,"{'round_1_sig_str_head_1': '', 'round_1_sig_str_head_2': '', 'round_1_sig_str_body_1': '', 'round_1_sig_str_body_2': '', 'round_1_sig_str_leg_1': '15 of 28', 'round_1_sig_str_leg_2': '28 of 49', 'round_1_sig_str_dist_1': '53%', 'round_1_sig_str_dist_2': '57%', 'round_1_sig_str_clinch_1': '7 of 19', 'round_1_sig_str_clinch_2': '24 of 43', 'round_1_sig_str_ground_1': '5 of 5', 'round_1_sig_str_ground_2': '1 of 2'}","{'round_2_sig_str_head_1': '', 'round_2_sig_str_head_2': '', 'round_2_sig_str_body_1': '', 'round_2_sig_str_body_2': '', 'round_2_sig_str_leg_1': '15 of 28', 'round_2_sig_str_leg_2': '28 of 49', 'round_2_sig_str_dist_1': '53%', 'round_2_sig_str_dist_2': '57%', 'round_2_sig_str_clinch_1': '7 of 19', 'round_2_sig_str_clinch_2': '24 of 43', 'round_2_sig_str_ground_1': '5 of 5', 'round_2_sig_str_ground_2': '1 of 2'}","{'round_3_sig_str_head_1': '', 'round_3_sig_str_head_2': '', 'round_3_sig_str_body_1': '', 'round_3_sig_str_body_2': '', 'round_3_sig_str_leg_1': '15 of 28', 'round_3_sig_str_leg_2': '28 of 49', 'round_3_sig_str_dist_1': '53%', 'round_3_sig_str_dist_2': '57%', 'round_3_sig_str_clinch_1': '7 of 19', 'round_3_sig_str_clinch_2': '24 of 43', 'round_3_sig_str_ground_1': '5 of 5', 'round_3_sig_str_ground_2': '1 of 2'}","{'round_4_sig_str_head_1': '', 'round_4_sig_str_head_2': '', 'round_4_sig_str_body_1': '', 'round_4_sig_str_body_2': '', 'round_4_sig_str_leg_1': '15 of 28', 'round_4_sig_str_leg_2': '28 of 49', 'round_4_sig_str_dist_1': '53%', 'round_4_sig_str_dist_2': '57%', 'round_4_sig_str_clinch_1': '7 of 19', 'round_4_sig_str_clinch_2': '24 of 43', 'round_4_sig_str_ground_1': '5 of 5', 'round_4_sig_str_ground_2': '1 of 2'}","{'round_5_sig_str_head_1': '', 'round_5_sig_str_head_2': '', 'round_5_sig_str_body_1': '', 'round_5_sig_str_body_2': '', 'round_5_sig_str_leg_1': '15 of 28', 'round_5_sig_str_leg_2': '28 of 49', 'round_5_sig_str_dist_1': '53%', 'round_5_sig_str_dist_2': '57%', 'round_5_sig_str_clinch_1': '7 of 19', 'round_5_sig_str_clinch_2': '24 of 43', 'round_5_sig_str_ground_1': '5 of 5', 'round_5_sig_str_ground_2': '1 of 2'}",,,,,,,,,,,,,,,,,,
http://ufcstats.com/fight-details/1ada4b9ee5810e0f,"March 01, 2025","Las Vegas, Nevada, USA",L,Andrea Lee,"""KGB""",W,JJ Aldrich,,Women's Flyweight Bout,Decision - Unanimous,,,,,Sal D'amato 27 - 30. Junichiro Kamijo 27 - 30. Ron McCarthy 28 - 29.,,,,,0,0,53 of 175,74 of 137,30%,54%,66 of 192,77 of 142,1 of 4,2 of 3,25%,66%,1,0,,,,,,,,,,,,,,,,,,,,,,,0,0,18 of 57,21 of 43,31%,48%,18 of 57,23 of 45,0 of 1,1 of 1,0%,100%,0,0,,,,,0,0,15 of 58,25 of 46,25%,54%,18 of 61,25 of 47,0 of 1,0 of 0,0%,---,0,0,,,,,0,0,20 of 60,28 of 48,33%,58%,30 of 74,29 of 50,1 of 2,1 of 2,50%,50%,1,0,,,,,,,,,,,,,,,,,,,,,,,,,,,,,,,,,,,,,,,,,,,,,,,,,,,,,,,,,,,,,,,,,,,,,,,,,,,,,,,,,,,,,,,,,,,0,0,53 of 175,74 of 137,30%,54%,66 of 192,77 of 142,1 of 4,2 of 3,25%,66%,"{'round_1_sig_str_head_1': '', 'round_1_sig_str_head_2': '', 'round_1_sig_str_body_1': '', 'round_1_sig_str_body_2': '', 'round_1_sig_str_leg_1': '18 of 57', 'round_1_sig_str_leg_2': '21 of 43', 'round_1_sig_str_dist_1': '31%', 'round_1_sig_str_dist_2': '48%', 'round_1_sig_str_clinch_1': '1 of 32', 'round_1_sig_str_clinch_2': '14 of 34', 'round_1_sig_str_ground_1': '8 of 12', 'round_1_sig_str_ground_2': '2 of 4'}","{'round_2_sig_str_head_1': '', 'round_2_sig_str_head_2': '', 'round_2_sig_str_body_1': '', 'round_2_sig_str_body_2': '', 'round_2_sig_str_leg_1': '18 of 57', 'round_2_sig_str_leg_2': '21 of 43', 'round_2_sig_str_dist_1': '31%', 'round_2_sig_str_dist_2': '48%', 'round_2_sig_str_clinch_1': '1 of 32', 'round_2_sig_str_clinch_2': '14 of 34', 'round_2_sig_str_ground_1': '8 of 12', 'round_2_sig_str_ground_2': '2 of 4'}","{'round_3_sig_str_head_1': '', 'round_3_sig_str_head_2': '', 'round_3_sig_str_body_1': '', 'round_3_sig_str_body_2': '', 'round_3_sig_str_leg_1': '18 of 57', 'round_3_sig_str_leg_2': '21 of 43', 'round_3_sig_str_dist_1': '31%', 'round_3_sig_str_dist_2': '48%', 'round_3_sig_str_clinch_1': '1 of 32', 'round_3_sig_str_clinch_2': '14 of 34', 'round_3_sig_str_ground_1': '8 of 12', 'round_3_sig_str_ground_2': '2 of 4'}","{'round_4_sig_str_head_1': '', 'round_4_sig_str_head_2': '', 'round_4_sig_str_body_1': '', 'round_4_sig_str_body_2': '', 'round_4_sig_str_leg_1': '18 of 57', 'round_4_sig_str_leg_2': '21 of 43', 'round_4_sig_str_dist_1': '31%', 'round_4_sig_str_dist_2': '48%', 'round_4_sig_str_clinch_1': '1 of 32', 'round_4_sig_str_clinch_2': '14 of 34', 'round_4_sig_str_ground_1': '8 of 12', 'round_4_sig_str_ground_2': '2 of 4'}","{'round_5_sig_str_head_1': '', 'round_5_sig_str_head_2': '', 'round_5_sig_str_body_1': '', 'round_5_sig_str_body_2': '', 'round_5_sig_str_leg_1': '18 of 57', 'round_5_sig_str_leg_2': '21 of 43', 'round_5_sig_str_dist_1': '31%', 'round_5_sig_str_dist_2': '48%', 'round_5_sig_str_clinch_1': '1 of 32', 'round_5_sig_str_clinch_2': '14 of 34', 'round_5_sig_str_ground_1': '8 of 12', 'round_5_sig_str_ground_2': '2 of 4'}",,,,,,,,,,,,,,,,,,
http://ufcstats.com/fight-details/9d8a37f130db13e5,"March 01, 2025","Las Vegas, Nevada, USA",W,Manel Kape,"""StarBoy""",L,Asu Almabayev,"""Zulfikar""",,KO/TKO,,,,,Punches to Head At Distance,,,,,0,0,61 of 115,40 of 80,53%,50%,62 of 119,40 of 81,0 of 1,0 of 6,0%,0%,0,0,,,,,,,,,,,,,,,,,,,,,,,0,0,19 of 40,14 of 28,47%,50%,20 of 43,14 of 28,0 of 0,0 of 1,---,0%,0,0,,,,,0,0,14 of 27,18 of 40,51%,45%,14 of 28,18 of 40,0 of 1,0 of 1,0%,0%,0,0,,,,,0,0,28 of 48,8 of 12,58%,66%,28 of 48,8 of 13,0 of 0,0 of 4,---,0%,0,0,,,,,,,,,,,,,,,,,,,,,,,,,,,,,,,,,,,,,,,,,,,,,,,,,,,,,,,,,,,,,,,,,,,,,,,,,,,,,,,,,,,,,,,,,,,0,0,61 of 115,40 of 80,53%,50%,62 of 119,40 of 81,0 of 1,0 of 6,0%,0%,"{'round_1_sig_str_head_1': '', 'round_1_sig_str_head_2': '', 'round_1_sig_str_body_1': '', 'round_1_sig_str_body_2': '', 'round_1_sig_str_leg_1': '19 of 40', 'round_1_sig_str_leg_2': '14 of 28', 'round_1_sig_str_dist_1': '47%', 'round_1_sig_str_dist_2': '50%', 'round_1_sig_str_clinch_1': '15 of 33', 'round_1_sig_str_clinch_2': '7 of 20', 'round_1_sig_str_ground_1': '3 of 6', 'round_1_sig_str_ground_2': '6 of 7'}","{'round_2_sig_str_head_1': '', 'round_2_sig_str_head_2': '', 'round_2_sig_str_body_1': '', 'round_2_sig_str_body_2': '', 'round_2_sig_str_leg_1': '19 of 40', 'round_2_sig_str_leg_2': '14 of 28', 'round_2_sig_str_dist_1': '47%', 'round_2_sig_str_dist_2': '50%', 'round_2_sig_str_clinch_1': '15 of 33', 'round_2_sig_str_clinch_2': '7 of 20', 'round_2_sig_str_ground_1': '3 of 6', 'round_2_sig_str_ground_2': '6 of 7'}","{'round_3_sig_str_head_1': '', 'round_3_sig_str_head_2': '', 'round_3_sig_str_body_1': '', 'round_3_sig_str_body_2': '', 'round_3_sig_str_leg_1': '19 of 40', 'round_3_sig_str_leg_2': '14 of 28', 'round_3_sig_str_dist_1': '47%', 'round_3_sig_str_dist_2': '50%', 'round_3_sig_str_clinch_1': '15 of 33', 'round_3_sig_str_clinch_2': '7 of 20', 'round_3_sig_str_ground_1': '3 of 6', 'round_3_sig_str_ground_2': '6 of 7'}","{'round_4_sig_str_head_1': '', 'round_4_sig_str_head_2': '', 'round_4_sig_str_body_1': '', 'round_4_sig_str_body_2': '', 'round_4_sig_str_leg_1': '19 of 40', 'round_4_sig_str_leg_2': '14 of 28', 'round_4_sig_str_dist_1': '47%', 'round_4_sig_str_dist_2': '50%', 'round_4_sig_str_clinch_1': '15 of 33', 'round_4_sig_str_clinch_2': '7 of 20', 'round_4_sig_str_ground_1': '3 of 6', 'round_4_sig_str_ground_2': '6 of 7'}","{'round_5_sig_str_head_1': '', 'round_5_sig_str_head_2': '', 'round_5_sig_str_body_1': '', 'round_5_sig_str_body_2': '', 'round_5_sig_str_leg_1': '19 of 40', 'round_5_sig_str_leg_2': '14 of 28', 'round_5_sig_str_dist_1': '47%', 'round_5_sig_str_dist_2': '50%', 'round_5_sig_str_clinch_1': '15 of 33', 'round_5_sig_str_clinch_2': '7 of 20', 'round_5_sig_str_ground_1': '3 of 6', 'round_5_sig_str_ground_2': '6 of 7'}",,,,,,,,,,,,,,,,,,
http://ufcstats.com/fight-details/061990783b9bdb36,"March 01, 2025","Las Vegas, Nevada, USA",W,Nasrat Haqparast,,L,Esteban Ribovics,"""El Gringo""",,Decision - Split,,,,,Mike Bell 28 - 29. Chris Lee 29 - 28. Sal D'amato 28 - 29.,,,,,0,0,135 of 273,147 of 433,49%,33%,135 of 273,149 of 436,1 of 5,0 of 0,20%,---,0,0,,,,,,,,,,,,,,,,,,,,,,,0,0,33 of 64,36 of 107,51%,33%,33 of 64,36 of 107,0 of 0,0 of 0,---,---,0,0,,,,,0,0,49 of 104,62 of 183,47%,33%,49 of 104,62 of 183,0 of 0,0 of 0,---,---,0,0,,,,,0,0,53 of 105,49 of 143,50%,34%,53 of 105,51 of 146,1 of 5,0 of 0,20%,---,0,0,,,,,,,,,,,,,,,,,,,,,,,,,,,,,,,,,,,,,,,,,,,,,,,,,,,,,,,,,,,,,,,,,,,,,,,,,,,,,,,,,,,,,,,,,,,0,0,135 of 273,147 of 433,49%,33%,135 of 273,149 of 436,1 of 5,0 of 0,20%,---,"{'round_1_sig_str_head_1': '', 'round_1_sig_str_head_2': '', 'round_1_sig_str_body_1': '', 'round_1_sig_str_body_2': '', 'round_1_sig_str_leg_1': '33 of 64', 'round_1_sig_str_leg_2': '36 of 107', 'round_1_sig_str_dist_1': '51%', 'round_1_sig_str_dist_2': '33%', 'round_1_sig_str_clinch_1': '21 of 50', 'round_1_sig_str_clinch_2': '28 of 94', 'round_1_sig_str_ground_1': '11 of 13', 'round_1_sig_str_ground_2': '3 of 7'}","{'round_2_sig_str_head_1': '', 'round_2_sig_str_head_2': '', 'round_2_sig_str_body_1': '', 'round_2_sig_str_body_2': '', 'round_2_sig_str_leg_1': '33 of 64', 'round_2_sig_str_leg_2': '36 of 107', 'round_2_sig_str_dist_1': '51%', 'round_2_sig_str_dist_2': '33%', 'round_2_sig_str_clinch_1': '21 of 50', 'round_2_sig_str_clinch_2': '28 of 94', 'round_2_sig_str_ground_1': '11 of 13', 'round_2_sig_str_ground_2': '3 of 7'}","{'round_3_sig_str_head_1': '', 'round_3_sig_str_head_2': '', 'round_3_sig_str_body_1': '', 'round_3_sig_str_body_2': '', 'round_3_sig_str_leg_1': '33 of 64', 'round_3_sig_str_leg_2': '36 of 107', 'round_3_sig_str_dist_1': '51%', 'round_3_sig_str_dist_2': '33%', 'round_3_sig_str_clinch_1': '21 of 50', 'round_3_sig_str_clinch_2': '28 of 94', 'round_3_sig_str_ground_1': '11 of 13', 'round_3_sig_str_ground_2': '3 of 7'}","{'round_4_sig_str_head_1': '', 'round_4_sig_str_head_2': '', 'round_4_sig_str_body_1': '', 'round_4_sig_str_body_2': '', 'round_4_sig_str_leg_1': '33 of 64', 'round_4_sig_str_leg_2': '36 of 107', 'round_4_sig_str_dist_1': '51%', 'round_4_sig_str_dist_2': '33%', 'round_4_sig_str_clinch_1': '21 of 50', 'round_4_sig_str_clinch_2': '28 of 94', 'round_4_sig_str_ground_1': '11 of 13', 'round_4_sig_str_ground_2': '3 of 7'}","{'round_5_sig_str_head_1': '', 'round_5_sig_str_head_2': '', 'round_5_sig_str_body_1': '', 'round_5_sig_str_body_2': '', 'round_5_sig_str_leg_1': '33 of 64', 'round_5_sig_str_leg_2': '36 of 107', 'round_5_sig_str_dist_1': '51%', 'round_5_sig_str_dist_2': '33%', 'round_5_sig_str_clinch_1': '21 of 50', 'round_5_sig_str_clinch_2': '28 of 94', 'round_5_sig_str_ground_1': '11 of 13', 'round_5_sig_str_ground_2': '3 of 7'}",,,,,,,,,,,,,,,,,,
http://ufcstats.com/fight-details/0dfdc94c1da32e20,"March 01, 2025","Las Vegas, Nevada, USA",W,Hyder Amil,"""The Hurricane""",L,William Gomis,"""Jaguar""",Featherweight Bout,Decision - Split,,,,,Mike Bell 28 - 29. Anthony Maness 29 - 28. Ron McCarthy 28 - 29.,,,,,0,0,115 of 202,101 of 187,56%,54%,164 of 262,116 of 205,1 of 6,0 of 3,16%,0%,0,0,,,,,,,,,,,,,,,,,,,,,,,0,0,18 of 38,19 of 46,47%,41%,31 of 56,33 of 62,0 of 2,0 of 2,0%,0%,0,0,,,,,0,0,45 of 78,48 of 70,57%,68%,55 of 89,49 of 71,0 of 2,0 of 0,0%,---,0,0,,,,,0,0,52 of 86,34 of 71,60%,47%,78 of 117,34 of 72,1 of 2,0 of 1,50%,0%,0,0,,,,,,,,,,,,,,,,,,,,,,,,,,,,,,,,,,,,,,,,,,,,,,,,,,,,,,,,,,,,,,,,,,,,,,,,,,,,,,,,,,,,,,,,,,,0,0,115 of 202,101 of 187,56%,54%,164 of 262,116 of 205,1 of 6,0 of 3,16%,0%,"{'round_1_sig_str_head_1': '', 'round_1_sig_str_head_2': '', 'round_1_sig_str_body_1': '', 'round_1_sig_str_body_2': '', 'round_1_sig_str_leg_1': '18 of 38', 'round_1_sig_str_leg_2': '19 of 46', 'round_1_sig_str_dist_1': '47%', 'round_1_sig_str_dist_2': '41%', 'round_1_sig_str_clinch_1': '8 of 25', 'round_1_sig_str_clinch_2': '8 of 28', 'round_1_sig_str_ground_1': '7 of 9', 'round_1_sig_str_ground_2': '8 of 15'}","{'round_2_sig_str_head_1': '', 'round_2_sig_str_head_2': '', 'round_2_sig_str_body_1': '', 'round_2_sig_str_body_2': '', 'round_2_sig_str_leg_1': '18 of 38', 'round_2_sig_str_leg_2': '19 of 46', 'round_2_sig_str_dist_1': '47%', 'round_2_sig_str_dist_2': '41%', 'round_2_sig_str_clinch_1': '8 of 25', 'round_2_sig_str_clinch_2': '8 of 28', 'round_2_sig_str_ground_1': '7 of 9', 'round_2_sig_str_ground_2': '8 of 15'}","{'round_3_sig_str_head_1': '', 'round_3_sig_str_head_2': '', 'round_3_sig_str_body_1': '', 'round_3_sig_str_body_2': '', 'round_3_sig_str_leg_1': '18 of 38', 'round_3_sig_str_leg_2': '19 of 46', 'round_3_sig_str_dist_1': '47%', 'round_3_sig_str_dist_2': '41%', 'round_3_sig_str_clinch_1': '8 of 25', 'round_3_sig_str_clinch_2': '8 of 28', 'round_3_sig_str_ground_1': '7 of 9', 'round_3_sig_str_ground_2': '8 of 15'}","{'round_4_sig_str_head_1': '', 'round_4_sig_str_head_2': '', 'round_4_sig_str_body_1': '', 'round_4_sig_str_body_2': '', 'round_4_sig_str_leg_1': '18 of 38', 'round_4_sig_str_leg_2': '19 of 46', 'round_4_sig_str_dist_1': '47%', 'round_4_sig_str_dist_2': '41%', 'round_4_sig_str_clinch_1': '8 of 25', 'round_4_sig_str_clinch_2': '8 of 28', 'round_4_sig_str_ground_1': '7 of 9', 'round_4_sig_str_ground_2': '8 of 15'}","{'round_5_sig_str_head_1': '', 'round_5_sig_str_head_2': '', 'round_5_sig_str_body_1': '', 'round_5_sig_str_body_2': '', 'round_5_sig_str_leg_1': '18 of 38', 'round_5_sig_str_leg_2': '19 of 46', 'round_5_sig_str_dist_1': '47%', 'round_5_sig_str_dist_2': '41%', 'round_5_sig_str_clinch_1': '8 of 25', 'round_5_sig_str_clinch_2': '8 of 28', 'round_5_sig_str_ground_1': '7 of 9', 'round_5_sig_str_ground_2': '8 of 15'}",,,,,,,,,,,,,,,,,,
http://ufcstats.com/fight-details/d6c3b730dc9f21a5,"March 01, 2025","Las Vegas, Nevada, USA",L,Danny Barlow,"""LeftHand2God""",W,Sam Patterson,,Welterweight Bout,KO/TKO,,,,,Punch to Head At Distance,,,,,0,1,15 of 30,18 of 34,50%,52%,15 of 30,18 of 34,0 of 0,0 of 0,---,---,0,0,,,,,,,,,,,,,,,,,,,,,,,0,1,15 of 30,18 of 34,50%,52%,15 of 30,18 of 34,0 of 0,0 of 0,---,---,0,0,,,,,,,,,,,,,,,,,,,,,,,,,,,,,,,,,,,,,,,,,,,,,,,,,,,,,,,,,,,,,,,,,,,,,,,,,,,,,,,,,,,,,,,,,,,,,,,,,,,,,,,,,,,,,,,,,,,,,,,,,,,,,,,0,1,15 of 30,18 of 34,50%,52%,15 of 30,18 of 34,0 of 0,0 of 0,---,---,"{'round_1_sig_str_head_1': '', 'round_1_sig_str_head_2': '', 'round_1_sig_str_body_1': '', 'round_1_sig_str_body_2': '', 'round_1_sig_str_leg_1': '15 of 30', 'round_1_sig_str_leg_2': '18 of 34', 'round_1_sig_str_dist_1': '50%', 'round_1_sig_str_dist_2': '52%', 'round_1_sig_str_clinch_1': '10 of 23', 'round_1_sig_str_clinch_2': '14 of 28', 'round_1_sig_str_ground_1': '2 of 3', 'round_1_sig_str_ground_2': '4 of 6'}","{'round_2_sig_str_head_1': '', 'round_2_sig_str_head_2': '', 'round_2_sig_str_body_1': '', 'round_2_sig_str_body_2': '', 'round_2_sig_str_leg_1': '15 of 30', 'round_2_sig_str_leg_2': '18 of 34', 'round_2_sig_str_dist_1': '50%', 'round_2_sig_str_dist_2': '52%', 'round_2_sig_str_clinch_1': '10 of 23', 'round_2_sig_str_clinch_2': '14 of 28', 'round_2_sig_str_ground_1': '2 of 3', 'round_2_sig_str_ground_2': '4 of 6'}","{'round_3_sig_str_head_1': '', 'round_3_sig_str_head_2': '', 'round_3_sig_str_body_1': '', 'round_3_sig_str_body_2': '', 'round_3_sig_str_leg_1': '15 of 30', 'round_3_sig_str_leg_2': '18 of 34', 'round_3_sig_str_dist_1': '50%', 'round_3_sig_str_dist_2': '52%', 'round_3_sig_str_clinch_1': '10 of 23', 'round_3_sig_str_clinch_2': '14 of 28', 'round_3_sig_str_ground_1': '2 of 3', 'round_3_sig_str_ground_2': '4 of 6'}","{'round_4_sig_str_head_1': '', 'round_4_sig_str_head_2': '', 'round_4_sig_str_body_1': '', 'round_4_sig_str_body_2': '', 'round_4_sig_str_leg_1': '15 of 30', 'round_4_sig_str_leg_2': '18 of 34', 'round_4_sig_str_dist_1': '50%', 'round_4_sig_str_dist_2': '52%', 'round_4_sig_str_clinch_1': '10 of 23', 'round_4_sig_str_clinch_2': '14 of 28', 'round_4_sig_str_ground_1': '2 of 3', 'round_4_sig_str_ground_2': '4 of 6'}","{'round_5_sig_str_head_1': '', 'round_5_sig_str_head_2': '', 'round_5_sig_str_body_1': '', 'round_5_sig_str_body_2': '', 'round_5_sig_str_leg_1': '15 of 30', 'round_5_sig_str_leg_2': '18 of 34', 'round_5_sig_str_dist_1': '50%', 'round_5_sig_str_dist_2': '52%', 'round_5_sig_str_clinch_1': '10 of 23', 'round_5_sig_str_clinch_2': '14 of 28', 'round_5_sig_str_ground_1': '2 of 3', 'round_5_sig_str_ground_2': '4 of 6'}",,,,,,,,,,,,,,,,,,
http://ufcstats.com/fight-details/6bdf0756fb57aced,"March 01, 2025","Las Vegas, Nevada, USA",W,Cody Brundage,,L,Julian Marquez,"""The Cuban Missile Crisis""",Middleweight Bout,KO/TKO,,,,,Punches to Head On Ground,,,,,1,0,44 of 79,37 of 73,55%,50%,68 of 106,53 of 96,0 of 1,0 of 0,0%,---,0,1,,,,,,,,,,,,,,,,,,,,,,,1,0,44 of 79,37 of 73,55%,50%,68 of 106,53 of 96,0 of 1,0 of 0,0%,---,0,1,,,,,,,,,,,,,,,,,,,,,,,,,,,,,,,,,,,,,,,,,,,,,,,,,,,,,,,,,,,,,,,,,,,,,,,,,,,,,,,,,,,,,,,,,,,,,,,,,,,,,,,,,,,,,,,,,,,,,,,,,,,,,,,1,0,44 of 79,37 of 73,55%,50%,68 of 106,53 of 96,0 of 1,0 of 0,0%,---,"{'round_1_sig_str_head_1': '', 'round_1_sig_str_head_2': '', 'round_1_sig_str_body_1': '', 'round_1_sig_str_body_2': '', 'round_1_sig_str_leg_1': '44 of 79', 'round_1_sig_str_leg_2': '37 of 73', 'round_1_sig_str_dist_1': '55%', 'round_1_sig_str_dist_2': '50%', 'round_1_sig_str_clinch_1': '39 of 71', 'round_1_sig_str_clinch_2': '31 of 64', 'round_1_sig_str_ground_1': '1 of 2', 'round_1_sig_str_ground_2': '5 of 8'}","{'round_2_sig_str_head_1': '', 'round_2_sig_str_head_2': '', 'round_2_sig_str_body_1': '', 'round_2_sig_str_body_2': '', 'round_2_sig_str_leg_1': '44 of 79', 'round_2_sig_str_leg_2': '37 of 73', 'round_2_sig_str_dist_1': '55%', 'round_2_sig_str_dist_2': '50%', 'round_2_sig_str_clinch_1': '39 of 71', 'round_2_sig_str_clinch_2': '31 of 64', 'round_2_sig_str_ground_1': '1 of 2', 'round_2_sig_str_ground_2': '5 of 8'}","{'round_3_sig_str_head_1': '', 'round_3_sig_str_head_2': '', 'round_3_sig_str_body_1': '', 'round_3_sig_str_body_2': '', 'round_3_sig_str_leg_1': '44 of 79', 'round_3_sig_str_leg_2': '37 of 73', 'round_3_sig_str_dist_1': '55%', 'round_3_sig_str_dist_2': '50%', 'round_3_sig_str_clinch_1': '39 of 71', 'round_3_sig_str_clinch_2': '31 of 64', 'round_3_sig_str_ground_1': '1 of 2', 'round_3_sig_str_ground_2': '5 of 8'}","{'round_4_sig_str_head_1': '', 'round_4_sig_str_head_2': '', 'round_4_sig_str_body_1': '', 'round_4_sig_str_body_2': '', 'round_4_sig_str_leg_1': '44 of 79', 'round_4_sig_str_leg_2': '37 of 73', 'round_4_sig_str_dist_1': '55%', 'round_4_sig_str_dist_2': '50%', 'round_4_sig_str_clinch_1': '39 of 71', 'round_4_sig_str_clinch_2': '31 of 64', 'round_4_sig_str_ground_1': '1 of 2', 'round_4_sig_str_ground_2': '5 of 8'}","{'round_5_sig_str_head_1': '', 'round_5_sig_str_head_2': '', 'round_5_sig_str_body_1': '', 'round_5_sig_str_body_2': '', 'round_5_sig_str_leg_1': '44 of 79', 'round_5_sig_str_leg_2': '37 of 73', 'round_5_sig_str_dist_1': '55%', 'round_5_sig_str_dist_2': '50%', 'round_5_sig_str_clinch_1': '39 of 71', 'round_5_sig_str_clinch_2': '31 of 64', 'round_5_sig_str_ground_1': '1 of 2', 'round_5_sig_str_ground_2': '5 of 8'}",,,,,,,,,,,,,,,,,,
